score;segment;navn;orgnr;orgform;kanal;epost;telefon;hjemmeside;adresse;postnr;poststed;kommune;ansatte;naeringskode;registrert;formaal;score_grunnlag
95;eiendom;IL TAKST AS;871055912;AS;e-post/telefon;post@iltakst.no;46 63 33 80;www.iltakst.no;Stallbakken 1;3675;NOTODDEN;NOTODDEN;8;68.320 Eiendomsforvaltning på oppdrag;1995-02-19;Taksering av eiendommer, skader m.m.  ;skade/forsikring i formål + 8 ansatte + eiendom i formål + AS (e-post lovlig) + e-post i registeret + hjemmeside
95;eiendom;TAKST VEST AS;922602565;AS;e-post/telefon;post@takstvest.no;900 71 537;www.takstvest.no;Parkvegen 5;6856;SOGNDAL;SOGNDAL;5;74.990 All annen faglig, vitenskapelig og teknisk virksomhet ikke nevnt annet sted;2019-04-08;Taksering av eiendom, ta oppdrag fra private, selskaper og forsikringsselskaper, deltakelse i andre selskaper, samt hva som står i forbindelse.;skade/forsikring i formål + 5 ansatte + eiendom i formål + AS (e-post lovlig) + e-post i registeret + hjemmeside
95;eiendom;TAKSTOPPDRAG AS;994820281;AS;e-post/telefon;trond@takstoppdrag.no;92667005;www.takstoppdrag.no;Vallaskaret 32;5227;NESTTUN;BERGEN;5;68.320 Eiendomsforvaltning på oppdrag;2009-11-26;Boligtaksering, skadetaksering, utarbeidelse av boligsalgsrapporter og salg av konsulenttjenester i forbindelse med dette.;skade/forsikring i formål + 5 ansatte + eiendom i formål + AS (e-post lovlig) + e-post i registeret + hjemmeside
90;eiendom;NORDFJORD TAKST CONSULTING AS;813059282;AS;e-post/telefon;jon.aage@riksfjord.com;450 56 603;;Sjøgata 4A;6770;NORDFJORDEID;STAD;10;74.990 All annen faglig, vitenskapelig og teknisk virksomhet ikke nevnt annet sted;2014-01-13;Verditaksering av ulike typer eiendommer, skadetaksering, løsøretaksering, thermografering, prosjektering, prosjektstyring og byggeledelse. Investere i andre selskap med økonomisk formål.;skade/forsikring i formål + 10 ansatte + eiendom i formål + AS (e-post lovlig) + e-post i registeret
85;eiendom;RYGJA TAKST AS;934146239;AS;e-post/telefon;;;;Gjesdalbakken 11;4306;SANDNES;SANDNES;5;74.990 All annen faglig, vitenskapelig og teknisk virksomhet ikke nevnt annet sted;2024-09-23;Skadetaksering i forbindelse med forsikringsoppgjør. Tilstandsvurdering og verdivurdering i forbindelse med boligsalg.;skade/forsikring i formål + 5 ansatte + eiendom i formål + AS (e-post lovlig)
85;eiendom;TAKST-GRUPPEN AS;998610931;AS;e-post/telefon;post@takst-gruppen.no;971 86 249;www.takst-gruppen.no;Welhavens vei 9;4319;SANDNES;SANDNES;5;68.320 Eiendomsforvaltning på oppdrag;2012-07-11;Verdi- og skadetaksering, konsulentarbeid og annet som naturlig faller sammen med dette.;skade/forsikring i formål + 5 ansatte + AS (e-post lovlig) + e-post i registeret + hjemmeside
80;eiendom;TAKSTFORUM NORD AS;980410854;AS;e-post/telefon;post@takstforumnord.no;75 50 06 10;;Olav V gate 96B;8004;BODØ;BODØ;5;74.990 All annen faglig, vitenskapelig og teknisk virksomhet ikke nevnt annet sted;1999-01-29;Takstforretning, taksering av skader og verdivurdering av eiendeler og andre konsulentoppgaver.;skade/forsikring i formål + 5 ansatte + AS (e-post lovlig) + e-post i registeret
75;eiendom;TAKSTKJEDEN AS;926080253;AS;e-post/telefon;;;;Storgaten 81B;3060;SVELVIK;DRAMMEN;7;74.990 All annen faglig, vitenskapelig og teknisk virksomhet ikke nevnt annet sted;2020-12-02;Taksering av skader på bygninger og eiendeler.;skade/forsikring i formål + 7 ansatte + AS (e-post lovlig)
70;eiendom;DIN TAKST AS;997345703;AS;e-post/telefon;brede@dintakst.no;99567766;www.dintakst.no;Nedre Rælingsveg 622;2009;NORDBY;RÆLINGEN;0;68.320 Eiendomsforvaltning på oppdrag;2011-09-15;Taksering av fast eiendom og taksering av skade på fast eiendom.;skade/forsikring i formål + eiendom i formål + AS (e-post lovlig) + e-post i registeret + hjemmeside
70;eiendom;FALCK TAKST AS;995343185;AS;e-post/telefon;ricky@falck-takst.no;971 20 752;www.falck-takst.no;O.J. Brochs gate 16A;5006;BERGEN;BERGEN;0;68.320 Eiendomsforvaltning på oppdrag;2010-03-27;Alt innen bygg og boligtaksering (verdi, skade, skjønn, konsulent, kontroll). Salg av varer og tjenester som tilhører tittel Murmester bedrift.;skade/forsikring i formål + eiendom i formål + AS (e-post lovlig) + e-post i registeret + hjemmeside
70;eiendom;FOLLO TAKST AS;998075572;AS;e-post/telefon;morten@follo-takst.no;957 81 845;www.follo-takst.no;Austliveien 8B;1423;SKI;NORDRE FOLLO;0;74.990 All annen faglig, vitenskapelig og teknisk virksomhet ikke nevnt annet sted;2012-03-10;"Takst og konsulentvirksomhet innen bygg og eiendom; skade og verditaksering, boligsalgsrapporter, naturskader samt uavhengig byggteknisk kontrollvirksomhet, og oppføring av bygg, og andre tjenester og produkter som naturlig faller sammen med dette.";skade/forsikring i formål + eiendom i formål + AS (e-post lovlig) + e-post i registeret + hjemmeside
70;eiendom;HOVE TAKSERING AS;936994326;AS;e-post/telefon;post@hovetaksering.no;414 01 080;www.hovetaksering.no;Helgeplasset 15;5148;FYLLINGSDALEN;BERGEN;;68.320 Eiendomsforvaltning på oppdrag;2026-01-19;Tilstandsanalyse av bolig, verditaksering av bolig, skade taksering, Teknisk taksering av bolig, Rådgivning innen bygg. Utførelse av mindre byggeoppdrag.;skade/forsikring i formål + eiendom i formål + AS (e-post lovlig) + e-post i registeret + hjemmeside
70;eiendom;TAKSTFABRIKKEN AS;915146678;AS;e-post/telefon;post@takstfabrikken.no;76 92 81 00;www.takstfabrikken.no;SIVA II, Bjørkåsveien 20B;8540;BALLANGEN;NARVIK;0;71.121 Byggeteknisk konsulentvirksomhet;2015-03-24;Taksering fast eiendom, skade, kontroll, konsulenttjenester, bygg- og tømrermester, tjenester innen bygg og andre tjenester/produkter som naturlig faller sammen med dette, herunder å delta i andre selskaper med lignende virksomhet, kjøp og salg av aksjer, eller på annen måte gjøre seg interessert i andre foretagender.;skade/forsikring i formål + eiendom i formål + AS (e-post lovlig) + e-post i registeret + hjemmeside
70;eiendom;TRONDHEIM TAKST AS;913410793;AS;e-post/telefon;srskretting@hotmail.com;932 67 227;www.trondheimtakst.no;Reitanveien 14;7510;SKATVAL;STJØRDAL;;68.320 Eiendomsforvaltning på oppdrag;2014-04-09;Takst av alt innenfor eiendom, skade, næring. Rapportering, bygg og anleggsrelatert virksomhet.;skade/forsikring i formål + eiendom i formål + AS (e-post lovlig) + e-post i registeret + hjemmeside
65;eiendom;BIRKELAND TAKSERING AS;980590666;AS;e-post/telefon;roger.birkeland@mimer.no;901 34 242;;Breivikvegen 145;6014;ÅLESUND;ÅLESUND;0;68.320 Eiendomsforvaltning på oppdrag;1999-04-13;Verditaksering av tomt-, bolig- og næringseiendom. Skadetaksering og skjønn. Entreprenørvirksomhet innen glass-, tre- og vedlikeholdsarbeid og kjøp og salg av tilhørende produkter, samt ved aksjetegning eller på annen måte deltagelse i andre selskaper.;skade/forsikring i formål + eiendom i formål + AS (e-post lovlig) + e-post i registeret
65;eiendom;BK TAKST OG EIENDOMS SERVICE AS;897404672;AS;e-post/telefon;berntern@mac.com;920 36 545;;Thomas Heftyes gate 56A;0267;OSLO;OSLO;;68.320 Eiendomsforvaltning på oppdrag;2011-10-03;Taksering av bygg og anlegg, taksering av bygningsmessige skader, byggeledelse og byggeteknisk rådgivning.;skade/forsikring i formål + eiendom i formål + AS (e-post lovlig) + e-post i registeret
65;eiendom;GS BYGG OG TAKST AS;989824600;AS;e-post/telefon;gunnarseltveit@hotmail.com;97 16 82 03;;Verketvegen 12;3882;ÅMDALS VERK;TOKKE;;41.000 Oppføring av bygninger;2006-05-19;Oppføring og vedlikehold av bygg og anlegg, bygging av stålbygg herunder næringsbygg, offentlige bygg og boliger og import av byggematerialer samt annen virksomhet som måtte falle naturlig sammen med dette. Annen virksomhet er bygg- og skadetaksering.;skade/forsikring i formål + eiendom i formål + AS (e-post lovlig) + e-post i registeret
65;eiendom;M2 TAKSERING AS;911548860;AS;e-post/telefon;;;www.m2taksering.no;Ropernveien 15D;1367;SNARØYA;BÆRUM;;68.320 Eiendomsforvaltning på oppdrag;2013-02-11;Taksering av næring- og boligbygg samt taksering av skader og opptre som skjønnsmann.;skade/forsikring i formål + eiendom i formål + AS (e-post lovlig) + hjemmeside
65;eiendom;NAMDAL BOLIG OG TAKST AS;980380394;AS;e-post/telefon;kurt.lindseth@boligpartner.no;952 42 823;;Lensmann Havigs gate 2D;7800;NAMSOS;NAMSOS;0;68.110 Kjøp og salg av egen fast eiendom;1999-02-18;Utvikling/rådgiving og salg av nye boliger, hytter og flermannsboliger. Tjenester innen taksering av bygningsskader, tilstandsrapporter og beslektede tjenester for private, megler og forsikringsbransjen.;skade/forsikring i formål + eiendom i formål + AS (e-post lovlig) + e-post i registeret
65;eiendom;OSLO BYGG OG TAKSERING AS;926809857;AS;e-post/telefon;oslobyggogtaksering@gmail.com;;;Operagata 9;0194;OSLO;OSLO;0;41.000 Oppføring av bygninger;2021-03-17;Håndverkertjenester og taksering. Oppføring av nye boliger og næringsbygg, diverse rehabilitering/renoverings arbeider, bad, kjøkken, piper og ildsteder. Pluss verditakst , tilstandsrapport av boliger og skadetakt.;skade/forsikring i formål + eiendom i formål + AS (e-post lovlig) + e-post i registeret
65;eiendom;OSLO TAKSTKONTOR AS;914773059;AS;e-post/telefon;;;www.oslo-takst.no;Hauketoveien 3B;1266;OSLO;OSLO;;71.121 Byggeteknisk konsulentvirksomhet;2015-01-09;Tjenesteyting, servicetilbyder og kontorfellesskap for byggmestre og takstmenn. Herunder tekniske tilstandsanalyser, verditaksering, skattetaksering, skadetaksering og annet som er relevant for bransjen.;skade/forsikring i formål + eiendom i formål + AS (e-post lovlig) + hjemmeside
65;eiendom;TAKST & BYGGKONTROLL AS;821130972;AS;e-post/telefon;post@takstogbyggkontroll.no;;;Storgata 28;9008;TROMSØ;TROMSØ;0;74.990 All annen faglig, vitenskapelig og teknisk virksomhet ikke nevnt annet sted;2018-07-06;Takseringsvirksomhet, byggekonsulent tjenester og andre produkter som naturlig faller sammen med dette. Selskapet skal også kunne foreta kapitalplasseringer i andre selskap, fond og i eiendom. Takseringstjenester innen bygg og eiendom, skadetaksering, byggekontroll, byggekonsulent, verdi- og lånetakster, verdivurderinger, reklamasjonsrapporter, eierskifterapporter, tilstandsrapporter, skjønn, naturskade, uavhengig kontroll, bistand, overtakelsesforretning, 1-års befaringer, bad/våtrom mv., samt investering i næringsvirksomhet, eiendom, herunder aksjer og andeler, samt deltagelse i andre selskaper med lignende virksomhet og annet som naturlig faller sammen med dette.;skade/forsikring i formål + eiendom i formål + AS (e-post lovlig) + e-post i registeret
65;eiendom;TAKST & TØMRERMESTER S.KRAFT AS;995188848;AS;e-post/telefon;stiankraft@hotmail.com;93 43 26 44;;Hansemyrveien 28B;0880;OSLO;OSLO;;68.320 Eiendomsforvaltning på oppdrag;2010-02-17;Verditakstering, tilstandsanalyse, boligsalgsrapport, skadetakstering ved skjønn, innbo og løsøre, næringstakst, byggledelse, nybygg, tilbygg og rehabilitering innenfor bygg- og anleggsbransjen, samt alt som naturlig faller inn under dette.;skade/forsikring i formål + eiendom i formål + AS (e-post lovlig) + e-post i registeret
65;eiendom;TAKSTFORUM VEST AS;988814415;AS;e-post/telefon;arthur.sundt@broadpark.no;;;Steinsvikskrenten 10;5237;RÅDAL;BERGEN;;68.320 Eiendomsforvaltning på oppdrag;2005-10-31;Å yte tjenester med taksering av eiendom, skade, skjønn og rådgivning, samt investering i og utvikling av fast eiendom og det som står i forbindelse med dette, samt deltagelse i andre selskaper.;skade/forsikring i formål + eiendom i formål + AS (e-post lovlig) + e-post i registeret
65;eiendom;TAKSTMANN HALVARD GODØ AS;915415105;AS;e-post/telefon;halvard@moretakst.no;473 06 811;;Ådalsvegen 41;6055;GODØYA;GISKE;0;68.320 Eiendomsforvaltning på oppdrag;2015-05-29;Taksering: verditaksering av fast eiendom, tilstandsrapportering av byggverk, skadetaksering, skjønn. Byggmestervirksomhet: oppføring av bygninger, leveranse og videresalg av byggevarer.;skade/forsikring i formål + eiendom i formål + AS (e-post lovlig) + e-post i registeret
65;eiendom;TAKSTMANN ØYVIND TJERVÅG AS;915495605;AS;e-post/telefon;oyvind@moretakst.no;934 80 761;;Tiggeteberget 1;6065;ULSTEINVIK;ULSTEIN;0;68.320 Eiendomsforvaltning på oppdrag;2015-06-10;Taksering av eiendommer, utarbeiding av boligsalgsrapporter, gjennomføring av skadetakseringer, reklamasjonsrapporter og konsulentvirksomhet innenfor disse områder. Tar også på seg snekkerjobber og vedlikehold av bygninger.;skade/forsikring i formål + eiendom i formål + AS (e-post lovlig) + e-post i registeret
65;eiendom;TEN TAKST & EIENDOM AS;926119052;AS;e-post/telefon;tenholding@online.no;454 37 268;;Fjellvegen 32;2053;JESSHEIM;ULLENSAKER;0;68.320 Eiendomsforvaltning på oppdrag;2020-12-08;Taksering av skader på hus og eiendom, samt det som herunder faller naturlig sammen.;skade/forsikring i formål + eiendom i formål + AS (e-post lovlig) + e-post i registeret
65;eiendom;TRIO TAKST AS;996952452;AS;e-post/telefon;skadetakst@live.no;906 47 212;;Stalsbergveien 16B;3128;NØTTERØY;FÆRDER;0;74.990 All annen faglig, vitenskapelig og teknisk virksomhet ikke nevnt annet sted;2011-05-31;Boligtakst, verdivurdering og skadetaksering på bygninger og eiendom. Tilbyr tilstandsrapport på bolig, fritidshus og eiendom. Rådgivning, utføring og kvalitetssikring av byggeprosesser.  ;skade/forsikring i formål + eiendom i formål + AS (e-post lovlig) + e-post i registeret
65;eiendom;VAKTIV TAKST - INNEKLIMA OG SIKKERHETSRÅDGIVNING AS;981330803;AS;e-post/telefon;vaktiv@online.no;909 21 210;;Morteskjær 29;1726;SARPSBORG;SARPSBORG;0;74.990 All annen faglig, vitenskapelig og teknisk virksomhet ikke nevnt annet sted;1999-12-10;Utbedringsarbeider vedr. bygninger og forsikringssaker. Taksering innen skade, reklamasjon, skjønn og naturskader. Forestå tilstandsanalyser. Termografi og inneklimamålinger. Forestår prøver av mugg, treødeleggende sopper, hussopper, skadeinsekter, fukt, radon, PCB og asbest. Utarbeidelse av rapporter i tilknytning til overnevnte. Salg av sikkerhetstjenester, produkter og installasjoner. Bygningstekniske reparasjoner. Utbedringstjeneste og nyoppføringer. Opplæring innen overnevnte fagområder. Forstå skadeoppgjør i forsikringssaker. Produksjon og distribusjon av musikk. Kjøp og salg av aksjer, eiendom.  ;skade/forsikring i formål + eiendom i formål + AS (e-post lovlig) + e-post i registeret
65;eiendom;AAA-TAKST AS;992162295;AS;e-post/telefon;;97773333;www.aaa-takst.no;Kilaveien 267;8186;TJONGSFJORDEN;RØDØY;0;74.990 All annen faglig, vitenskapelig og teknisk virksomhet ikke nevnt annet sted;2008-01-23;Taksering av verdi, skade, tilstand på fast eiendom og løsøre. I tillegg skal det også drives følgende virksomheter: Rådgivning, konsulenttjenester, undervisning, kurs innenfor bygg, anlegg, maritim, nautisk. Eierskap og drift av fast eiendom. Investering i verdipapirer. Kjøp, salg og import av byggevarer.;skade/forsikring i formål + eiendom i formål + AS (e-post lovlig) + hjemmeside
60;eiendom;A-TAKST SALTEN AS;929293908;AS;e-post/telefon;;;;Trålveien 56;8013;BODØ;BODØ;0;68.320 Eiendomsforvaltning på oppdrag;2022-06-02;Taksering av boliger, tilstandstaksering, skadetaksering og taksering av naturskade, byggeteknisk rådgiving. Investering i utstyr, selskaper og boliger, samt hva som naturlig hører inn under dette.;skade/forsikring i formål + eiendom i formål + AS (e-post lovlig)
60;eiendom;ABACUS TAKST AS;997606590;AS;e-post/telefon;;;;Stensjordvegen 9;2825;GJØVIK;GJØVIK;0;68.320 Eiendomsforvaltning på oppdrag;2011-12-13;Taksering av eiendom og skade samt all virksomhet som naturlig hører inn under dette.;skade/forsikring i formål + eiendom i formål + AS (e-post lovlig)
60;eiendom;AKTIV TAKST AS;831807172;AS;e-post/telefon;;;;Espeviklia 28;5560;NEDSTRAND;TYSVÆR;0;68.320 Eiendomsforvaltning på oppdrag;2023-08-01;Taksering av bolig og skader, rådgiver.;skade/forsikring i formål + eiendom i formål + AS (e-post lovlig)
60;eiendom;ALMANKAAS TAKST AS;996872092;AS;e-post/telefon;;;;Vestsideveien 3D;3403;LIER;LIER;0;74.990 All annen faglig, vitenskapelig og teknisk virksomhet ikke nevnt annet sted;2011-05-02;"Takst og konsulentvirksomhet innen bygg; skade og verditaksering, boligsalgsrapporter, naturskader og sjøn samt rehabilitering og oppføring av bygg.";skade/forsikring i formål + eiendom i formål + AS (e-post lovlig)
60;eiendom;AMUNDSEN TAKSERING;886272502;ENK;telefon/LinkedIn (ENK — ikke uanmodet e-post);arealtakst@online.no;907 17 000;www.arealtakst.no;Grimstadvegen 102;5252;SØREIDGREND;BERGEN;;68.320 Eiendomsforvaltning på oppdrag;2003-12-01;Taksering av fast eiendom og bygningsskade. Utleie av håndtverkertjenester.;skade/forsikring i formål + eiendom i formål + e-post i registeret + hjemmeside
60;eiendom;AMUNDSEN TAKST OG TILSTANDSANALYSE AS;930321419;AS;e-post/telefon;;;;Grønnsundbakken 27;1816;SKIPTVET;SKIPTVET;0;68.320 Eiendomsforvaltning på oppdrag;2022-11-28;Taksering av fast eiendom og skadetakst.;skade/forsikring i formål + eiendom i formål + AS (e-post lovlig)
60;eiendom;BJØRNHOM TAKST;998577411;ENK;telefon/LinkedIn (ENK — ikke uanmodet e-post);kenneth.bjornhom@gmail.no;93 43 64 56;www.bjornhomtakst.no;Dvergsneslia 10;4639;KRISTIANSAND S;KRISTIANSAND;;74.990 All annen faglig, vitenskapelig og teknisk virksomhet ikke nevnt annet sted;2012-07-03;Alt av takseringstjenester av bygninger og fast eiendom herunder skade-, reklamasjon-, verdi- og lånetakst. Konsulent og tjenester innen bygg- og anleggsbransjen herunder uavhengig bygningskontroll, tetthetsmålinger, byggelånsoppfølging og byggeledelse.;skade/forsikring i formål + eiendom i formål + e-post i registeret + hjemmeside
60;eiendom;BJØRNHOM TAKST AS;929425715;AS;e-post/telefon;;;;Dvergsneslia 10;4639;KRISTIANSAND S;KRISTIANSAND;0;74.990 All annen faglig, vitenskapelig og teknisk virksomhet ikke nevnt annet sted;2022-06-27;Taksering av eiendom, reklamasjonstaksering, skadetaksering, uavhengig kontroll av klimaskjerm på bolig og fuktsikring av våtrom. Bygningsregistrering i forbindelse med anleggsarbeid.;skade/forsikring i formål + eiendom i formål + AS (e-post lovlig)
60;eiendom;BODØ TAKST. AS;824705372;AS;e-post/telefon;;;;c/o Martin Fagerheim, Langåsveien 12;8010;BODØ;BODØ;;68.320 Eiendomsforvaltning på oppdrag;2020-03-05;Taksering av boliger, tomter, og skader. konsulenttjenester innen bygg og eiendom.;skade/forsikring i formål + eiendom i formål + AS (e-post lovlig)
60;eiendom;BORGEN TAKST AS;828693662;AS;e-post/telefon;;;;Nordfaret 4A;1484;HAKADAL;NITTEDAL;0;68.320 Eiendomsforvaltning på oppdrag;2022-02-07;Taksering av bolig. Tilstandsrapport / skade / verdi.;skade/forsikring i formål + eiendom i formål + AS (e-post lovlig)
60;eiendom;BVS TAKST AS;937665962;AS;e-post/telefon;;;;Dovregubben 1A;1535;MOSS;MOSS;;68.320 Eiendomsforvaltning på oppdrag;2026-05-06;Taksering av bolig og eiendom, tilstandsrapporter, verditakst, skadetakst og byggteknisk rådgivning.;skade/forsikring i formål + eiendom i formål + AS (e-post lovlig)
60;eiendom;BYGGMESTER OG TAKSTMANN ONKEL BANKE, TERJE JOHNSEN;926336681;ENK;telefon/LinkedIn (ENK — ikke uanmodet e-post);terje@onkelbanke.no;907 81 421;Onkelbanke.no;Huiveien 1;3133;DUKEN;FÆRDER;;71.121 Byggeteknisk konsulentvirksomhet;2021-01-08;Prosjektering, søknad,  og utførende og kontrollerende i bygg og anleggstiltakelse. Taksering, skadetakst, tilstansrapport, eierskifterapport og verditakst. Konsulenttjenester.;skade/forsikring i formål + eiendom i formål + e-post i registeret + hjemmeside
60;eiendom;DOKKEN TAKST AS;930798835;AS;e-post/telefon;;;;Vetlerudveien 25;3614;KONGSBERG;KONGSBERG;0;68.320 Eiendomsforvaltning på oppdrag;2023-02-09;Taksering av boligeiendom, fritidseiendom og næringseiendom, samt taksering av naturskade. Tømrerarbeid, samt det som hører sammen med dette.;skade/forsikring i formål + eiendom i formål + AS (e-post lovlig)
60;eiendom;FOKUS TAKST AS;914398878;AS;e-post/telefon;;;;Dronningens gate 56;8514;NARVIK;NARVIK;0;68.320 Eiendomsforvaltning på oppdrag;2014-11-03;Taksering av fast eiendom og skader samt konsulentvirksomhet og eierskap i andre selskaper.;skade/forsikring i formål + eiendom i formål + AS (e-post lovlig)
60;eiendom;G.O TAKSERING AS;934843185;AS;e-post/telefon;;;;Fuglerudvegen 6;2070;RÅHOLT;EIDSVOLL;;74.990 All annen faglig, vitenskapelig og teknisk virksomhet ikke nevnt annet sted;2025-01-14;Takstmann. Taksering av bolig, tilstandsrapporter og skaderapporter.;skade/forsikring i formål + eiendom i formål + AS (e-post lovlig)
60;eiendom;GAUTESTAD TAKST OG KONSULT AS;999329543;AS;e-post/telefon;;911 61 817;;Bergvavegen 1;4735;EVJE;EVJE OG HORNNES;0;74.990 All annen faglig, vitenskapelig og teknisk virksomhet ikke nevnt annet sted;2013-01-14;Takst, skadetakst, verditakst, skjønn, boligsalgsrapport, tilstandsrapport, teknisk tegning (DAK), uavhengig kontroll, byggprosjektering, byggesøknad.;skade/forsikring i formål + eiendom i formål + AS (e-post lovlig)
60;eiendom;HA TAKST & RÅDGIVNING AS;832172642;AS;e-post/telefon;;;;Apalveien 14;3514;HØNEFOSS;RINGERIKE;0;74.990 All annen faglig, vitenskapelig og teknisk virksomhet ikke nevnt annet sted;2023-10-03;Takst og konsulentvirksomhet innen bygg og skadetaksering.;skade/forsikring i formål + eiendom i formål + AS (e-post lovlig)
60;eiendom;HALSE TAKST AS;930014230;AS;e-post/telefon;;;;Stubben 2;7520;HEGRA;STJØRDAL;0;68.320 Eiendomsforvaltning på oppdrag;2022-10-11;Tilstandsvurdering av bolig og næringseiendom, verdi/lånetakast, skadetakst, byggekonsultasjon.;skade/forsikring i formål + eiendom i formål + AS (e-post lovlig)
60;eiendom;HAARR TAKST AS;930195111;AS;e-post/telefon;;;;Vølstadveien 26B;4026;STAVANGER;STAVANGER;0;68.320 Eiendomsforvaltning på oppdrag;2022-11-14;Taksering av bolig, verditaksering, skadetaksering og reklamasjonstakst.;skade/forsikring i formål + eiendom i formål + AS (e-post lovlig)
60;eiendom;IGELKJØN TAKST AS;932918129;AS;e-post/telefon;;;;Gamle Vindenesvegen 61;5363;ÅGOTNES;ØYGARDEN;0;68.320 Eiendomsforvaltning på oppdrag;2024-01-30;Takstmann. Tilstandsrapporter ved boligsalg. Skadetakst ved forsikringssaker. Verdi vurdering bolig.;skade/forsikring i formål + eiendom i formål + AS (e-post lovlig)
60;eiendom;JAKOBSEN TAKST OG BYGG AS;927817438;AS;e-post/telefon;;;;Østenbekkveien 42A;9403;HARSTAD;HARSTAD;0;68.320 Eiendomsforvaltning på oppdrag;2021-09-27;Taksering av eiendommer, skadetakst og energirådgivning.;skade/forsikring i formål + eiendom i formål + AS (e-post lovlig)
60;eiendom;JS TAKST AS;929451023;AS;e-post/telefon;;;;Furuvegen 16A;2870;DOKKA;NORDRE LAND;0;68.320 Eiendomsforvaltning på oppdrag;2022-07-04;Taksering av eiendomsverdi og skade. Bygge og prosjektledelse. Bistand ved kjøp og salg av boliger, befaringer og overtagelser. Uavhengig kontroll av våtrom og lufttetthet. Investering i andre selskaper samt utleie av eiendom.;skade/forsikring i formål + eiendom i formål + AS (e-post lovlig)
60;eiendom;KRAGERØ TAKST AS;914750423;AS;e-post/telefon;;;;Hasseldalsveien 6;3790;HELLE;KRAGERØ;0;68.320 Eiendomsforvaltning på oppdrag;2015-01-16;Verdsetting og vurdering av fast eiendom, i første rekke bolig, men ved sporadiske tilfeller også næringseiendom. Bistå forsikringsselskap og deres kunder i fastsettelse av erstatningsbeløp og oppfølging av gjenoppbygging. Bygteknisk bistand som tredje parts kontroll, prosjektering, byggesøknad og bistå med byggteknisk kompetanse. Kjøp, salg, utleie og utvikling av fast eiendom.;skade/forsikring i formål + eiendom i formål + AS (e-post lovlig)
60;eiendom;LIERNE TAKST & EIENDOMSSERVICE AS;932832585;AS;e-post/telefon;;;;Grønlundveien 8;7884;SØRLI;LIERNE;0;68.320 Eiendomsforvaltning på oppdrag;2024-01-16;Bygg og eiendomstaksering i forbindelse med reklamasjoner, salg, skader og verdisetting. I tillegg skal bedriften tilby en rekke andre tjenester innen bygg- og eiendomsforvaltning.;skade/forsikring i formål + eiendom i formål + AS (e-post lovlig)
60;eiendom;LOSSIUS TAKST AS;924454539;AS;e-post/telefon;;;;Kirkekleiva 38;4790;LILLESAND;LILLESAND;0;68.320 Eiendomsforvaltning på oppdrag;2020-01-21;Aktiviteten for Lossius Takst AS er takseringsvirksomhet, bygg-kontroll, konsulent- og rådgivninvgstjenester. Takseringsvirksomhet: Boligsalgsrapport, tilstandsrapport, verdivurdering av bolig eiendom og tomt, skadetaksering, reklamasjonstaksering. Byggkontroll virksomhet: Uavhengig kontroll av bygg under oppføring (våtrom og tetthet), trykktesting av bygg og byggelånsoppfølging.;skade/forsikring i formål + eiendom i formål + AS (e-post lovlig)
60;eiendom;MELLEGÅRD TAKST & EIENDOMSRÅDGIVNING;994742000;ENK;telefon/LinkedIn (ENK — ikke uanmodet e-post);to-erim@online.no;941 61 730;www.mellegard.no;Skramrudåsen 44;1860;TRØGSTAD;INDRE ØSTFOLD;;74.990 All annen faglig, vitenskapelig og teknisk virksomhet ikke nevnt annet sted;2009-11-07;Skadetaksering av bygg, eiendom og natur, byggeledelse, prosjektledelse, rådgivning og utleie av arbeidskraft og alt som naturlig faller inn under dette.;skade/forsikring i formål + eiendom i formål + e-post i registeret + hjemmeside
60;eiendom;MIKALSEN TAKST AS;924429798;AS;e-post/telefon;;;;Veståsen 6;8072;BODØ;BODØ;0;68.320 Eiendomsforvaltning på oppdrag;2020-01-17;Taksering av eiendom og skadetaksering.;skade/forsikring i formål + eiendom i formål + AS (e-post lovlig)
60;eiendom;MK TAKST AS;929065441;AS;e-post/telefon;;;;Halvorsens vei 6;1365;BLOMMENHOLM;BÆRUM;0;74.990 All annen faglig, vitenskapelig og teknisk virksomhet ikke nevnt annet sted;2022-04-12;Utføre tilstandsrapport, taksering og skadetakst av bolig.;skade/forsikring i formål + eiendom i formål + AS (e-post lovlig)
60;eiendom;MOSS TAKST AS;935821908;AS;e-post/telefon;;;;Texneslia 11;1591;SPERREBOTN;VÅLER;;68.320 Eiendomsforvaltning på oppdrag;2025-07-08;Taksering av eiendom. Tilstandsrapporter og boligsalgsrapporter. Skadetaksering og reklamasjonsvurdering. Konsulenttjenester innen bygg og eiendom. Prosjektering og utførelse av bygningsarbeid.;skade/forsikring i formål + eiendom i formål + AS (e-post lovlig)
60;eiendom;MUR OG TAKST AS;935081211;AS;e-post/telefon;;;;Østlia 1C;1592;VÅLER I ØSTFOLD;VÅLER;0;43.910 Murerarbeid;2025-02-21;Alt innen mur og flislegging. Eiendomstakst, tilstandsvurdering, uavhengig kontroll, skadetakst, reklamasjonstakst. Utleie av verktøy og utstyr.;skade/forsikring i formål + eiendom i formål + AS (e-post lovlig)
60;eiendom;MYHRE TAKST & BYGG AS;933801667;AS;e-post/telefon;;;;Nonåsen 24;4436;GYLAND;FLEKKEFJORD;0;68.320 Eiendomsforvaltning på oppdrag;2024-07-17;Takstmann, verditaksering, skadetaksering, tilstandsrapporter, byggtjenester.;skade/forsikring i formål + eiendom i formål + AS (e-post lovlig)
60;eiendom;NERHAGEN TAKST AS;831683872;AS;e-post/telefon;;;;c/o Reino Nerhagen, Falkeveien 39;1554;SON;VESTBY;0;74.990 All annen faglig, vitenskapelig og teknisk virksomhet ikke nevnt annet sted;2023-07-04;Taksering av skader på bygg og eiendom. Utleie av verktøy og utstyr.;skade/forsikring i formål + eiendom i formål + AS (e-post lovlig)
60;eiendom;NIELSEN TAKST OG ENERGIRÅDGIVER AS;934259378;AS;e-post/telefon;;;;Briskeveien 12;1712;GRÅLUM;SARPSBORG;0;68.320 Eiendomsforvaltning på oppdrag;2024-10-12;Taksering: verditakst, skadetakst. Energirådgivning.;skade/forsikring i formål + eiendom i formål + AS (e-post lovlig)
60;eiendom;NORDLAND TAKST OG FUKTTEKNIKK AS;934151054;AS;e-post/telefon;;;;Haugerudveien 22;8802;SANDNESSJØEN;ALSTAHAUG;0;74.990 All annen faglig, vitenskapelig og teknisk virksomhet ikke nevnt annet sted;2024-09-23;Skadetaksering, verditaksering, byggekontroll og andre konsulenttjenester.;skade/forsikring i formål + eiendom i formål + AS (e-post lovlig)
60;eiendom;NORDPÅ TAKST AS;923814302;AS;e-post/telefon;;;;Elvegårdsveien 5;8370;LEKNES;VESTVÅGØY;;68.320 Eiendomsforvaltning på oppdrag;2019-11-13;Taksering av eiendom/skade og uavhengig kontroll. Samt utleie av eiendom.;skade/forsikring i formål + eiendom i formål + AS (e-post lovlig)
60;eiendom;NORSK TAKSERING AS;814319962;AS;e-post/telefon;;;;Arnstein Arnebergs vei 11;1366;LYSAKER;BÆRUM;0;68.320 Eiendomsforvaltning på oppdrag;2014-10-18;Taksering av eiendom, verdi og skade. Byggteknisk bistand, konsulentarbeid og annet som naturlig faller sammen med dette.;skade/forsikring i formål + eiendom i formål + AS (e-post lovlig)
60;eiendom;NSK TAKST & SKADE AS;936690718;AS;e-post/telefon;;;;Austefjordsvegen 194;5379;STEINSLAND;ØYGARDEN;0;71.121 Byggeteknisk konsulentvirksomhet;2025-12-02;Takseringstjenester. Tilby rådgivning og taksering av eiendom.;skade/forsikring i formål + eiendom i formål + AS (e-post lovlig)
60;eiendom;OK TAKST & BYGG AS;928547299;AS;e-post/telefon;;;;Killiveien 23A;9518;ALTA;ALTA;0;68.320 Eiendomsforvaltning på oppdrag;2022-01-17;Taksering av boliger, fritidsboliger, bygg, skadetakst og eiendom. Kjøp, salg og utleie av tømrertjenester. Utleie av eiendeler.;skade/forsikring i formål + eiendom i formål + AS (e-post lovlig)
60;eiendom;PROSJEKT OG TAKSERING AS;934984625;AS;e-post/telefon;;;;Daletoppen 8;1387;ASKER;ASKER;;68.320 Eiendomsforvaltning på oppdrag;2025-02-12;Takseringsvirksomhet og prosjektledelse av byggeprosjekter. Verdi og lånetaksering av boliger på østlandet. Skadetaksering av eiendom og byggninger.;skade/forsikring i formål + eiendom i formål + AS (e-post lovlig)
60;eiendom;REFSDAL BYGG OG TAKST AS;919276878;AS;e-post/telefon;;;;Moavegen 23;6893;VIK I SOGN;VIK;;68.320 Eiendomsforvaltning på oppdrag;2017-07-17;Skadetaksering, verdi og lånetaksering, naturskadetaksering, Byggeleiing;skade/forsikring i formål + eiendom i formål + AS (e-post lovlig)
60;eiendom;RUA BYGG & TAKST AS;923348808;AS;e-post/telefon;;;;Nordre Ruavei 7;3614;KONGSBERG;KONGSBERG;0;41.000 Oppføring av bygninger;2019-09-06;Taksering av boligeiendom, fritidseiendom og næringseiendom, samt taksering av naturskade. Tømrerarbeid og bygningsarbeid samt varesalg.;skade/forsikring i formål + eiendom i formål + AS (e-post lovlig)
60;eiendom;SAMLAND TAKSERING AS;921504551;AS;e-post/telefon;;;;Tømmervikstraen 12;4085;HUNDVÅG;STAVANGER;0;74.990 All annen faglig, vitenskapelig og teknisk virksomhet ikke nevnt annet sted;2018-10-04;Taksering av bygg og skadetaksering og det som faller naturlig under dette.;skade/forsikring i formål + eiendom i formål + AS (e-post lovlig)
60;eiendom;SANDEBUKTA TAKST OG EIENDOM AS;936855792;AS;e-post/telefon;;;;Tandbergveien 2;3070;SANDE I VESTFOLD;HOLMESTRAND;;68.320 Eiendomsforvaltning på oppdrag;2025-12-18;Skadetaksering, eiendomsforvaltning.;skade/forsikring i formål + eiendom i formål + AS (e-post lovlig)
60;eiendom;SANDVIK TAKST & EIENDOM AS;935197767;AS;e-post/telefon;;;;Tyrivegen 35;2840;REINSVOLL;VESTRE TOTEN;;68.320 Eiendomsforvaltning på oppdrag;2025-03-12;Tilbyr profesjonelle takseringstjenester for boliger og eiendommer. Dette inkluderer tilstandsrapporter, boligsalgsrapporter, skadetaksering og verdivurderinger;skade/forsikring i formål + eiendom i formål + AS (e-post lovlig)
60;eiendom;SKEIVOLL INGENIØR & TAKST AS;830903402;AS;e-post/telefon;;;;Utsognvegen 216;4645;NODELAND;KRISTIANSAND;0;74.990 All annen faglig, vitenskapelig og teknisk virksomhet ikke nevnt annet sted;2023-02-27;Taksering av skade på eiendom, byggeledelse.;skade/forsikring i formål + eiendom i formål + AS (e-post lovlig)
60;eiendom;SKOGLI TAKST OG BYGGELEDELSE AS;920195482;AS;e-post/telefon;;;;Oppheim, Høydal;8430;MYRE;ØKSNES;;68.320 Eiendomsforvaltning på oppdrag;2018-01-16;Yte verditaksering av ulike typer eiendommer, skadetaksering, løsøretaksering, termografering, prosjektering, prosjektstyring og byggeledelse, rådgivning, konseptutvikling og tjenester som byggetegninger, kontrakter, byggesøknader, ansvarsgodkjenninger i kommuner, samt naturlig tilhørende tjenester innen byggeprosjekter.;skade/forsikring i formål + eiendom i formål + AS (e-post lovlig)
60;eiendom;SMITH-NILSEN TAKST OSLO AS;837009472;AS;e-post/telefon;;;;Hammerstads gate 7;0363;OSLO;OSLO;0;74.990 All annen faglig, vitenskapelig og teknisk virksomhet ikke nevnt annet sted;2026-01-21;Skadetakst og tilstandstakst.;skade/forsikring i formål + eiendom i formål + AS (e-post lovlig)
60;eiendom;STORD TAKSERING AS;998030552;AS;e-post/telefon;;405 51 157;;Nesbø;5419;FITJAR;FITJAR;;68.320 Eiendomsforvaltning på oppdrag;2012-02-28;"Taksering av eiendommer og skade, samt andre tekniske tjenester. I tillegg arbeid med varer og tjenester; herunder kjøp, tilberedning og salg av dette. I tillegg kjøp og salg av eiendom samt delta i selskap som står i forbindelse med det foranstående.";skade/forsikring i formål + eiendom i formål + AS (e-post lovlig)
60;eiendom;SYVERSRUD TAKST AS;930863467;AS;e-post/telefon;;;;Forstmester Mejdells veg 32A;2407;ELVERUM;ELVERUM;0;68.320 Eiendomsforvaltning på oppdrag;2023-02-21;Selge varer og tjenester innen taksering av bolig. Herunder skadetakst og tilstandsrapport.;skade/forsikring i formål + eiendom i formål + AS (e-post lovlig)
60;eiendom;TAKSERING SØR AS;937460007;AS;e-post/telefon;;;;Sømslia 47;4637;KRISTIANSAND S;KRISTIANSAND;;71.121 Byggeteknisk konsulentvirksomhet;2026-03-31;Tilstandsanalyse, skade taksering, utleie av verktøy og utstyr. Kontroller av boliger.;skade/forsikring i formål + eiendom i formål + AS (e-post lovlig)
60;eiendom;TAKST NORD AS;921077009;AS;e-post/telefon;;948 86 901;;Pleierveien 20;8076;BODØ;BODØ;0;68.320 Eiendomsforvaltning på oppdrag;2018-06-28;Skadetaksering av bolig og næringseiendommer. Verditaksering av bolig og næringseiendommer. Rådgivende ingeniørtjenester ved nybygg og rehabilitering.;skade/forsikring i formål + eiendom i formål + AS (e-post lovlig)
60;eiendom;TAKST OG BYGGERÅDGIVNING AS;912000990;AS;e-post/telefon;;;;Bjørndalslia 85;8029;BODØ;BODØ;0;74.990 All annen faglig, vitenskapelig og teknisk virksomhet ikke nevnt annet sted;2013-05-28;Takstoppdrag, taksering av bygg, boliger, tilstandstaksering, skadetaksering mv.;skade/forsikring i formål + eiendom i formål + AS (e-post lovlig)
60;eiendom;TAKST OG BYGGPARTNER AS;933790991;AS;e-post/telefon;;;;Bjørnlivegen 43;3917;PORSGRUNN;PORSGRUNN;0;68.320 Eiendomsforvaltning på oppdrag;2024-07-16;Taksering av fast eiendom i forbindelse med salg, skade og naturskade. Ulike konsulenttjenester naturlig knyttet til både taksering og eiendom generelt. Erverv av fast eiendom, eiendomsutvikling og utleie av fast eiendom. Entreprenørvirksomhet, handel og utleie av arbeidskraft og utstyr, samt delta i andre foretak.;skade/forsikring i formål + eiendom i formål + AS (e-post lovlig)
60;eiendom;TAKST OG MILJØ Thomas Vogt;995910489;ENK;telefon/LinkedIn (ENK — ikke uanmodet e-post);post@takstogmiljo.no;905 24 720;www.takstogmiljo.no;2. Etasje, Oscars gate 81;0256;OSLO;OSLO;;68.320 Eiendomsforvaltning på oppdrag;2010-09-09;Takst, verdisetting, eiendom, miljøsertifisering, miljøkonsulent, tilstansrapporter, FDV, skadetakst, miljøanalyse, boliganalyse, byggingsingeniør.;skade/forsikring i formål + eiendom i formål + e-post i registeret + hjemmeside
60;eiendom;TAKST OG SKADE SENTERET AS;932392755;AS;e-post/telefon;;;;Karl Staaffs vei 6;0665;OSLO;OSLO;0;68.320 Eiendomsforvaltning på oppdrag;2023-11-02;Taksering av skade på bygning og løsøre med skjønn, bolig og eiendomstaksering, rådgiving innen bygg.;skade/forsikring i formål + eiendom i formål + AS (e-post lovlig)
60;eiendom;TAKST SORI AS;927017334;AS;e-post/telefon;;;;Nedre Rælingsveg 728;2009;NORDBY;RÆLINGEN;0;74.990 All annen faglig, vitenskapelig og teknisk virksomhet ikke nevnt annet sted;2021-04-26;Taksering av eiendom, skade og reklamasjon.;skade/forsikring i formål + eiendom i formål + AS (e-post lovlig)
60;eiendom;TAKST UNION AS;919083921;AS;e-post/telefon;;;;c/o Endre Esphaug, Simon Leinums veg 1;7088;HEIMDAL;TRONDHEIM;;74.990 All annen faglig, vitenskapelig og teknisk virksomhet ikke nevnt annet sted;2017-06-06;Takst-tjenester som skadetaksering, skjønn, naturskadetaksering, bolig- og tilstandskontroll, prosjektledelse, uavhengig kontroll, byggesøknader, bygningskontroll, vedlikeholdsplanlegging, termografering, tetthetskontroll, seksjonering, fuktkontroll og kontroll av innemiljø.;skade/forsikring i formål + eiendom i formål + AS (e-post lovlig)
60;eiendom;TAKST YTRE NAMDAL AS;828965662;AS;e-post/telefon;;;;Blåbærvegen 1;7970;KOLVEREID;NÆRØYSUND;0;68.320 Eiendomsforvaltning på oppdrag;2022-03-22;Eiendoms- og skadetaksering. Byggetjenester.;skade/forsikring i formål + eiendom i formål + AS (e-post lovlig)
60;eiendom;TAKST-INGENIØR LØVÅS AS;926961969;AS;e-post/telefon;;;;Halvorstraen 24A;4077;HUNDVÅG;STAVANGER;0;68.320 Eiendomsforvaltning på oppdrag;2021-04-19;Tilstandsrapport, boligsalgsrapport, areal-måling, verditakst, skade, mangels rapport og ellers hva som heri står i forbindelse.;skade/forsikring i formål + eiendom i formål + AS (e-post lovlig)
60;eiendom;TAKST&EIENDOMSVERDI AS;835706672;AS;e-post/telefon;;;;Strandveien 39;3050;MJØNDALEN;DRAMMEN;0;68.320 Eiendomsforvaltning på oppdrag;2025-06-19;Taksering/ tilstandrapporter for boligsalg. Reklamasjon/ skaderapporter. Håndverkstjenester.;skade/forsikring i formål + eiendom i formål + AS (e-post lovlig)
60;eiendom;TAKSTFIRMA KRISTEN EIKENÆS AS;916626177;AS;e-post/telefon;;;;Tinggata 3;6783;STRYN;STRYN;0;68.320 Eiendomsforvaltning på oppdrag;2016-01-26;Taksering av eigedom og byggkontroll/byggjeleiing (verdi- og skadetaksering, tilstandsvurdering av bygg, skjønn m.m.);skade/forsikring i formål + eiendom i formål + AS (e-post lovlig)
60;eiendom;TAKSTION AS;837047722;AS;e-post/telefon;;;;Myrvoldvegen 4A;2413;ELVERUM;ELVERUM;0;68.320 Eiendomsforvaltning på oppdrag;2026-01-27;Tilstandsrapport for boliger NS3600 og skadetaksering av eiendom/bolig.;skade/forsikring i formål + eiendom i formål + AS (e-post lovlig)
60;eiendom;TAKSTIT AS;934141881;AS;e-post/telefon;;;;Haukedalsveien 3;5113;TERTNES;BERGEN;;68.320 Eiendomsforvaltning på oppdrag;2024-09-20;Takseringsvirksomhet: Taksering av bolig/verdibolig, skadetakst, naturskadetakst, energirådgivning mot bolig samt vedlikeholdsplaner for BRL.;skade/forsikring i formål + eiendom i formål + AS (e-post lovlig)
60;eiendom;TAKSTMANN EGIL HAGEBERGET AS;932038668;AS;e-post/telefon;;;;Skotterudgutua 9;2750;GRAN;GRAN;0;74.990 All annen faglig, vitenskapelig og teknisk virksomhet ikke nevnt annet sted;2023-09-07;Tilstandsanalyse, skadetaksering og befaringsbistand mm.;skade/forsikring i formål + eiendom i formål + AS (e-post lovlig)
60;eiendom;TAKSTMANN JOHAN RYE-HOLMBOE AS;998643198;AS;e-post/telefon;;;;Porsvegen 8;5355;KNARREVIK;ØYGARDEN;0;74.990 All annen faglig, vitenskapelig og teknisk virksomhet ikke nevnt annet sted;2012-07-24;Verdi og skadetaksering av eiendom. Tilknyttet Norges Takseringsforbund.;skade/forsikring i formål + eiendom i formål + AS (e-post lovlig)
60;eiendom;TAKSTMANN KNUT SAGBERG AS;980449416;AS;e-post/telefon;;72 48 17 10;;Grønøra;7301;ORKANGER;ORKLAND;0;74.990 All annen faglig, vitenskapelig og teknisk virksomhet ikke nevnt annet sted;1999-02-05;Taksering av eiendommer og skader.;skade/forsikring i formål + eiendom i formål + AS (e-post lovlig)
60;eiendom;TAKSTMANN MORTEN H STORM AS;919931043;AS;e-post/telefon;;;;Hovedgata 29;4900;TVEDESTRAND;TVEDESTRAND;0;68.320 Eiendomsforvaltning på oppdrag;2017-11-21;Verdi- og skadetaksering av eiendom, samt byggteknisk konsulentvirksomhet og andre produkter/tjenester som naturlig hører sammen med dette. Herunder å delta i andre selskap med lignede virksomhet.;skade/forsikring i formål + eiendom i formål + AS (e-post lovlig)
60;eiendom;TAKSTMANN VEGAR LUNDHAUG AS;918495401;AS;e-post/telefon;;;;Haugenvegen 11;2827;HUNNDALEN;GJØVIK;0;68.320 Eiendomsforvaltning på oppdrag;2017-02-02;Taksering, herunder skadetaksering, verdivurdering, eierskifterapport, tilstandsanalyser, osv. I tillegg kommer uavhengig kontroll av våtrom og lufttetthet, konsulentoppdrag innen byggeledelse, søknadstegninger, fagmann på visning og byggesøknader.;skade/forsikring i formål + eiendom i formål + AS (e-post lovlig)
60;eiendom;TAKSTPARTNER OSLO AS;990477558;AS;e-post/telefon;;90516615;;Harbitzalléen 14K;0275;OSLO;OSLO;0;68.320 Eiendomsforvaltning på oppdrag;2006-11-13;Verdi- og skadetaksering av bolig- og næringseiendommer, finansforvaltning og drift av fast eiendom.;skade/forsikring i formål + eiendom i formål + AS (e-post lovlig)
60;eiendom;TSB TAKST SKADE & BYGG AS;912174034;AS;e-post/telefon;;;;c/o Knut Ivar Lamøy, Simon Leinums veg 1;7088;HEIMDAL;TRONDHEIM;0;68.320 Eiendomsforvaltning på oppdrag;2013-07-03;Takst, skade, verdivurdering, boligsalgsrapport, bistand ved overlevering, bistand ved 1- årsbefaring, rådgivning og mindre byggearbeid.  ;skade/forsikring i formål + eiendom i formål + AS (e-post lovlig)
60;eiendom;VALHALL TAKST AS;920476910;AS;e-post/telefon;;;;Langårdvegen 23;3716;SKIEN;SKIEN;;74.990 All annen faglig, vitenskapelig og teknisk virksomhet ikke nevnt annet sted;2018-02-22;Taksering av motorkjøretøy på oppdrag fra forsikringsselskap. Innebærer vurdering av tilbud fra verksteder, besiktigelser, kontroll, verdivurderinger og kondemnasjon. Kan også innebære revisjon av avtaleverksteder og andre oppdrag. Etter avtale på kort sikt leies ut til bedrifter som har behov for mine tjenester. Konsulentvirksomhet rundt eiendom.;skade/forsikring i formål + eiendom i formål + AS (e-post lovlig)
55;eiendom;BÆRUM TAKST ERIK IVERSEN;915348068;ENK;telefon/LinkedIn (ENK — ikke uanmodet e-post);;;www.Bærum-Takst.no;Industriveien 18-20;1337;SANDVIKA;BÆRUM;;68.320 Eiendomsforvaltning på oppdrag;2015-05-07;Konsulentvirksomhet innen bygg og eiendom: Taksering av næring, bolig og skade.;skade/forsikring i formål + eiendom i formål + hjemmeside
55;eiendom;EKERBY BYGG OG TAKST;916548613;ENK;telefon/LinkedIn (ENK — ikke uanmodet e-post);;;www.ekerby.no;Bokfinken 3;1407;VINTERBRO;ÅS;;71.121 Byggeteknisk konsulentvirksomhet;2016-01-12;Bygningsbransjen og Taksering av bolig og skade.;skade/forsikring i formål + eiendom i formål + hjemmeside
55;eiendom;HALVORSEN TAKST ENK;935711614;ENK;telefon/LinkedIn (ENK — ikke uanmodet e-post);jorn@halvorsentakst.no;90559676;;Krøderfjordveien 518;3535;KRØDEREN;KRØDSHERAD;;74.990 All annen faglig, vitenskapelig og teknisk virksomhet ikke nevnt annet sted;2025-06-23;Taksering av eiendom, skader. Tømrer.;skade/forsikring i formål + eiendom i formål + e-post i registeret
55;eiendom;HAUGALAND TAKST AS;913625501;AS;e-post/telefon;;90 07 09 50;www.haugalandtakst.no;Årabrotsvegen 19D;5515;HAUGESUND;HAUGESUND;0;74.990 All annen faglig, vitenskapelig og teknisk virksomhet ikke nevnt annet sted;2014-05-19;Verdi- og skadetaksering, konsulentarbeid og annet som naturlig faller sammen med dette.;skade/forsikring i formål + AS (e-post lovlig) + hjemmeside
55;eiendom;HELGÅS BYGG & TAKSERING Gunnar Helgås;983098770;ENK;telefon/LinkedIn (ENK — ikke uanmodet e-post);gh.takst@online.no;57 75 39 80;;Strandgata 42;6905;FLORØ;KINN;;68.320 Eiendomsforvaltning på oppdrag;2001-03-10;"Takst/-takseringstenester retta mot off. -og private eigedomar: Verditakst -og ""Boligsalgsrapport"". Bustad, fritid, landbruk, næring, tomter og lausøre. Skadetaksering, skade-skjønn og tilstandsrapport. Reklamasjon/-garantibehandling, og vedlikehald/-utbetringsplanar. Inneklimakartlegging og veiledning. Formidling av varer og tenester innanfor hus/-eigedom.";skade/forsikring i formål + eiendom i formål + e-post i registeret
55;eiendom;HR TAKST HALVARD RØV;972410799;ENK;telefon/LinkedIn (ENK — ikke uanmodet e-post);halroev@online.no;95848033;;Haukelivegen 6278;3895;EDLAND;VINJE;;41.000 Oppføring av bygninger;1995-03-12;Skogbruk samt oppføring og vedlikehold av mindre bygningar og anlegg herunder næringsbygg og boliger samt annen virksomhet som måtte falle naturlig sammen med dette, i tillegg til bolig- og skadetaksering.;skade/forsikring i formål + eiendom i formål + e-post i registeret
55;eiendom;KØSTE TAKST;813808722;ENK;telefon/LinkedIn (ENK — ikke uanmodet e-post);perkoeste@gmail.com;466 47 557;;Slattum terrasse 9H;1480;SLATTUM;NITTEDAL;;68.320 Eiendomsforvaltning på oppdrag;2014-06-24;Verdivurdering/taksering av fast eiendom, skadetakst og annet som naturlig tilhører under dette.;skade/forsikring i formål + eiendom i formål + e-post i registeret
55;eiendom;LARS BRYNHILDSEN TAKSTFORRETNING MNTF;979725884;ENK;telefon/LinkedIn (ENK — ikke uanmodet e-post);lbrynhil@online.no;69 31 16 67;;Ridehusgata 10;1606;FREDRIKSTAD;FREDRIKSTAD;;71.121 Byggeteknisk konsulentvirksomhet;1998-04-02;Verditaksering av boligog næringsbygg. Skadetaksering av bygninger.;skade/forsikring i formål + eiendom i formål + e-post i registeret
55;eiendom;LYNGHOLM TAKST JAKOB LYNGHOLM JAKOBSEN;996946266;ENK;telefon/LinkedIn (ENK — ikke uanmodet e-post);jakob@ttc-as.no;982 45 511;;Husjordløkka 143E;1553;SON;VESTBY;;41.000 Oppføring av bygninger;2011-05-23;Byggmester, snekkervirksomhet. Radonmåling og tiltak for å redusere eventuell radonstråling, som bygningstekniske utbedringer. Skadetaksering: Taksering av bolig og tilsvarende bygg i forbindelse med forsikringsskader.;skade/forsikring i formål + eiendom i formål + e-post i registeret
55;eiendom;PETTERSEN TAKSERING;988555630;ENK;telefon/LinkedIn (ENK — ikke uanmodet e-post);kim-ape@online.no;69 23 67 49;;Beiteveien 2;1526;MOSS;MOSS;;68.320 Eiendomsforvaltning på oppdrag;2005-08-30;Verditaksering av boliger, skadetaksering av bygninger samt byggeledelse ved skadetaksering.;skade/forsikring i formål + eiendom i formål + e-post i registeret
55;eiendom;RØBERG TAKST;926460315;ENK;telefon/LinkedIn (ENK — ikke uanmodet e-post);freddy@roberg.no;977 07 005;;Moldelivegen 24;6413;MOLDE;MOLDE;;68.320 Eiendomsforvaltning på oppdrag;2021-01-26;Taksering av bygninger, herunder verditakst, boligsalgsrapport, skadetakst.;skade/forsikring i formål + eiendom i formål + e-post i registeret
55;eiendom;SIGBJØRN FAGERTUN TAKSERING;995198940;ENK;telefon/LinkedIn (ENK — ikke uanmodet e-post);sigbjorn@sftakst.no;952 51 195;;Veiskifte 32;9050;STORSTEINNES;BALSFJORD;0;74.990 All annen faglig, vitenskapelig og teknisk virksomhet ikke nevnt annet sted;2010-03-08;Verdi, tilstand og skadetakst av boliger. Byggeoppfølging/ prosjektledelse og generelle konsulenttjenster innen nybygg og restaurering.;skade/forsikring i formål + eiendom i formål + e-post i registeret
55;eiendom;SIV.ING./TAKSTMANN TOMMY FAGERLI;929639022;ENK;telefon/LinkedIn (ENK — ikke uanmodet e-post);tommy@aslethomassen.no;909 69 935;;Snorres vei 18A;8403;SORTLAND;SORTLAND;;68.320 Eiendomsforvaltning på oppdrag;2022-08-15;Autorisert takstmann for boligverdi, bolig tilstand, næring, skade, skjønn og andre konsulent tjenester.;skade/forsikring i formål + eiendom i formål + e-post i registeret
55;eiendom;TAKSTCONSULT Roar Haugland;981179226;ENK;telefon/LinkedIn (ENK — ikke uanmodet e-post);post@takstconsult.no;62 41 45 55;;Trygve Lies veg 4;2414;ELVERUM;ELVERUM;;71.121 Byggeteknisk konsulentvirksomhet;1999-11-01;Taksering, tilstandsrapportering, skadetaksering.;skade/forsikring i formål + eiendom i formål + e-post i registeret
55;eiendom;TAKSTFAG AS;913061969;AS;e-post/telefon;rolf@takstfag.no;916 14 878;takstfag.no;Svinesundsveien 334B;1788;HALDEN;HALDEN;6;74.990 All annen faglig, vitenskapelig og teknisk virksomhet ikke nevnt annet sted;2014-01-29;Konsulent bygg og anlegg, taksering, brannsikring, salg.;6 ansatte + eiendom i formål + AS (e-post lovlig) + e-post i registeret + hjemmeside
55;eiendom;TAKSTMANN BØRRE SØRENSEN;881262282;ENK;telefon/LinkedIn (ENK — ikke uanmodet e-post);bosoere@online.no;32 84 00 20;;Vitbankveien 3;3414;LIERSTRANDA;LIER;;71.121 Byggeteknisk konsulentvirksomhet;1999-11-20;Takseringsvirksomhet i henhold til lover og regler i Norges Takseringsforbund. Tilstandsvurdering av mur, puss og betongskader, samt piper og ildsteder.;skade/forsikring i formål + eiendom i formål + e-post i registeret
55;eiendom;TAKSTMANN LARS ØRJAN VEGUSDAL;922743304;ENK;telefon/LinkedIn (ENK — ikke uanmodet e-post);lav@sbbl.no;95817565;;Rådhusgata 14C;4611;KRISTIANSAND S;KRISTIANSAND;;68.320 Eiendomsforvaltning på oppdrag;2019-05-23;Taksering av eiendom og bygningsmessige skader samt annen virksomhet som naturlig hører sammen med dette.;skade/forsikring i formål + eiendom i formål + e-post i registeret
55;eiendom;TAKSTMANN ØYÅS AS;923472010;AS;e-post/telefon;nils@takstmannoyas.no;464 14 643;www.takstmannoyas.no;Slettneset 60;6640;KVANNE;SURNADAL;10;68.320 Eiendomsforvaltning på oppdrag;2019-09-26;Taksering av fast eiendom og rådgiving innen bygg og andre tjenester.;10 ansatte + eiendom i formål + AS (e-post lovlig) + e-post i registeret + hjemmeside
50;eiendom;BORG TAKST INVEST AS;829479672;AS;e-post/telefon;;;;Erling Skjalgsons veg 14A;4344;BRYNE;TIME;;74.990 All annen faglig, vitenskapelig og teknisk virksomhet ikke nevnt annet sted;2022-07-21;Takstmann, taksering av bygninger for privat og næring,samt taks av løsøre og skadetakst.;skade/forsikring i formål + AS (e-post lovlig)
50;eiendom;BRENNELIEN TAKST;926495232;ENK;telefon/LinkedIn (ENK — ikke uanmodet e-post);;;;Satellittfaret 2;1396;BILLINGSTAD;ASKER;;74.990 All annen faglig, vitenskapelig og teknisk virksomhet ikke nevnt annet sted;2021-01-29;Takstsering av skade og verditakst.;skade/forsikring i formål + eiendom i formål
50;eiendom;BYGGMESTER OG TAKSTMANN MAGNUS HASMO;918453903;ENK;telefon/LinkedIn (ENK — ikke uanmodet e-post);;;;Bjerkealleen 16A;2003;LILLESTRØM;LILLESTRØM;;68.320 Eiendomsforvaltning på oppdrag;2017-01-26;Taksering av bolig og eiendom, taksering av skade, byggrådgivning, boligrådgivning, tømrerarbeid, vedlikehold og scenekunst.;skade/forsikring i formål + eiendom i formål
50;eiendom;BYGGMESTER OG TAKSTMANN ODDBJØRN NILSEN;918041265;ENK;telefon/LinkedIn (ENK — ikke uanmodet e-post);;;;Stordalsvegen 608;6250;STORDAL;FJORD;;41.000 Oppføring av bygninger;2016-11-11;Arbeider i bygg-og anleggsbransjen. Verditakst, skadetakst og tilstandsrapport ved omsetning av bolig.;skade/forsikring i formål + eiendom i formål
50;eiendom;BYGGMESTER, FAGSKOLEINGENIØR OG TAKSTMANN GEIR ØSTEVIK;984753101;ENK;telefon/LinkedIn (ENK — ikke uanmodet e-post);;52 85 16 75;;Fridtjof Nansens veg 49;2816;GJØVIK;GJØVIK;;68.320 Eiendomsforvaltning på oppdrag;2002-08-16;Skade- og reklamasjonstakst, eierskifte- og tilstandsrapport, verditakst og energirådgivning.;skade/forsikring i formål + eiendom i formål
50;eiendom;BÖRTNER TAKST OF BYGGSERVICE;930274321;ENK;telefon/LinkedIn (ENK — ikke uanmodet e-post);;;;Gråspurvveien 28;3482;TOFTE;ASKER;;68.320 Eiendomsforvaltning på oppdrag;2022-11-21;Eiendoms- og skadevurdering, samt bygging, riving og alt i mellom.;skade/forsikring i formål + eiendom i formål
50;eiendom;CE TAKST ULLALAND;970341900;ENK;telefon/LinkedIn (ENK — ikke uanmodet e-post);;920 85 451;;Nedre Bergvegen 20;6003;ÅLESUND;ÅLESUND;;68.320 Eiendomsforvaltning på oppdrag;1995-03-12;Tilstandsanalyse av fast eiendom, taksering av naturskade, skadetaksering og skjønn, taksering av bolig og innbo. Snekkerarbeid.;skade/forsikring i formål + eiendom i formål
50;eiendom;DIGI-TAKST STIAN JOHANSEN;924612525;ENK;telefon/LinkedIn (ENK — ikke uanmodet e-post);;;;Østenbekkveien 49;9403;HARSTAD;HARSTAD;;68.320 Eiendomsforvaltning på oppdrag;2020-02-17;Takst, tilstandsrapport, skadetakst.;skade/forsikring i formål + eiendom i formål
50;eiendom;DUURHUUS BYGG OG TAKST TJENESTER;931738879;ENK;telefon/LinkedIn (ENK — ikke uanmodet e-post);;;;Langenga 28;1386;ASKER;ASKER;;41.000 Oppføring av bygninger;2023-07-20;Oppføring av bygninger samt tømrerarbeid som for eksempel innsetting av dører og vinduer, renovering av fasader på bygninger, innvendig renovering av bygninger. Skadetaksering, tilstandsvurdering samt verditaksering av bygninger.;skade/forsikring i formål + eiendom i formål
50;eiendom;E TAKST NORGE AS;937666756;AS;e-post/telefon;;;;Storsjøvegen 1841;2133;GARDVIK;NORD-ODAL;;74.990 All annen faglig, vitenskapelig og teknisk virksomhet ikke nevnt annet sted;2026-05-06;Taksering av skader.;skade/forsikring i formål + AS (e-post lovlig)
50;eiendom;EKBERG TAKST;928687465;ENK;telefon/LinkedIn (ENK — ikke uanmodet e-post);;;;Fougstads gate 2;0173;OSLO;OSLO;;68.320 Eiendomsforvaltning på oppdrag;2022-02-07;Takst, boligtakst, verditakst, skadetakst, rapport, byggservice.;skade/forsikring i formål + eiendom i formål
50;eiendom;FÆRDER TAKST OG BYGGTJENESTER KENNET ROSSAVIK;819934622;ENK;telefon/LinkedIn (ENK — ikke uanmodet e-post);;;;Hagabergveien 32;3138;SKALLESTAD;FÆRDER;;74.990 All annen faglig, vitenskapelig og teknisk virksomhet ikke nevnt annet sted;2017-11-21;Takseringsvirksomhet og byggevirksomhet, nybygg og tilbygg. Reparasjon av bygninger med skade og slitasje, kjøp og salg av varer og verktøy for å utføre dette.;skade/forsikring i formål + eiendom i formål
50;eiendom;HJELLE RÅD OG TAKST;929577833;ENK;telefon/LinkedIn (ENK — ikke uanmodet e-post);;;;Njords vei 18;1344;HASLUM;BÆRUM;;74.990 All annen faglig, vitenskapelig og teknisk virksomhet ikke nevnt annet sted;2022-08-01;Rådgivning og takseringstjenester for byggherrer, boligsameier og boligbyggerlag ved planlegging av skadeutbedringer og rehabilitering.;skade/forsikring i formål + eiendom i formål
50;eiendom;INGENIØR&TAKSTMANN Dag Skeivoll;989086138;ENK;telefon/LinkedIn (ENK — ikke uanmodet e-post);;90979482;;Utsognvegen 216;4645;NODELAND;KRISTIANSAND;;68.320 Eiendomsforvaltning på oppdrag;2005-12-20;Taksering av skader på bygning og innbo, byggeledelse.  ;skade/forsikring i formål + eiendom i formål
50;eiendom;KASPERSEN BERG TAKST;937856466;ENK;telefon/LinkedIn (ENK — ikke uanmodet e-post);;;;Bakkalykkja 9;2632;VENABYGD;RINGEBU;;;2026-06-17;Tilstandsrapport og skadetakst på eiendom og fritidseiendom. Snekkeroppdrag på boliger.;skade/forsikring i formål + eiendom i formål
50;eiendom;KRISTOFFERSEN BOLIG OG SKADE TAKSERING;937897944;ENK;telefon/LinkedIn (ENK — ikke uanmodet e-post);;;;Tamburveien 5;1406;SKI;ÅS;;;2026-06-22;Taksering av bolig og skade.;skade/forsikring i formål + eiendom i formål
50;eiendom;MIDTUN TAKST & KONSULENTTJENESTER;930902160;ENK;telefon/LinkedIn (ENK — ikke uanmodet e-post);;455 16 210;;Øvsttunvegen 18A;5223;NESTTUN;BERGEN;;68.320 Eiendomsforvaltning på oppdrag;2023-02-27;Takstmannstjenester, verdivurdering av eiendom, skadetakst og bygglånsoppfølging. Prosjektledelse. Prosjekteringsledelse. Kurs og undervisning.;skade/forsikring i formål + eiendom i formål
50;eiendom;PERO TAKST AS;916643276;AS;e-post/telefon;;;;Kirkegata 2H;2609;LILLEHAMMER;LILLEHAMMER;;68.320 Eiendomsforvaltning på oppdrag;2016-01-28;Skadetakstering.;skade/forsikring i formål + AS (e-post lovlig)
50;eiendom;PETTERSEN TAKST;936055281;ENK;telefon/LinkedIn (ENK — ikke uanmodet e-post);;;;Breivikveien 10;9790;KJØLLEFJORD;LEBESBY;;68.320 Eiendomsforvaltning på oppdrag;2025-09-10;Takseringsvirksomhet. Taksering av boliger. Verdi, tilstandsrapportering og skadetakst.;skade/forsikring i formål + eiendom i formål
50;eiendom;REINERTSEN TAKSERING;924530367;ENK;telefon/LinkedIn (ENK — ikke uanmodet e-post);;;;Sandakerveien 56F;0477;OSLO;OSLO;;74.990 All annen faglig, vitenskapelig og teknisk virksomhet ikke nevnt annet sted;2020-02-03;Skade taksering og prosjektoppfølging/styring innen bolighus og industribygg.;skade/forsikring i formål + eiendom i formål
50;eiendom;SG TAKST GILS;926643134;ENK;telefon/LinkedIn (ENK — ikke uanmodet e-post);;;;Vegalia 3;6523;FREI;KRISTIANSUND;;68.320 Eiendomsforvaltning på oppdrag;2021-02-22;Verditaksering skade, tilstandsvurdering av boliger, taksering av næringseiendommer, uavhengig bygningskontroll, byggeledelse og eiendomsforvaltning.;skade/forsikring i formål + eiendom i formål
50;eiendom;SKJOLDE TAKST OG BYGGTENESTER;927352915;ENK;telefon/LinkedIn (ENK — ikke uanmodet e-post);;;;Hagaresvegen 85;5694;ONARHEIM;TYSNES;;68.320 Eiendomsforvaltning på oppdrag;2021-06-29;Taksering, tilstandsanalyse og skadetakst. Byggtenester og produksjon av trelast.;skade/forsikring i formål + eiendom i formål
50;eiendom;STOKKE PETTER TAKSTMANN/TØMRER- MESTER;969958392;ENK;telefon/LinkedIn (ENK — ikke uanmodet e-post);;67 14 28 28;;Nadderudveien 94;1362;HOSLE;BÆRUM;;41.000 Oppføring av bygninger;1995-02-20;Taksering av fast eiendom siden jan. 1998. Verdi-lånetakster og skade og tilstandsrapport.;skade/forsikring i formål + eiendom i formål
50;eiendom;TAKST OG INGENIØRTJENESTER VIDAR JONSKÅS;924843683;ENK;telefon/LinkedIn (ENK — ikke uanmodet e-post);;;;Nustad skolevei 16;3970;LANGESUND;BAMBLE;;68.320 Eiendomsforvaltning på oppdrag;2020-03-26;Takst av boliger/eiendom, skadetakst, prosjektering bygg og eiendom, søknader innenfor bygg og eiendom. Utførelse av bygg og eiendom.;skade/forsikring i formål + eiendom i formål
50;eiendom;TAKST OG SKADE TERJE NORLØFF;919411511;ENK;telefon/LinkedIn (ENK — ikke uanmodet e-post);;;;Karl Staaffs vei 33;0665;OSLO;OSLO;;74.990 All annen faglig, vitenskapelig og teknisk virksomhet ikke nevnt annet sted;2017-08-15;Taksering av skade på bygning og løsøre med skjønn, bolig og eiendomstaksering, rådgivning innen bygg og anlegg og eiendomsforvaltning.;skade/forsikring i formål + eiendom i formål
50;eiendom;TAKST SØR AS;936225276;AS;e-post/telefon;post@takst-sor.no;38 33 21 10;;Gitlestadveien 59;4580;LYNGDAL;LYNGDAL;6;68.320 Eiendomsforvaltning på oppdrag;2025-09-24;Takseringsvirksomhet, eiendom. Handel med aksjer. Eie, drive, forvalte og utvikle fast eiendom.;6 ansatte + eiendom i formål + AS (e-post lovlig) + e-post i registeret
50;eiendom;TAKSTKJEDEN ERIK RAKNES;932850028;ENK;telefon/LinkedIn (ENK — ikke uanmodet e-post);;;;Revefaret 40;3060;SVELVIK;DRAMMEN;;68.320 Eiendomsforvaltning på oppdrag;2024-01-18;Skadetaksering og eiendom.;skade/forsikring i formål + eiendom i formål
50;eiendom;TAKSTKONTORET V/ARNT OTTO ØYGARDEN;964465428;ENK;telefon/LinkedIn (ENK — ikke uanmodet e-post);;57 66 21 11;;Utladalsvegen 676;6884;ØVRE ÅRDAL;ÅRDAL;;71.121 Byggeteknisk konsulentvirksomhet;1995-03-12;Taksering (verdi, låne og skadetakst) rådgiving innan bygg, bygge- og prosjektleiing.;skade/forsikring i formål + eiendom i formål
50;eiendom;TAKSTMANN & KONSULENT STEFFEN STAVANG TVEDT;923033882;ENK;telefon/LinkedIn (ENK — ikke uanmodet e-post);;;;Hopsnesvegen 48;5232;PARADIS;BERGEN;;74.990 All annen faglig, vitenskapelig og teknisk virksomhet ikke nevnt annet sted;2019-07-09;Taksering: verditakst, skadetakst og næringstakst. Rådgivning- og kosulenttjenester innen byggesøknader/byggesaker, skader og reklamasjons takster.;skade/forsikring i formål + eiendom i formål
50;eiendom;TAKSTMANN OG BYGGMESTER SVEIN LAURITZEN;937796587;ENK;telefon/LinkedIn (ENK — ikke uanmodet e-post);;;;Eskelundveien 48B;1580;RYGGE;MOSS;;68.320 Eiendomsforvaltning på oppdrag;2026-06-12;Taksering og tilstandsrapportering av boliger. Skadetaksering på bolig. Byggeoppdrag.;skade/forsikring i formål + eiendom i formål
50;eiendom;TAKSTMANN STEFFEN TORGERSBRÅTEN;826597372;ENK;telefon/LinkedIn (ENK — ikke uanmodet e-post);;;;Nymobakken 39;3516;HØNEFOSS;RINGERIKE;;74.990 All annen faglig, vitenskapelig og teknisk virksomhet ikke nevnt annet sted;2021-02-15;Taksering av fast eiendom. Skadetaksering på fast eiendom. Konsulenttjenester innen bygg og anlegg. Murarbeider.;skade/forsikring i formål + eiendom i formål
50;eiendom;TAPIO BOLIG OG SKADE TAKST;932557916;ENK;telefon/LinkedIn (ENK — ikke uanmodet e-post);;;;Habberstadvangen 91;2092;MINNESUND;EIDSVOLL;;74.990 All annen faglig, vitenskapelig og teknisk virksomhet ikke nevnt annet sted;2023-12-02;Bolig og skade takstering. Byggesaksbehandling.;skade/forsikring i formål + eiendom i formål
50;eiendom;TOM TRULSEN TAKSTMANNSFORETNING;925812692;ENK;telefon/LinkedIn (ENK — ikke uanmodet e-post);;;;Folseråsvegen 430;3691;GRANSHERAD;NOTODDEN;;74.990 All annen faglig, vitenskapelig og teknisk virksomhet ikke nevnt annet sted;2020-10-20;Utføre skadetakst, eiendomstakst og tilstandsrapport.;skade/forsikring i formål + eiendom i formål
50;eiendom;WILHELMSEN TAKST OG INGENIØRTJENESTER AS;932692325;AS;e-post/telefon;;;;Kreklingfaret 39;1554;SON;VESTBY;0;68.320 Eiendomsforvaltning på oppdrag;2023-12-16;Taksering av bygninger og løsøre, herunder taksering av skader, og andre tjenester som hører til.;skade/forsikring i formål + AS (e-post lovlig)
50;eiendom;YGGDRASIL TAKST AS;931149717;AS;e-post/telefon;;;;Travbanevegen 1;7061;TRONDHEIM;TRONDHEIM;0;74.990 All annen faglig, vitenskapelig og teknisk virksomhet ikke nevnt annet sted;2023-03-30;Selge varer og tjenester innen takstering av bygninger og bygningsskader.;skade/forsikring i formål + AS (e-post lovlig)
45;eiendom;AKTIVA TAKST AS;928468852;AS;e-post/telefon;;;;Sagaveien 114;1555;SON;VESTBY;7;68.320 Eiendomsforvaltning på oppdrag;2022-01-04;Taksering av bygninger, byggeledelse, konsulenttjenester, samt kjøp og salg av varer og tjenester innenfor bygge- og anleggsvirksomhet. Investere, forvalte og drive fast eiendom, samt investeringer i andre selskaper samt annen virksomhet som faller naturlig inn under dette.;7 ansatte + eiendom i formål + AS (e-post lovlig)
45;eiendom;BBE TAKST AS;978658466;AS;e-post/telefon;;51 68 54 50;;Welhavens vei 15;4319;SANDNES;SANDNES;8;71.121 Byggeteknisk konsulentvirksomhet;1997-06-27;Taksering og tapsforebyggende virksomhet.;8 ansatte + eiendom i formål + AS (e-post lovlig)
45;eiendom;BYGGMESTER OG TAKSTMANN HAAGENSEN AS;916603843;AS;e-post/telefon;;;;Skolegata 10C;2010;STRØMMEN;LILLESTRØM;9;41.000 Oppføring av bygninger;2016-02-12;Tømrerarbeid og taksering av bolig og bygg og alt som naturlig faller herunder.;9 ansatte + eiendom i formål + AS (e-post lovlig)
45;eiendom;FYKSEN TAKST AS;922272603;AS;e-post/telefon;;;;Sluppenvegen 10;7037;TRONDHEIM;TRONDHEIM;5;74.990 All annen faglig, vitenskapelig og teknisk virksomhet ikke nevnt annet sted;2019-02-21;Takstfirma med tilstandsvurdering av bygg, samt salg av de varer og tjenester som naturlig hører inn under dette. Selskapet kan også delta i andre selskaper, herunder drive med kjøp og salg av aksjer, eller på annen måte gjøres seg interessert i andre foretagender.;5 ansatte + eiendom i formål + AS (e-post lovlig)
45;eiendom;GUDBRANDSDALEN TAKST & BYGG AS;935943019;AS;e-post/telefon;;;;Sødorpvegen 2;2640;VINSTRA;NORD-FRON;5;68.320 Eiendomsforvaltning på oppdrag;2025-08-08;Takst av bygg, vedlikehold av bygginger, vaktmester tjenester, betong arbeider, konsulent tjenester.;5 ansatte + eiendom i formål + AS (e-post lovlig)
45;eiendom;HÅNDLYKKEN TAKST;834830302;ENK;telefon/LinkedIn (ENK — ikke uanmodet e-post);marianne.haandlykken@gmail.com;41642753;;Ranesvegen 46;6456;SKÅLA;MOLDE;;74.990 All annen faglig, vitenskapelig og teknisk virksomhet ikke nevnt annet sted;2025-01-13;Taksering av skade på bygninger og løsøre.;skade/forsikring i formål + e-post i registeret
45;eiendom;KOMPLETT TAKSERING AS;966972017;AS;e-post/telefon;;22464746;;Olaf Helsets vei 5;0694;OSLO;OSLO;6;68.320 Eiendomsforvaltning på oppdrag;1995-02-20;Takseringsvirksomhet av eiendom. Utarbeidelse av tilstandsrapporter. Takstformidling.;6 ansatte + eiendom i formål + AS (e-post lovlig)
45;eiendom;KVALA TAKST AS;933030202;AS;e-post/telefon;;;;Vestheimvegen 49;4250;KOPERVIK;KARMØY;6;68.320 Eiendomsforvaltning på oppdrag;2024-02-19;Taksering av fast eiendom.;6 ansatte + eiendom i formål + AS (e-post lovlig)
45;eiendom;NORD TAKSERING AS;986593640;AS;e-post/telefon;post@nordtaksering.no;35 55 35 31;www.nordtaksering.no;Moen 12;3948;PORSGRUNN;PORSGRUNN;10;74.990 All annen faglig, vitenskapelig og teknisk virksomhet ikke nevnt annet sted;2004-03-01;Takseringstjenester og annen konsulentbistand innenfor ingeniørtjenester av bygningsmessige karakter, samt andre beslektede tjenester.;10 ansatte + AS (e-post lovlig) + e-post i registeret + hjemmeside
45;eiendom;SLEIRE BYGG OG TAKST AS;934914465;AS;e-post/telefon;;;;Hjetlandsvegen 19;6993;HØYANGER;HØYANGER;6;41.000 Oppføring av bygninger;2025-01-24;Tømrer, oppføring og vedlikehold av bygninger. Takstmann.;6 ansatte + eiendom i formål + AS (e-post lovlig)
45;eiendom;SLETTEDAL TAKST OG EIENDOM AS;915282199;AS;e-post/telefon;;924 43 337;;Bjørnåsveien 23;3229;SANDEFJORD;SANDEFJORD;5;74.990 All annen faglig, vitenskapelig og teknisk virksomhet ikke nevnt annet sted;2015-04-22;Taksering, byggeoppdrag, salg og utleie av eiendommer.;5 ansatte + eiendom i formål + AS (e-post lovlig)
45;eiendom;STAVERN TAKSERING AS;951945811;AS;e-post/telefon;stavern@taksering-as.no;33 19 98 59;www.taksering-as.no;Moen 12;3948;PORSGRUNN;PORSGRUNN;8;68.110 Kjøp og salg av egen fast eiendom;1995-02-19;Taksering og konsulentvirksomhet.;8 ansatte + AS (e-post lovlig) + e-post i registeret + hjemmeside
45;eiendom;TAKSERING SØRVEST AS;929476190;AS;e-post/telefon;;;;Halfdan Kjerulfs vei 5;4023;STAVANGER;STAVANGER;6;68.320 Eiendomsforvaltning på oppdrag;2022-07-11;Taksering av eiendom, bygg og anlegg og kjøp / salg av eiendom og andre produkter / tjenester som naturlig hører sammen med dette.;6 ansatte + eiendom i formål + AS (e-post lovlig)
45;eiendom;TAKSERING VEST AS;927427060;AS;e-post/telefon;;;;Øvre Stokkavei 10;4023;STAVANGER;STAVANGER;5;68.320 Eiendomsforvaltning på oppdrag;2021-07-15;Taksering av eiendom/bygg/Anlegg, Kjøp/Salg av eiendom og andre produkter/tjenester som hører sammen med dette.;5 ansatte + eiendom i formål + AS (e-post lovlig)
45;eiendom;TAKST OG BYGG CONSULT AS;923798560;AS;e-post/telefon;;;;Litlabøvegen 270;5417;STORD;STORD;5;68.320 Eiendomsforvaltning på oppdrag;2019-11-11;Konsulenttjenester innen takst og bygg.;5 ansatte + eiendom i formål + AS (e-post lovlig)
45;eiendom;TAKSTFORUM TELEMARK AS;918411348;AS;e-post/telefon;;;;Porsgrunnsvegen 188;3735;SKIEN;SKIEN;6;71.121 Byggeteknisk konsulentvirksomhet;2017-01-20;Byggteknisk konsulentvirksomhet.;6 ansatte + eiendom i formål + AS (e-post lovlig)
45;eiendom;TAKSTKONSULENT1 AS;923193758;AS;e-post/telefon;;;;Vesterheimveien 2;1712;GRÅLUM;SARPSBORG;5;68.320 Eiendomsforvaltning på oppdrag;2019-08-14;Alt innen boligtaksering, uavhengig kontroll og byggteknisk konsulentvirksomhet.;5 ansatte + eiendom i formål + AS (e-post lovlig)
45;eiendom;TAKSTMANNEN AS;999630642;AS;e-post/telefon;;;;Holterveien 2A;1448;DRØBAK;FROGN;6;74.990 All annen faglig, vitenskapelig og teknisk virksomhet ikke nevnt annet sted;2013-01-31;Taksering og kontroll av bygninger og eiendommer.;6 ansatte + eiendom i formål + AS (e-post lovlig)
45;eiendom;WITSØ OG SVEA TAKST AS;930609188;AS;e-post/telefon;;;;Travbanevegen 1;7061;TRONDHEIM;TRONDHEIM;7;74.990 All annen faglig, vitenskapelig og teknisk virksomhet ikke nevnt annet sted;2023-01-09;Takseringstjenester. Taksering av eiendom og tilhørende virksomhet.;7 ansatte + eiendom i formål + AS (e-post lovlig)
40;eiendom;FEMTEGJELD TAKST;921323409;ENK;telefon/LinkedIn (ENK — ikke uanmodet e-post);;;;Knappestøperen 23;1535;MOSS;MOSS;;74.990 All annen faglig, vitenskapelig og teknisk virksomhet ikke nevnt annet sted;2018-08-30;Skadetaksering og prosjektoppfølging.;skade/forsikring i formål
40;eiendom;NATELAND TAKST OG INGENIØR;933720063;ENK;telefon/LinkedIn (ENK — ikke uanmodet e-post);;;;Mæselvegen 225;4646;FINSLAND;KRISTIANSAND;;74.990 All annen faglig, vitenskapelig og teknisk virksomhet ikke nevnt annet sted;2024-07-02;Taksering av bygningsskader, forhåndsbefaring, enkle ingeniøroppdrag.;skade/forsikring i formål
40;eiendom;TAKST MEGLEREN JUUL;933635724;ENK;telefon/LinkedIn (ENK — ikke uanmodet e-post);;;;Hamangskogen 96;1338;SANDVIKA;BÆRUM;;74.990 All annen faglig, vitenskapelig og teknisk virksomhet ikke nevnt annet sted;2024-06-19;Hjelpe forsikringsselskaper med takst.;skade/forsikring i formål
40;eiendom;TAKST TEAM TRØNDELAG DA;980822834;DA;e-post/telefon;;72 88 96 55;;Vestre Rosten 73;7072;HEIMDAL;TRONDHEIM;;68.320 Eiendomsforvaltning på oppdrag;1999-07-15;Taksering av bygninger - verdi og skade.;skade/forsikring i formål
40;eiendom;TAKSTGRUPPEN DØHLEN;926203894;ENK;telefon/LinkedIn (ENK — ikke uanmodet e-post);;;;c/o Eirik Døhlen, Fernanda Nissens gate 3B;0484;OSLO;OSLO;0;74.990 All annen faglig, vitenskapelig og teknisk virksomhet ikke nevnt annet sted;2020-12-17;Takseringstjenester innen skadesaker med rådgivning.;skade/forsikring i formål
40;eiendom;VELSTAD TAKST;969942887;ENK;telefon/LinkedIn (ENK — ikke uanmodet e-post);;32 71 54 81;;Vestsideveien 448;3350;PRESTFOSS;SIGDAL;;41.000 Oppføring av bygninger;1995-02-20;Oppføring av hus, hytter, rehabilitering, betongarbeider, muring, flisarbeid. Verdi- og skadetaksering.;skade/forsikring i formål
40;eiendom;YNGVE KARLSEN TAKST;969946343;ENK;telefon/LinkedIn (ENK — ikke uanmodet e-post);;934 80 670;;Granbakken 10;3021;DRAMMEN;DRAMMEN;;74.990 All annen faglig, vitenskapelig og teknisk virksomhet ikke nevnt annet sted;1995-02-20;Teknisk konsulent / Skadetakster - bygning.;skade/forsikring i formål
35;eiendom;K2 TAKSERING AS;916374879;AS;e-post/telefon;;926 44 637;;Heiane 2B;5131;NYBORG;BERGEN;6;74.990 All annen faglig, vitenskapelig og teknisk virksomhet ikke nevnt annet sted;2015-12-11;Takseringsvirksomhet.;6 ansatte + AS (e-post lovlig)
35;eiendom;TAKST MIDT AS;823147392;AS;e-post/telefon;;;;Stiklestad alle 1;7654;VERDAL;VERDAL;8;74.990 All annen faglig, vitenskapelig og teknisk virksomhet ikke nevnt annet sted;2019-07-31;Takstvirksomhet og konsulentvirksomhet, samt annen virksomhet som står i naturlig tilknytning til dette.;8 ansatte + AS (e-post lovlig)
30;eiendom;AB TAKST - AKTIV BOLIGTAKSERING AS;989686046;AS;e-post/telefon;abtakst@online.no;99 44 32 00;www.abtakst.no;Skjermvegen 34A;7023;TRONDHEIM;TRONDHEIM;;71.121 Byggeteknisk konsulentvirksomhet;2006-04-04;Drive med taksering av eiendom, samt å eie og forvalte fast eiendom, aksjer og andeler i andre selskaper, prosjektering, produksjon, byggesøknad, byggeledelse, byggekontroll, leievurdering, ferdigstillelseattester, annen rådgivning, samt å drive produksjon, agentur, handel og konsulentvirksomhet, samt virksomhet knyttet til dette.;eiendom i formål + AS (e-post lovlig) + e-post i registeret + hjemmeside
30;eiendom;AMUNDSEN TAKST AS;989658034;AS;e-post/telefon;gaute@amundsentakst.no;31 28 00 21;www.amundsentakst.no;Vaterlandsveien 23;3470;SLEMMESTAD;ASKER;0;71.121 Byggeteknisk konsulentvirksomhet;2006-04-01;Eiendomstaksering, prosjektledelse og byggrelatert virksomhet.;eiendom i formål + AS (e-post lovlig) + e-post i registeret + hjemmeside
30;eiendom;BIRKELAND TAKST & PROSJEKT AS;929958608;AS;e-post/telefon;post@birketakst.no;;birketakst.no;Østre Solberg vei 156;1425;SKI;NORDRE FOLLO;0;68.320 Eiendomsforvaltning på oppdrag;2022-09-29;Eiendomsforvaltning på oppdrag. Byggeteknisk konsulentvirksomhet.;eiendom i formål + AS (e-post lovlig) + e-post i registeret + hjemmeside
30;eiendom;BYGGMESTER/TAKSTINGENIØR HANDELAND AS;980252213;AS;e-post/telefon;post@takstmann-handeland.no;479 06 276;takstmann-handeland.no;Kyrkjegata 2;4200;SAUDA;SAUDA;0;41.000 Oppføring av bygninger;1998-11-04;Byggevirksomhet og handel og annen virksomhet som kan ha tilknytning til dette. Det skal også drives med diverse takstarbeid.;eiendom i formål + AS (e-post lovlig) + e-post i registeret + hjemmeside
30;eiendom;CENTER TAKST & PROSJEKT AS;897869322;AS;e-post/telefon;post@ctp.as;917 05 112;www.ctp.as;Skiveien 18;1816;SKIPTVET;SKIPTVET;0;74.990 All annen faglig, vitenskapelig og teknisk virksomhet ikke nevnt annet sted;2012-01-23;Taksering av eiendom. Rådgivning, konsulenttjenester og tjenester for eiendom.;eiendom i formål + AS (e-post lovlig) + e-post i registeret + hjemmeside
30;eiendom;ELVERUM TAKSTFORRETNING KOLSTAD AS;999538967;AS;e-post/telefon;kolstad@elverumtakst.no;970 36 282;www.elverumtakst.no;Bringebærvegen 27;2409;ELVERUM;ELVERUM;0;68.320 Eiendomsforvaltning på oppdrag;2013-01-19;Taksering av fast eiendom, tilstandskontroll og byggeledelse.;eiendom i formål + AS (e-post lovlig) + e-post i registeret + hjemmeside
30;eiendom;FJETLAND TAKST AS;985834598;AS;e-post/telefon;jan@fjetland.net;52 73 57 26;takst.fjetland.net;Svebakken 26;5533;HAUGESUND;HAUGESUND;0;41.000 Oppføring av bygninger;2003-07-03;Byggmestervirksomhet og takstvirksomhet.;eiendom i formål + AS (e-post lovlig) + e-post i registeret + hjemmeside
30;eiendom;FOLLO TAKSERING AS;937522673;AS;e-post/telefon;post@follotaksering.no;948 84 414;www.follotaksering.no;Bjerkelia 4;1553;SON;VESTBY;0;68.310 Eiendomsmegling og andre formidlingstjenester for eiendom;2026-05-12;Taksering og annen byggteknisk rådgivning.;eiendom i formål + AS (e-post lovlig) + e-post i registeret + hjemmeside
30;bil/marine/maskin;G-TAKST AS;912756041;AS;e-post/telefon;;;;Langårdvegen 23;3716;SKIEN;SKIEN;0;74.990 All annen faglig, vitenskapelig og teknisk virksomhet ikke nevnt annet sted;2013-11-16;Utøve konsulenttjenester innenfor takst av skader på maskiner og kjøretøy, samt investering og drift av eiendom, eie aksjer i andre selskap og annen virksomhet som står i naturlig tilknytning til dette.;skade/forsikring i formål + eiendom i formål + AS (e-post lovlig) + feil segment
30;eiendom;GEILO TAKST AS;988464848;AS;e-post/telefon;geilo.bc@online.no;97182020;www.geilotakst.no;Jonstøllie 44;3580;GEILO;HOL;0;68.320 Eiendomsforvaltning på oppdrag;2005-08-16;Taksering av eiendommer. Prosjektoppfølging og ingeniørtjenester.;eiendom i formål + AS (e-post lovlig) + e-post i registeret + hjemmeside
30;eiendom;JPA TAKST & BYGGELEDELSE AS;921558961;AS;e-post/telefon;jan.petter@jpatakstbygg.no;901 24 502;www.jpatakstbygg.no;Vestliveien 2;3128;NØTTERØY;FÆRDER;;68.320 Eiendomsforvaltning på oppdrag;2018-10-16;Taksering av fast eiendom. Byggeledelse på fast eiendom.;eiendom i formål + AS (e-post lovlig) + e-post i registeret + hjemmeside
30;eiendom;L&V TAKST AS;923358870;AS;e-post/telefon;aleksander@lvtakst.no;920 39 226;www.lvtakst.no;Pedersgata 8A;4013;STAVANGER;STAVANGER;;68.320 Eiendomsforvaltning på oppdrag;2019-09-07;Taksering, rådgivning og tekniske konsulenttjenester innen bygg og anleggsbransjen, og det som naturlig hører til.;eiendom i formål + AS (e-post lovlig) + e-post i registeret + hjemmeside
30;eiendom;LUND TAKSTINGENIØR AS;994224565;AS;e-post/telefon;post@lundtakst.com;414 59 136;lundtakst.com;Saksarhaugen 131;5253;SANDSLI;BERGEN;0;68.320 Eiendomsforvaltning på oppdrag;2009-06-17;Taksering av både næringseiendommer og privatboliger. Virksomheten vil bestå i å selge tjenester knyttet selskapets kompetanse innen taksering.;eiendom i formål + AS (e-post lovlig) + e-post i registeret + hjemmeside
30;eiendom;MARITIM TAKST AS;919823976;AS;e-post/telefon;firmapost@maritimtakst.no;993 48 638;www.maritimtakst.no;Hummerveien 2;6515;KRISTIANSUND N;KRISTIANSUND;;74.990 All annen faglig, vitenskapelig og teknisk virksomhet ikke nevnt annet sted;2017-10-31;Tilby alle former for taksering, tilstandskontroll og verdivurderinger av fritidsfartøy, yacht og yrkesfartøy. Herunder tekniske undersøkelser og dokumentering av tilstand. Maritim konsulentvirksomhet vil inngå i den daglige driften i form av tjenestebasert virksomhet.;eiendom i formål + AS (e-post lovlig) + e-post i registeret + hjemmeside
30;eiendom;MARTENS TAKST AS;915765416;AS;e-post/telefon;daniel@martenstakst.no;94 00 39 08;www.martenstakst.no;Heggelibakken 4;0375;OSLO;OSLO;0;68.320 Eiendomsforvaltning på oppdrag;2015-08-18;Verditaksering av bolig, utførelse boligsalgsrapport og tilstandsanalyser, uavhengig kontroll og konsulentvirksomhet. Planlegging, oppfølging og utførelse byggeprosjekter.;eiendom i formål + AS (e-post lovlig) + e-post i registeret + hjemmeside
30;eiendom;NESTOR TAKST AS;991314016;AS;e-post/telefon;post@nestortakst.no;38 11 11 45;www.nestortakst.no;Ægirs vei 10;4632;KRISTIANSAND S;KRISTIANSAND;13;74.990 All annen faglig, vitenskapelig og teknisk virksomhet ikke nevnt annet sted;2007-06-13;Alle typer takstvirksomhet og konsulentvirksomhet innenfor byggfaget og alt som hermed står i forbindelse. Selskapet kan drive handel med aksjer og verdipapirer, herunder lånefinansierte investeringer med verdipapirer og valuta. Videre kan selskapet eie, drive, forvalte og utvikle fast eiendom og alt som hermed står i forbindelse.;eiendom i formål + AS (e-post lovlig) + e-post i registeret + hjemmeside
30;eiendom;NORDLAND TAKST AS;914446864;AS;e-post/telefon;jb@ttbas.no;959 42 950;www.ttbas.no;C/O Jan Bårtvedt, Tverlandsveien 723;8050;TVERLANDET;BODØ;0;68.320 Eiendomsforvaltning på oppdrag;2014-11-12;Takstmannsforretning og byggeteknisk konsulentvirksomhet.;eiendom i formål + AS (e-post lovlig) + e-post i registeret + hjemmeside
30;eiendom;OPPLAND BOLIGKONTROLL OG TAKST AS;920590977;AS;e-post/telefon;takst@obtakst.no;413 20 951;www.obtakst.no;Gimlevegen 33;2846;BØVERBRU;VESTRE TOTEN;0;71.121 Byggeteknisk konsulentvirksomhet;2018-03-13;Konsulent innen bygg og anlegg.;eiendom i formål + AS (e-post lovlig) + e-post i registeret + hjemmeside
30;eiendom;OTTERDAL TAKSERING AS;836150082;AS;e-post/telefon;kontakt@otterdaltaksering.no;;otterdaltaksering.no;Tokenesveien 23;3143;KJØPMANNSKJÆR;FÆRDER;;68.320 Eiendomsforvaltning på oppdrag;2025-09-11;Taksering og konsulentvirksomhet innen bygg og eiendom.;eiendom i formål + AS (e-post lovlig) + e-post i registeret + hjemmeside
30;eiendom;PILAR TAKST AS;984624387;AS;e-post/telefon;peh@bedrerad.no;971 91 995;www.pilartakst.no;c/o Pilar Regnskap SA, Revetalgata 10;3174;REVETAL;TØNSBERG;;74.990 All annen faglig, vitenskapelig og teknisk virksomhet ikke nevnt annet sted;2002-07-23;Utføre takster og verdivurdering av landbrukseiendom.;eiendom i formål + AS (e-post lovlig) + e-post i registeret + hjemmeside
30;eiendom;SUNNMØRE EIENDOM TAKST AS;911810239;AS;e-post/telefon;frode@moretakst.no;922 36 850;www.moretakst.no;v/ Frode Mauren, Trollhaugane 18;6050;VALDERØYA;GISKE;0;68.320 Eiendomsforvaltning på oppdrag;2013-04-17;Eiendomstaksering.;eiendom i formål + AS (e-post lovlig) + e-post i registeret + hjemmeside
30;eiendom;TA TAKST OG EIENDOM AS;925170984;AS;e-post/telefon;post@tatakst.no;99 04 71 70;www.tatakst.no;Storgata 33;3256;LARVIK;LARVIK;0;71.121 Byggeteknisk konsulentvirksomhet;2020-06-09;Byggteknisk taksering og vurdering av bygning, eiendom. Byggtjenester, konsulenttjenester ifbm for eksempel søknader, byggelånsoppfølging, bygge/selge eiendom.;eiendom i formål + AS (e-post lovlig) + e-post i registeret + hjemmeside
30;bil/marine/maskin;TAKST OG BYGGKOMPETANSE AS;929536622;AS;e-post/telefon;;;;Anchersens vei 67;3043;DRAMMEN;DRAMMEN;0;71.121 Byggeteknisk konsulentvirksomhet;2022-08-02;Konsulent og rådgivning innen fagfeltet bygg og anlegg. Bygningsingeniør, utleie av bygningsingeniør på timebasis. Bygningsingeniør - skadeforsikring, taksering og byggeledelse. Avholde fagkurs for bygg og anleggs sektor samt forsikringsbransjen. Kjøp, salg og utleie av fast eiendom innenfor bolig og næring. Deltagelse i andre selskaper innenfor samme bransje. Kjøp og salg av løsøre- fra forsikringsselskaper og andre profesjonelle aktører. Kjøp og salg av kjøretøy fra forsikringsselskaper og fra andre profesjonelle aktører innen bransjen, samt utleie av kjøretøy.;skade/forsikring i formål + eiendom i formål + AS (e-post lovlig) + feil segment
30;eiendom;TAKSTFORMIDLING AS;923257020;AS;e-post/telefon;kristin.nytrae@gmail.com;;www.takstformidling.no;Tangveien 17;8520;ANKENES;NARVIK;;71.121 Byggeteknisk konsulentvirksomhet;2019-08-26;Takstkonsulenttjenester og rådgivende ingeniørvirksomhet innen bygg- og anleggsbransjen, samt alt som hører naturlig til dette.;eiendom i formål + AS (e-post lovlig) + e-post i registeret + hjemmeside
30;eiendom;TAKSTFORUM TROMS AS;991791485;AS;e-post/telefon;post@takstforumtroms.no;913 58 858;Takstforumtroms.no;Sandvikveien 115;9300;FINNSNES;SENJA;;68.320 Eiendomsforvaltning på oppdrag;2007-10-08;Taksering av div. eiendommer, også jordbrukseiendommer, bolighus, og hva som naturlig vil være i sammenheng med virksomheten.;eiendom i formål + AS (e-post lovlig) + e-post i registeret + hjemmeside
30;eiendom;TAKSTINGENIØR HELGE FJELLRO AS;895945692;AS;e-post/telefon;post@helgefjellro.no;41140500;www.helgefjellro.no;Vavollen 144;5610;ØYSTESE;KVAM;0;68.320 Eiendomsforvaltning på oppdrag;2010-10-06;Eiendomstaksering, byggevirksomhet, kjøp og salg av fast eiendom, rehabilitering, samt annen virksomhet som naturlig hører til.;eiendom i formål + AS (e-post lovlig) + e-post i registeret + hjemmeside
30;eiendom;TAKSTKONTORET - ØISTEIN FOTLAND AS;928665127;AS;e-post/telefon;fotland@takstkontoret.no;922 45 824;www.takstkontoret.no;Shetlands-Larsens vei 17;5143;FYLLINGSDALEN;BERGEN;0;68.320 Eiendomsforvaltning på oppdrag;2022-02-03;Verditaksering av eiendommer. Tilstandsrapporter for eiendommer i tilknytning til salg. Rådgivning i tilknytning til kjøp og salg av eiendommer. Bygningssakkyndig i tilknytning til eiendomsomsetning m.m.;eiendom i formål + AS (e-post lovlig) + e-post i registeret + hjemmeside
30;eiendom;TAKSTMANN ATLE ARKØY AS;998463092;AS;e-post/telefon;atle@takstselskapet.no;920 49 738;www.takstselskapet.no;C/o Solvær Arkøy, Granåsen 74B;1362;HOSLE;BÆRUM;0;68.320 Eiendomsforvaltning på oppdrag;2012-06-07;Taksering og konsulentvirksomhet innen bygg og eiendom og annen virksomhet som naturlig hører sammen med dette, herunder å delta i andre selskaper som naturlig hører til dette.;eiendom i formål + AS (e-post lovlig) + e-post i registeret + hjemmeside
30;eiendom;TAKSTMANN OLAV LARSPLASS AS;928187780;AS;e-post/telefon;olav.lpl@hebb.no;980 90 998;www.boligtakster.no;Storgata 12;3520;JEVNAKER;JEVNAKER;0;68.320 Eiendomsforvaltning på oppdrag;2021-11-22;Taksering av bygg og boligeiendom samt bygg- og tømrervirksomhet, kjøp og salg av byggematriell og andre produkter/tjenester som naturlig hører sammen med dette, herunder å delta i andre selskap med lignende virksomhet, og kjøp og salg av aksjer eller på annen måte gjøre seg interessert i andre foretak.;eiendom i formål + AS (e-post lovlig) + e-post i registeret + hjemmeside
30;bil/marine/maskin;TAKSTMANNRINGEN AS;968295020;AS;e-post/telefon;;63 80 24 16;;Floraveien 30;2007;KJELLER;LILLESTRØM;;74.990 All annen faglig, vitenskapelig og teknisk virksomhet ikke nevnt annet sted;1995-02-20;Taksering av verdi og skade på eiendom, industri, skip og maskiner, deltagelse i andre selskaper med økonomisk interesse samt kjøp og salg av disse og alt hva herved kommer i forbindelse.;skade/forsikring i formål + eiendom i formål + AS (e-post lovlig) + feil segment
30;eiendom;TYNSET TAKST AS;816902282;AS;e-post/telefon;post@tynsettakst.no;977 00 692;www.tynsettakst.no;Telnesveien 35;2500;TYNSET;TYNSET;0;74.990 All annen faglig, vitenskapelig og teknisk virksomhet ikke nevnt annet sted;2016-03-17;Taksering av eiendom og bygninger, konsulenttjenester innen byggebransjen og deltakelse i andre virksomheter.;eiendom i formål + AS (e-post lovlig) + e-post i registeret + hjemmeside
30;eiendom;VEDI TAKSERING AS;915001882;AS;e-post/telefon;info@vedi-vanntetting.no;468 64 651;www.vedi-vanntetting.no;Hellebruvegen 7;3850;KVITESEID;KVITESEID;0;43.990 Annen spesialisert bygge- og anleggsvirksomhet ikke nevnt annet sted;2015-02-26;Vanntetting av kjellere, og arbeid som henger sammen med dette. Salg av tettemateriell. Murerarbeid. Taksering av eiendommer og alt som hører under denne typen virksomhet.;eiendom i formål + AS (e-post lovlig) + e-post i registeret + hjemmeside
30;bil/marine/maskin;VESTLAND BYGG OG TAKST AS;932097605;AS;e-post/telefon;;;;Asskaret 45A;5310;HAUGLANDSHELLA;ASKØY;0;68.320 Eiendomsforvaltning på oppdrag;2023-09-20;Taksttjenester. Tilstandsrapporter for boligsalg. Skade og naturskadetaksering. Bygg og maskinarbeid. Skogsdrift. Gårdsvirksomhet/grasproduksjon.;skade/forsikring i formål + eiendom i formål + AS (e-post lovlig) + feil segment
30;eiendom;ØYUM TAKST OG EIENDOM AS;919408650;AS;e-post/telefon;erik@taksthuset.no;900888685;www.taksthuset.no;Rognerudveien 19B;0681;OSLO;OSLO;0;68.320 Eiendomsforvaltning på oppdrag;2017-08-15;Verditaksere fast eiendom og utarbeide tilstandsrapporter på fast eiendom. Selskapet skal kunne påta seg mindre byggeprosjekter, samt byggeledelse og konsulentvirksomhet. Investere i eiendom.;eiendom i formål + AS (e-post lovlig) + e-post i registeret + hjemmeside
25;eiendom;3T-TAKSERING AS;916122187;AS;e-post/telefon;ofrivoll@3t-taksering.no;;;Ole Deviks vei 44;0668;OSLO;OSLO;;74.990 All annen faglig, vitenskapelig og teknisk virksomhet ikke nevnt annet sted;2015-10-24;Takstjenester og byggetekniske konsulenttjenester.;eiendom i formål + AS (e-post lovlig) + e-post i registeret
25;eiendom;A1-TAKST AS;992698918;AS;e-post/telefon;rune@bergen-boligtaksering.no;55 17 98 00;;Baneveien 35;5010;BERGEN;BERGEN;0;68.200 Utleie av egen eller leid fast eiendom;2008-06-18;Investering i andre selskaper, samt investering i eiendom.;eiendom i formål + AS (e-post lovlig) + e-post i registeret
25;eiendom;AB TAKSERING OG EIENDOM AS;987726172;AS;e-post/telefon;anders.bryhn@online.no;93 43 78 61;;Huldreveien 19E;0781;OSLO;OSLO;0;68.320 Eiendomsforvaltning på oppdrag;2005-01-18;Takst og verdivurdering av eiendom, håndverkstjenester og transport tjenester.;eiendom i formål + AS (e-post lovlig) + e-post i registeret
25;eiendom;AGENDA TAKSERING AS;913850823;AS;e-post/telefon;einar@agendataksering.no;904 00 293;;Landskronaveien 181;2013;SKJETTEN;LILLESTRØM;0;74.990 All annen faglig, vitenskapelig og teknisk virksomhet ikke nevnt annet sted;2014-07-04;Takseringsvirksomhet eiendom. Utarbeidelse av tilstandsrapporter.;eiendom i formål + AS (e-post lovlig) + e-post i registeret
25;eiendom;AMAFINE TAKST AS;914889162;AS;e-post/telefon;per-ove@online.no;901 80 720;;Lundenveien 16;3211;SANDEFJORD;SANDEFJORD;;74.990 All annen faglig, vitenskapelig og teknisk virksomhet ikke nevnt annet sted;2015-02-02;Taksering, prosjektledelse, byggevirksomhet, eiendomsdrift.;eiendom i formål + AS (e-post lovlig) + e-post i registeret
25;eiendom;ASKER TAKSTFORUM AS;981306848;AS;e-post/telefon;d.mosveen@ekmo.no;908 67 987;;Hagaløkkveien 13;1383;ASKER;ASKER;;71.121 Byggeteknisk konsulentvirksomhet;1999-11-29;Drive konsulentvirksomhet og utleie av personal samt gjøre investeringer i fast eiendom og verdipapirer.;eiendom i formål + AS (e-post lovlig) + e-post i registeret
25;eiendom;BERGEN TAKSERING AS;821639662;AS;e-post/telefon;helge@bergentaksering.no;901 89 966;;c/o Helge Madsen, Formanns vei 18H;5037;BERGEN;BERGEN;0;41.000 Oppføring av bygninger;2018-10-31;Tømrertjenster. Malertjenester. Mur og flis. Bygg rehabilitering. Hageservice.;eiendom i formål + AS (e-post lovlig) + e-post i registeret
25;eiendom;BERGENHUS TAKST OG BYGGTEKNIKK AS;912859266;AS;e-post/telefon;torgeirwiig@gmail.com;90810650;;Orrhøyflaten 1;5918;FREKHAUG;ALVER;0;68.320 Eiendomsforvaltning på oppdrag;2014-02-05;Takstvirksomhet og byggmesterforretning.;eiendom i formål + AS (e-post lovlig) + e-post i registeret
25;eiendom;BJERK TAKST AS;999540422;AS;e-post/telefon;bjerkhansen@gmail.com;936 32 622;;Øvre Fyllingsveien 79;5161;LAKSEVÅG;BERGEN;0;74.990 All annen faglig, vitenskapelig og teknisk virksomhet ikke nevnt annet sted;2013-01-16;Taksering av bolig og næringseiendommer, tømrervirksomhet og byggtekniske konsulenttjenester;eiendom i formål + AS (e-post lovlig) + e-post i registeret
25;eiendom;BOLIG TAKST OG TEGNING AS;927456303;AS;e-post/telefon;magnusthunshelle@gmail.com;984 32 242;;Bjorhaugslettå 30;4365;NÆRBØ;HÅ;0;71.110 Arkitektvirksomhet;2021-08-16;Arkitektjenester, bygg. Ingeniør- og prosjektledertjenester innen byggeprosjekter. Eiendomsmegler.;eiendom i formål + AS (e-post lovlig) + e-post i registeret
25;eiendom;BORG BYGG OG TAKST AS;916093853;AS;e-post/telefon;daniel@borgbyggtakst.no;916 64 090;;Nabbetorpveien 16;1632;GAMLE FREDRIKSTAD;FREDRIKSTAD;0;41.000 Oppføring av bygninger;2015-10-19;Oppføring og restaurering av bygg, samt taksering av eneboliger.;eiendom i formål + AS (e-post lovlig) + e-post i registeret
25;eiendom;BRATTLI TAKST OG BYGGVURDERING AS;993213675;AS;e-post/telefon;gab@janbrattli.no;97013690;;Hovsveien 158;1769;HALDEN;HALDEN;0;68.320 Eiendomsforvaltning på oppdrag;2008-10-22;Eiendomsforvaltning. Oppføring av bygninger. Eie aksjer og andeler i andre foretak.;eiendom i formål + AS (e-post lovlig) + e-post i registeret
25;eiendom;BYGG & TAKST AS;988908428;AS;e-post/telefon;furu@gipsbyggern.no;995 28 491;;Henrik Bulls veg 48;2069;JESSHEIM;ULLENSAKER;;71.121 Byggeteknisk konsulentvirksomhet;2005-11-14;Taksering av eiendom.  ;eiendom i formål + AS (e-post lovlig) + e-post i registeret
25;eiendom;BYGG OG TAKST PARTNER AS;937451806;AS;e-post/telefon;stiansvendsenbygg@gmail.com;46 98 27 33;;Solbakken 2;5209;OS;BJØRNAFJORDEN;;68.320 Eiendomsforvaltning på oppdrag;2026-03-30;Bolig taksering. Tømrer oppdrag.;eiendom i formål + AS (e-post lovlig) + e-post i registeret
25;eiendom;BYGGMESTER OG TAKSTMANN FREDRIK UTAKER AS;898714802;AS;e-post/telefon;post@byggmestertakst.no;930 84 863;;Oustmyrvegen 28;7080;HEIMDAL;TRONDHEIM;;41.000 Oppføring av bygninger;2012-08-15;Tømrer- og takseringsarbeider.;eiendom i formål + AS (e-post lovlig) + e-post i registeret
25;eiendom;BØRTIND BYGG OG TAKSERING AS;932853523;AS;e-post/telefon;tverlandet.bygg.taksering.as@gmail.com;476 59 555;;Bodøveien 2126;8050;TVERLANDET;BODØ;;74.990 All annen faglig, vitenskapelig og teknisk virksomhet ikke nevnt annet sted;2024-01-19;Tjenester innen bygg og taksering.;eiendom i formål + AS (e-post lovlig) + e-post i registeret
25;eiendom;FROSTERØD TAKST AS;924782544;AS;e-post/telefon;;;www.takstmannen.no;Nordre Elvegate 21;1597;MOSS;MOSS;0;74.990 All annen faglig, vitenskapelig og teknisk virksomhet ikke nevnt annet sted;2020-03-17;Takseringsoppdrag av fast eiendom.;eiendom i formål + AS (e-post lovlig) + hjemmeside
25;eiendom;GK TAKST & EIENDOM AS;993417106;AS;e-post/telefon;gunnar@gktakst.no;900 14 357;;Ingeborgskogen 15;2056;ALGARHEIM;ULLENSAKER;0;68.320 Eiendomsforvaltning på oppdrag;2008-12-11;Takst av eiendom, rådgivning/ konsulenttjenester innen bygg og anlegg.;eiendom i formål + AS (e-post lovlig) + e-post i registeret
25;eiendom;GOHEIM TAKST OG BYGGCONSULT AS;998559391;AS;e-post/telefon;goheim@frisurf.no;90612231;;Dalbotnveien 87;8920;SØMNA;BRØNNØY;0;74.990 All annen faglig, vitenskapelig og teknisk virksomhet ikke nevnt annet sted;2012-06-28;Taksering av bygg og annen dertil tilhørende virksomhet.;eiendom i formål + AS (e-post lovlig) + e-post i registeret
25;eiendom;GRUBBE TAKST OG BYGG AS;933606155;AS;e-post/telefon;grubbebs@gmail.com;996 99 866;;Farmannvegen 49;3925;PORSGRUNN;PORSGRUNN;0;68.320 Eiendomsforvaltning på oppdrag;2024-06-13;Takst tjenester. Bygg/tømrer tjenester.;eiendom i formål + AS (e-post lovlig) + e-post i registeret
25;eiendom;HALVORSEN TAKST OG EIENDOM AS;916848722;AS;e-post/telefon;halvorsen@takst-eiendom.no;95 93 80 00;;Nygårdsveien 30;1423;SKI;ÅS;0;71.121 Byggeteknisk konsulentvirksomhet;2016-03-07;Hjelpe og bistå private og næringsdrivende ved og i byggeprosjekter nye som gamle, skal bistå kunden i alle faser og sammenhenger. Selskapet skal også være utførende i alle slags byggeprosjekt. Drift av eiendom, selskap, konsulent og rådgivning. Alt innen Teknisk DD og taksering av private og næringseiendommer. Herunder også kjøp og salg og utleie.;eiendom i formål + AS (e-post lovlig) + e-post i registeret
25;eiendom;HARDANGER TAKST OG KONSULENTTJENESTER AS;929042883;AS;e-post/telefon;hardangertakst@gmail.com;959 67 473;;Freimsvegen 11;5750;ODDA;ULLENSVANG;0;71.121 Byggeteknisk konsulentvirksomhet;2022-04-06;Ingeniør- og prosjektledertjenester innen byggeprosjekter. Utleie av bygg- og anleggsmaskiner (uten personell).;eiendom i formål + AS (e-post lovlig) + e-post i registeret
25;eiendom;HELGELAND TAKST AS;915498345;AS;e-post/telefon;post@gstakst.no;480 89 058;;Strandgata 13B;8622;MO I RANA;RANA;0;68.320 Eiendomsforvaltning på oppdrag;2015-06-12;Takseringsvirksomhet. Byggekontroll .Konsulenttjenester innenfor bygg og anlegg. Kjøp og salg av aksjer i andre selskap.;eiendom i formål + AS (e-post lovlig) + e-post i registeret
25;eiendom;HOLT PLAN OG TAKST AS;819909032;AS;e-post/telefon;torgeirholt@hotmail.com;992 38 849;;Langåsveien 12;0880;OSLO;OSLO;0;71.121 Byggeteknisk konsulentvirksomhet;2017-11-15;Rådgivende ingeniør innenfor bygg og anlegg, som prosjektering av vei og byplanlegging.;eiendom i formål + AS (e-post lovlig) + e-post i registeret
25;eiendom;INDRE ØSTFOLD TAKST AS;916010087;AS;e-post/telefon;freste@online.no;936 39 552;;Åssiden 20;1860;TRØGSTAD;INDRE ØSTFOLD;;74.990 All annen faglig, vitenskapelig og teknisk virksomhet ikke nevnt annet sted;2015-10-09;Taksering av bygg, tømrer- og snekkervirksomhet og alt hva dermed står i forbindelse. Vaktmestervirksomhet, samt deltagelse i andre selskaper.;eiendom i formål + AS (e-post lovlig) + e-post i registeret
25;eiendom;INGENIØR OG TAKSTMANN THOMAS A. HAUGAN AS;997727622;AS;e-post/telefon;tahaugan@online.no;970 83 083;;Sogstikollen 4;1446;DRØBAK;FROGN;0;68.320 Eiendomsforvaltning på oppdrag;2011-12-15;Taksering og konsulenttjenester innenfor byggebransjen. Investere, forvalte og drive fast eiendom, samt investeringer i andre selskaper;eiendom i formål + AS (e-post lovlig) + e-post i registeret
25;eiendom;INNLANDET- VIKEN TAKST AS;929552032;AS;e-post/telefon;borger.raekstad@gmail.com;984 28 497;;c/o Ola Rækstad, Rækstadgutua 12;2760;BRANDBU;GRAN;;71.121 Byggeteknisk konsulentvirksomhet;2022-07-27;Taksering. Byggesaksbehandling. Energirådgivning. Håndverkertjenester.;eiendom i formål + AS (e-post lovlig) + e-post i registeret
25;eiendom;JON'S BYGG OG TAKST AS;924324309;AS;e-post/telefon;jonkleiv@hotmail.no;970 32 594;;Liavegen 1501;2686;LOM;LOM;0;41.000 Oppføring av bygninger;2020-01-02;Takst og tømrertjenester.;eiendom i formål + AS (e-post lovlig) + e-post i registeret
25;eiendom;KB TAKST AS;814787192;AS;e-post/telefon;kjetil@kbtakst.no;930 00 930;;Tårnfjellvegen 24;3910;PORSGRUNN;PORSGRUNN;0;74.990 All annen faglig, vitenskapelig og teknisk virksomhet ikke nevnt annet sted;2015-01-13;Taksering og kontroll av boliger og eiendommer.;eiendom i formål + AS (e-post lovlig) + e-post i registeret
25;eiendom;KIRKENES BYGG & TAKST AS;925347892;AS;e-post/telefon;taksering-4u@outlook.com;906 03 555;;Solheimsveien 5;9900;KIRKENES;SØR-VARANGER;;68.320 Eiendomsforvaltning på oppdrag;2020-07-30;Takst. Prosjektledelse. Uavhengige kontroller. Handtverk, kjøp salg av materiell utleie av driftsmidler.;eiendom i formål + AS (e-post lovlig) + e-post i registeret
25;eiendom;KLEIVDAL TAKSERING AS;916271654;AS;e-post/telefon;tekl@online.no;907 23 878;;Hagellia 6;5914;ISDALSTØ;ALVER;0;74.990 All annen faglig, vitenskapelig og teknisk virksomhet ikke nevnt annet sted;2015-11-20;Taksering av boliger og bygg.;eiendom i formål + AS (e-post lovlig) + e-post i registeret
25;eiendom;MØRE TAKSTCONSULT AS;999332579;AS;e-post/telefon;stig.vatne@gmail.com;919 91 555;;Karolusplassen 8;6014;ÅLESUND;ÅLESUND;0;74.990 All annen faglig, vitenskapelig og teknisk virksomhet ikke nevnt annet sted;2013-01-08;Eiendomstaksering.;eiendom i formål + AS (e-post lovlig) + e-post i registeret
25;eiendom;NAVAR TAKST OG EIENDOM AS;981412680;AS;e-post/telefon;postmaster@navar.no;56 17 63 60;;Bustølvegen 40;5919;FREKHAUG;ALVER;0;68.110 Kjøp og salg av egen fast eiendom;2000-04-10;Investeringsvirksomhet rettet mot eiendomsmarkedet herunder utbygging, prosjektering, kjøp og salg av eiendom, byggevarer og annen beslektet virksomhet samt deltakelse i andre selskap.;eiendom i formål + AS (e-post lovlig) + e-post i registeret
25;eiendom;NORDMØRE TAKSERING AS;925247820;AS;e-post/telefon;dag@nordmoretaksering.no;476 73 507;;Flintegata 18B;6510;KRISTIANSUND N;KRISTIANSUND;0;74.990 All annen faglig, vitenskapelig og teknisk virksomhet ikke nevnt annet sted;2020-06-29;Taksering av bolig og næring ennenfor privat og offentlig sektor.;eiendom i formål + AS (e-post lovlig) + e-post i registeret
25;eiendom;NYGÅRD TAKST OG TØMRING AS;931511041;AS;e-post/telefon;nygardtakstogtomring@gmail.com;;;Prestanesvegen 95;5392;STOREBØ;AUSTEVOLL;0;74.990 All annen faglig, vitenskapelig og teknisk virksomhet ikke nevnt annet sted;2023-06-03;Taksering. Tømring. Byggteknisk konsulenttjenester.;eiendom i formål + AS (e-post lovlig) + e-post i registeret
25;eiendom;ODAL TAKST OG EIENDOM AS;992798688;AS;e-post/telefon;erland@nordsetmoen.no;91663651;;Hagabergvegen 4;2110;SLÅSTAD;SØR-ODAL;0;41.000 Oppføring av bygninger;2008-06-18;Å drive entreprenør- og tømrervirksomhet, yte konsulenttjenester, drive handel, taksering av eiendommer og utstyr og alt hva dermed står i forbindelse. Selskapet kan kjøpe, selge og drive med leie av fast eiendom inklusive utbyggingsområder og utbygging av boligprosjekter. I tillegg kan selskapet delta i andre selskap av enhver art.;eiendom i formål + AS (e-post lovlig) + e-post i registeret
25;eiendom;OPPEDAL TAKST & CONSULT AS;915586171;AS;e-post/telefon;oppedal@enivest.net;57 86 02 92;;Urene 20;6770;NORDFJORDEID;STAD;;74.990 All annen faglig, vitenskapelig og teknisk virksomhet ikke nevnt annet sted;2015-06-26;Bygg og anlegg. Taksering av boliger, tomter og næringsarealer. Rådgiving innen bygg og anlegg, ingeniørtjeneste. Bygningsingeniør og takstingeniør.;eiendom i formål + AS (e-post lovlig) + e-post i registeret
25;eiendom;PROFF TAKST AS;916135041;AS;e-post/telefon;fredrik@profftakst.no;908 19 180;;Nordtjønnveien 23F;4620;KRISTIANSAND S;KRISTIANSAND;0;68.320 Eiendomsforvaltning på oppdrag;2015-10-27;Taksering og energimerking og andre produkter/tjenester som naturlig hører sammen med dette. Selskapet kan investere i aksjer og fast eiendom samt alt hva herved står i forbindelse.;eiendom i formål + AS (e-post lovlig) + e-post i registeret
25;eiendom;RETT-TAKST AS;913193881;AS;e-post/telefon;hagen@hagenbs.no;913 75 920;;c/o Kjell-Arne Hagen, Radiatorvegen 2;2040;KLØFTA;ULLENSAKER;0;68.320 Eiendomsforvaltning på oppdrag;2014-02-26;Taksering av eiendom, bygg og alt annet som naturlig hører inn under dette.;eiendom i formål + AS (e-post lovlig) + e-post i registeret
25;eiendom;ROGNERUD BYGG & TAKST AS;892470952;AS;e-post/telefon;chris@rognerudbygg.no;94 37 00 84;;Kongsveien 14;9408;HARSTAD;HARSTAD;25;43.120 Grunnarbeid;2008-03-29;Tømrer, oppføring og vedlikehold av bygninger.;eiendom i formål + AS (e-post lovlig) + e-post i registeret
25;eiendom;RUNE KRISTIANSEN TAKST AS;977462568;AS;e-post/telefon;runekr@online.no;90923760;;Maridalsveien 300;0872;OSLO;OSLO;0;41.000 Oppføring av bygninger;1997-04-18;Tømrermester. Verditaksering av fast eiendom + konsulenttjenester.;eiendom i formål + AS (e-post lovlig) + e-post i registeret
25;eiendom;RØROS TAKST AS;915224466;AS;e-post/telefon;oleerik.feragen@hotmail.com;988 51 165;;Harsjøveien 61;7375;RØROS;RØROS;0;68.320 Eiendomsforvaltning på oppdrag;2015-04-13;Taksering av enebolig, aksje-/andelsleilighet, mindre næringseiendom, tomt. Tilsstandsanalyser og boligsalgsrapport. Investering i fast eiendom.;eiendom i formål + AS (e-post lovlig) + e-post i registeret
25;eiendom;SANDEFJORD TAKSERING OG BYGGTJENESTER AS;880638432;AS;e-post/telefon;kegun@sandefjordbredband.net;92898383;;Helgerødgrenda 36;3233;SANDEFJORD;SANDEFJORD;0;74.990 All annen faglig, vitenskapelig og teknisk virksomhet ikke nevnt annet sted;1999-03-29;Taksering inne forskjellig kategorier, tjenester innen bygg og anlegg, snekkerarbeider, investering i bygg og eiendom;eiendom i formål + AS (e-post lovlig) + e-post i registeret
25;eiendom;SKARRA TAKST AS;815040252;AS;e-post/telefon;skarrabygg@yahoo.no;917 27 503;;Underlia 255;3021;DRAMMEN;DRAMMEN;;74.990 All annen faglig, vitenskapelig og teknisk virksomhet ikke nevnt annet sted;2015-02-27;Taksering av eiendommer og tømrerarbeid.;eiendom i formål + AS (e-post lovlig) + e-post i registeret
25;eiendom;SÆVE TAKST AS;918761314;AS;e-post/telefon;ingve.saeve@gmail.com;926 44 244;;H2, Felt 2, Åmøyveien 69;4158;BRU;STAVANGER;0;71.121 Byggeteknisk konsulentvirksomhet;2017-03-27;Byggteknisk konsulentvirksomhet.;eiendom i formål + AS (e-post lovlig) + e-post i registeret
25;eiendom;TAKSERINGSTJENESTER AS;914291135;AS;e-post/telefon;kato@takseringstjenester.no;991 26 687;;Blåtoppveien 64;1481;HAGAN;NITTEDAL;0;68.320 Eiendomsforvaltning på oppdrag;2014-11-19;Taksering av fast eiendom og rådgivning innenfor dette. Konsulenttjenester innen økonomi og regnskap til bedrifter.;eiendom i formål + AS (e-post lovlig) + e-post i registeret
25;eiendom;TAKST & EIENDOMSTJENESTER AS;978671721;AS;e-post/telefon;hugo@mestertakst.no;56 36 07 50;;Skodvinsvegen 112;5956;HUNDVIN;ALVER;0;71.121 Byggeteknisk konsulentvirksomhet;1997-07-04;Eiendomstaksering, salg av produkter og eiendommer. Konsulenttjenester.;eiendom i formål + AS (e-post lovlig) + e-post i registeret
25;eiendom;TAKST &BYGG AS;998550939;AS;e-post/telefon;ivar@takststraume.no;920 53 232;;Gjertrudvegen 11A;5353;STRAUME;ØYGARDEN;0;68.320 Eiendomsforvaltning på oppdrag;2012-06-27;takst av eiendommer og utførelse av mindre byggeoppdrag innenfor tømmer faget;eiendom i formål + AS (e-post lovlig) + e-post i registeret
25;eiendom;TAKST HEIMEN AS;933071693;AS;e-post/telefon;ohribe@gmail.com;469 34 844;;Bergvollvegen 4A;9021;TROMSDALEN;TROMSØ;0;68.320 Eiendomsforvaltning på oppdrag;2024-03-14;Virksomheten er et takstselskap, herunder eiendomsutvikling, arkitektur og kjøp og salg av eiendom.;eiendom i formål + AS (e-post lovlig) + e-post i registeret
25;eiendom;TAKST OG BOLIG AS;913782941;AS;e-post/telefon;espen@takstogbolig.as;;;Sjøvollbukta 4;1390;VOLLEN;ASKER;;74.990 All annen faglig, vitenskapelig og teknisk virksomhet ikke nevnt annet sted;2014-06-19;Taksering og tømrer arbeider. Kjøp og salg, samt utvikling av eiendom.;eiendom i formål + AS (e-post lovlig) + e-post i registeret
25;eiendom;TAKST OG ENERGIDOKTOREN AS;997880846;AS;e-post/telefon;takstmann@henriklovdal.no;913 23 180;;Steinkleiva 7;4631;KRISTIANSAND S;KRISTIANSAND;0;74.990 All annen faglig, vitenskapelig og teknisk virksomhet ikke nevnt annet sted;2012-01-25;Taksering og Energimerking og andre produkter/tjenester som naturlig hører sammen med dette. Selskapet kan investere i aksjer og fast eiendom samt alt hva herved står i forbindelse. Info :Taksering og Energimerking vedr bygninger.;eiendom i formål + AS (e-post lovlig) + e-post i registeret
25;eiendom;TAKST OG PROSJEKTKONTROLL AS;915311326;AS;e-post/telefon;kejohan@online.no;900 99 950;;Skoklefallsletta 55;1452;NESODDTANGEN;NESODDEN;;71.121 Byggeteknisk konsulentvirksomhet;2015-05-05;Bygg og anleggs bransjen. Taksering og prosjektkontroll. Prosjektering og ledelse.;eiendom i formål + AS (e-post lovlig) + e-post i registeret
25;eiendom;TAKST OG RÅDGIVNING AS;989120727;AS;e-post/telefon;geir.c@outlook.com;924 04 059;;Bygdøy allé 111C;0273;OSLO;OSLO;0;68.120 Utvikling og salg av byggeprosjekter;2006-01-07;Oppføring og utvikling av eiendom for salg og utleie. Konsulentvirksomhet innen bygg, anlegg og eiendom forøvrig.;eiendom i formål + AS (e-post lovlig) + e-post i registeret
25;eiendom;TAKST OG UAVHENGIG KONTROLL AS;913020804;AS;e-post/telefon;post@otterbech.no;473 42 455;;c/o Åge Vadla Otterbech, Rødknappsvingene 21;4025;STAVANGER;STAVANGER;0;74.990 All annen faglig, vitenskapelig og teknisk virksomhet ikke nevnt annet sted;2014-01-04;Taksering av eiendommer og andre verdier. Byggevirksomhet. Utleie av fast eiendom. Investering i aksjer og verdipapirer.;eiendom i formål + AS (e-post lovlig) + e-post i registeret
25;eiendom;TAKST PROSJEKT AS;982413524;AS;e-post/telefon;;;www.takstpro.no;Arons vei 45;3029;DRAMMEN;DRAMMEN;0;71.129 Annen teknisk konsulentvirksomhet;2000-09-27;Taksering, verdivurdering, rådgivning, konsulentvirksomhet. Kjøp, salg og drift av fast eiendom. Kjøp og salg av aksjer.;eiendom i formål + AS (e-post lovlig) + hjemmeside
25;eiendom;TAKST TROMSØ AS;993481904;AS;e-post/telefon;knflateb@online.no;77 69 31 77;;Straumsvegen 1999;9106;STRAUMSBUKTA;TROMSØ;0;68.320 Eiendomsforvaltning på oppdrag;2009-01-05;Takstoppdrag og byggrådgivning.;eiendom i formål + AS (e-post lovlig) + e-post i registeret
25;eiendom;TAKST, ARKITEKT OG INGENIØR-TJENESTER AS;923745343;AS;e-post/telefon;brath@nsn.no;996 39 739;;Okkenhaugvegen 353;7608;LEVANGER;LEVANGER;;68.320 Eiendomsforvaltning på oppdrag;2019-11-01;Taksering av fast eiendom. Programvareutvikling. Drift av nettsteder.;eiendom i formål + AS (e-post lovlig) + e-post i registeret
25;eiendom;TAKST4U AS;916127219;AS;e-post/telefon;post@takst4u.no;;;c/o Ivar Mjøs, Gråtenveien 14;1397;NESØYA;ASKER;0;68.320 Eiendomsforvaltning på oppdrag;2015-10-26;Eiendomstaksering.;eiendom i formål + AS (e-post lovlig) + e-post i registeret
25;eiendom;TAKSTEKSPERTEN AS;913891678;AS;e-post/telefon;rogere.andersen@boligtakst.as;400 68 400;;Gjerdrumsgata 26;2000;LILLESTRØM;LILLESTRØM;0;68.320 Eiendomsforvaltning på oppdrag;2014-07-15;Takst og/eller tilstandsvurdering av eiendom, bolig og annen bygningsmasse. Eiendomsutvikling. Byggesaksveiledning, byggkontroll og byggeledelse;eiendom i formål + AS (e-post lovlig) + e-post i registeret
25;eiendom;TAKSTFIRMA KARLSTAD AS;982113148;AS;e-post/telefon;magnuskarlstad1982@gmail.com;482 01 653;;c/o Magnus Karlstad, Elgveien 46;1553;SON;VESTBY;;68.320 Eiendomsforvaltning på oppdrag;2000-06-30;Å forestå salg av konsulenttjenester og byggrelaterte konsulentoppdrag.;eiendom i formål + AS (e-post lovlig) + e-post i registeret
25;eiendom;TAKSTFORUM AS;914998727;AS;e-post/telefon;arnstein@takst.no;900 38 750;;Sorgenfrigata 33B;0365;OSLO;OSLO;0;71.121 Byggeteknisk konsulentvirksomhet;2015-02-19;Kontroll og rådgivning innen bygg og anlegg, konsulent tjenester og ellers beslektet med dette.;eiendom i formål + AS (e-post lovlig) + e-post i registeret
25;eiendom;TAKSTFORUM HOLDING AS;989233262;AS;e-post/telefon;sp@takstforumnord.no;75 50 06 10;;Olav V gate 96B;8004;BODØ;BODØ;;74.990 All annen faglig, vitenskapelig og teknisk virksomhet ikke nevnt annet sted;2006-02-13;Investering i aksjer og eiendom.;eiendom i formål + AS (e-post lovlig) + e-post i registeret
25;eiendom;TAKSTGRUPPEN AS;995705400;AS;e-post/telefon;havard@solhaugtakst.no;977 26 630;;Lenagata 39;2850;LENA;ØSTRE TOTEN;20;74.990 All annen faglig, vitenskapelig og teknisk virksomhet ikke nevnt annet sted;2010-07-05;Takseringsvirkomhet innen bygg og anlegg.;eiendom i formål + AS (e-post lovlig) + e-post i registeret
25;eiendom;TAKSTHUSET INNLANDET AS;925989479;AS;e-post/telefon;marcus@takstcon.no;483 46 935;;Ringvegen 7;2816;GJØVIK;GJØVIK;0;68.320 Eiendomsforvaltning på oppdrag;2020-11-18;Taksering av fast eiendom og konsulentvirksomhet innen bygg og anlegg. Tømrer- og snekkerarbeider, tjenester innen bygg og anlegg. Energirådgivning, tjenester innen bygg og anlegg. Rådgivende ingeniør bygg og anlegg. Byggesak.;eiendom i formål + AS (e-post lovlig) + e-post i registeret
25;eiendom;TAKSTHUSET-BODØ AS;990586365;AS;e-post/telefon;thomas@brastopp.no;906 62 243;;Nordstrandveien 65A;8012;BODØ;BODØ;;68.200 Utleie av egen eller leid fast eiendom;2006-12-09;Eie og utleie av forretningseiendom.;eiendom i formål + AS (e-post lovlig) + e-post i registeret
25;eiendom;TAKSTINGENIØR TORE REKKEDAL AS;913005228;AS;e-post/telefon;tor-rek@online.no;916 01 342;;Rundeveien 15;9415;HARSTAD;HARSTAD;0;71.129 Annen teknisk konsulentvirksomhet;2013-12-28;Byggeteknisk konsulentvirksomhet.;eiendom i formål + AS (e-post lovlig) + e-post i registeret
25;eiendom;TAKSTKLAR AS;925066974;AS;e-post/telefon;ralu@me.com;917 40 267;;Klypevegen 28;3540;NESBYEN;NESBYEN;0;68.320 Eiendomsforvaltning på oppdrag;2020-05-13;Taksering av eiendom, arkitektur og interiørdesign tjenester, samt tilknyttet konsulentvirksomhet.;eiendom i formål + AS (e-post lovlig) + e-post i registeret
25;eiendom;TAKSTMANN HARALD INGEBRIGTSEN AS;933387658;AS;e-post/telefon;parkettmannen@gmail.com;911 89 172;;Skjelavikvegen 47B;5515;HAUGESUND;HAUGESUND;0;68.320 Eiendomsforvaltning på oppdrag;2024-04-30;Taksering av eiendom.;eiendom i formål + AS (e-post lovlig) + e-post i registeret
25;eiendom;TAKSTMANN KARSTEN E. STRAND AS;998079969;AS;e-post/telefon;karsten@bonatakst.no;900 59 305;;Fjerdingveien 57;1763;HALDEN;HALDEN;0;68.320 Eiendomsforvaltning på oppdrag;2012-03-10;Takstering av fast eiendom og det som naturlig er tilknyttet dette. Byggledelse innenfor bygg og anlegg. Uavhengige kontroller i henhold til plan og bygningsloven. Investering i aksjer og fast eiendom.;eiendom i formål + AS (e-post lovlig) + e-post i registeret
25;eiendom;TAKSTMANN KJELL ERIK BJORHEIM AS;917433917;AS;e-post/telefon;kjell-erik@bjorheim.info;992 68 291;;Welhavens vei 9;4319;SANDNES;SANDNES;0;74.990 All annen faglig, vitenskapelig og teknisk virksomhet ikke nevnt annet sted;2016-08-03;Taksering av eiendommen, bygg, fritidsboliger og næringsbygg. Byggvirksomhet.;eiendom i formål + AS (e-post lovlig) + e-post i registeret
25;eiendom;TAKSTMANN KRISTIAN SUNDAL AS;929415183;AS;e-post/telefon;k.sundal@outlook.com;910 01 069;;Seljetun 1C;6900;FLORØ;KINN;0;68.320 Eiendomsforvaltning på oppdrag;2022-06-24;Taksering av bolig og eiendom.;eiendom i formål + AS (e-post lovlig) + e-post i registeret
25;eiendom;TAKSTMANN ROY BEKKESLETTEN AS;914759463;AS;e-post/telefon;roy@bekkesletten.no;416 24 600;;Vardeveien 22B;1444;DRØBAK;FROGN;0;74.990 All annen faglig, vitenskapelig og teknisk virksomhet ikke nevnt annet sted;2015-01-07;Taksering av eiendom og diverse håndverksarbeid.;eiendom i formål + AS (e-post lovlig) + e-post i registeret
25;eiendom;TAKSTMANN ØRJAN LI AS;916546068;AS;e-post/telefon;;;www.takstmannli.no;Symraveien 4A;8009;BODØ;BODØ;0;68.320 Eiendomsforvaltning på oppdrag;2016-01-12;Taksering av bygninger, byggeoppfølging og byggeledelse. Oppføring av bygninger. Samt alt som naturlig hører inn under dette.;eiendom i formål + AS (e-post lovlig) + hjemmeside
25;eiendom;TAKSTRAPPORT AS;986569855;AS;e-post/telefon;frode@bygg1vest.no;982 24 445;;Sørfjordvegen 4B;5265;YTRE ARNA;BERGEN;;68.320 Eiendomsforvaltning på oppdrag;2004-02-19;Taksering av eiendommer.;eiendom i formål + AS (e-post lovlig) + e-post i registeret
25;eiendom;TELEMARK TAKST OG BYGGVURDERING AS;992721804;AS;e-post/telefon;;35 12 26 60;www.ttbtakst.no;Uniongata 18;3732;SKIEN;SKIEN;0;71.121 Byggeteknisk konsulentvirksomhet;2008-05-28;Byggteknisk konsulentvirksomhet. Utleie av fast eiendom.;eiendom i formål + AS (e-post lovlig) + hjemmeside
25;eiendom;TELEMARK TAKST OG EIENDOM AS;980616312;AS;e-post/telefon;jan.tore@ttbtakst.no;91103866;;Frederik Stangs gate 7;3717;SKIEN;SKIEN;;41.000 Oppføring av bygninger;1999-03-22;Oppføring av eneboliger, hytter og leiligheter og næringsbygg. Takst av boliger, leiligheter, hytter og næringsbygg.;eiendom i formål + AS (e-post lovlig) + e-post i registeret
25;eiendom;TORKILDSEN TAKST AS;918060030;AS;e-post/telefon;robtor@aolnorge.no;906 20 326;;Fossekleiva 38;5119;ULSET;BERGEN;0;74.990 All annen faglig, vitenskapelig og teknisk virksomhet ikke nevnt annet sted;2016-11-23;Taksering av fast eiendom mm. Byggmester, kjøp og salg av material og tjenester. Konsulentvirksomhet.;eiendom i formål + AS (e-post lovlig) + e-post i registeret
25;eiendom;TRYGG TAKST AS;911630672;AS;e-post/telefon;post@tryggtakst.no;;;Jegersborggata 5;3256;LARVIK;LARVIK;0;68.320 Eiendomsforvaltning på oppdrag;2013-02-28;Taksering av fast eiendom.;eiendom i formål + AS (e-post lovlig) + e-post i registeret
25;eiendom;TRAASDAHL TAKST & CONSULTING AS;998413710;AS;e-post/telefon;ole.traa@gmail.com;917 07 477;;Lesja Næringspark;2665;LESJA;LESJA;0;68.320 Eiendomsforvaltning på oppdrag;2012-05-24;Taksering, bygningskontroll, entreprenørvirksomhet, HMS, byggutvikling, byggledelse, rådgivning innen eiendom og deltagelse i andre virksomheter.;eiendom i formål + AS (e-post lovlig) + e-post i registeret
25;eiendom;VECTOR TAKST OG BYGGTEKNIKK AS;995433192;AS;e-post/telefon;post@vectortakst.no;90174021;;Brattbakken 8A;1513;MOSS;MOSS;0;74.990 All annen faglig, vitenskapelig og teknisk virksomhet ikke nevnt annet sted;2010-04-28;Taksering av eiendom, prosjektering og rådgivning i byggeteknikk, arkitekt tjenester og bygningsarbeid. Kjøp/salg av varer og utstyr i tilknytning av oppdragene.;eiendom i formål + AS (e-post lovlig) + e-post i registeret
25;eiendom;VESTFOLD TAKSERING AS;991538267;AS;e-post/telefon;knut@knutroer.no;95059318;;Magnes vei 11;3151;TOLVSRØD;TØNSBERG;0;68.320 Eiendomsforvaltning på oppdrag;2007-08-06;Taksering, eie, leie ut og drifte forretningseiendommer, herunder kjøp og salg av fast eiendom, samt virksomhet som står i sammenheng.;eiendom i formål + AS (e-post lovlig) + e-post i registeret
25;eiendom;VESTRE AKER TAKST OG EIENDOM AS;928716864;AS;e-post/telefon;oivin.braekkan@gmail.com;907 58 817;;Finnhaugveien 34;0760;OSLO;OSLO;0;68.320 Eiendomsforvaltning på oppdrag;2022-02-10;Taksering og tilstandsanalyse av eiendom. Takstmann medlem av Norsk Takst. Eiendomsrelaterte rådgivingstjenester som konsulent og bygg-relaterte arbeider.;eiendom i formål + AS (e-post lovlig) + e-post i registeret
25;eiendom;VIKEN TAKSERING AS;929975405;AS;e-post/telefon;post@vikentaksering.no;;;Blåbærskogen 57;1389;HEGGEDAL;ASKER;0;68.320 Eiendomsforvaltning på oppdrag;2022-10-03;Takeseringstjenester, konsulenttjenester byggenæringen.;eiendom i formål + AS (e-post lovlig) + e-post i registeret
25;eiendom;VTB VINGER TAKST OG BYGGVURDERING AS;987965002;AS;e-post/telefon;vtbygg@online.no;91146080;;Brennavegen 10;2211;KONGSVINGER;KONGSVINGER;0;71.121 Byggeteknisk konsulentvirksomhet;2005-03-08;Byggadministrasjon/rådgivning herunder kurs og foredrag, samt naturlig tilhørende virksomhet. Kjøp og salg av fast eiendom, samt utleie av fast eiendom.;eiendom i formål + AS (e-post lovlig) + e-post i registeret
25;eiendom;WØLNER TAKST AS;999649661;AS;e-post/telefon;ole.christian@takstpro.no;911 65 643;;Neversvingen 35;3047;DRAMMEN;DRAMMEN;0;68.320 Eiendomsforvaltning på oppdrag;2013-02-05;Taksering, verdivurdering, rådgivning, konsulentvirksomhet. Kjøp, salg og drift av fast eiendom. Kjøp og salg av aksjer. Tømrer- og blikkarbeid;eiendom i formål + AS (e-post lovlig) + e-post i registeret
25;eiendom;ØSTFOLD TAKST AS;915817823;AS;e-post/telefon;svein@otakst.no;918 55 022;;Mysenveien 211;1894;RAKKESTAD;RAKKESTAD;0;68.320 Eiendomsforvaltning på oppdrag;2015-08-24;Taksering av fast eiendom og rådgivning innenfor fast eiendom, og dertil tilhørende virksomhet.;eiendom i formål + AS (e-post lovlig) + e-post i registeret
25;eiendom;ØYSTEIN OPÅS TAKSTFORRETNING AS;979351100;AS;e-post/telefon;bmaribo@online.no;62 94 85 91;;Solørvegen;2260;KIRKENÆR;GRUE;0;68.320 Eiendomsforvaltning på oppdrag;1997-10-29;Taksering, kjøp og salg av eiendommer, samt at som herved står i forbindelse med dette, herunder deltagelse i andre selskaper med samme eller lignende formål.;eiendom i formål + AS (e-post lovlig) + e-post i registeret
25;eiendom;Å TAKST AS;929574540;AS;e-post/telefon;nilseirik@gmail.com;955 52 553;;Nordre Naustbakken 14;5440;MOSTERHAMN;BØMLO;;68.320 Eiendomsforvaltning på oppdrag;2022-07-29;Selge tjenester og varer innen Taksering og byggkontroll - og annet som naturlig sammenfaller med dette - samt deltakelse i andre selskaper, investeringer og nærliggende virksomhet.;eiendom i formål + AS (e-post lovlig) + e-post i registeret
25;eiendom;AARVIK TAKST AS;922308527;AS;e-post/telefon;kevin@aarvik.as;905 06 356;;Industrivegen 51;5210;OS;BJØRNAFJORDEN;;68.320 Eiendomsforvaltning på oppdrag;2019-03-11;Taksering av eiendom.;eiendom i formål + AS (e-post lovlig) + e-post i registeret
20;eiendom;3 TAKST AS;934908236;AS;e-post/telefon;;;;Bjøllehaugvegen 7;5545;VORMEDAL;KARMØY;0;68.320 Eiendomsforvaltning på oppdrag;2025-01-23;Taksering og verdivurdering av eiendom, uavhengig kontroll og trykktest bolig, bolig oppfølging.;eiendom i formål + AS (e-post lovlig)
20;eiendom;A TAKST AS;934605837;AS;e-post/telefon;;;;Prestekrageveien 12;1890;RAKKESTAD;RAKKESTAD;0;68.310 Eiendomsmegling og andre formidlingstjenester for eiendom;2024-12-06;Eiendomsmegler.;eiendom i formål + AS (e-post lovlig)
20;eiendom;ABBEDISSEN TAKSERING AS;991387358;AS;e-post/telefon;;;;Dugstadfossen 26;5710;SKULESTADMO;VOSS;0;68.320 Eiendomsforvaltning på oppdrag;2007-07-17;Taksering av fast eiendom og annet som har naturlig tilknytning til dette.;eiendom i formål + AS (e-post lovlig)
20;eiendom;ABC-TAKST AS;987794712;AS;e-post/telefon;;74 14 62 20;;Åsvegen 86;7715;STEINKJER;STEINKJER;;68.320 Eiendomsforvaltning på oppdrag;2005-01-27;Taksering av eiendom, samt tømrer, snekkerarbeid, vaktmestertjenester, brøyting.;eiendom i formål + AS (e-post lovlig)
20;eiendom;ADUNO TAKST AS;932498189;AS;e-post/telefon;;;;Åsgårdstrandsveien 428;3179;ÅSGÅRDSTRAND;TØNSBERG;0;68.320 Eiendomsforvaltning på oppdrag;2023-11-22;Konsulenttjenester og taksering innen bygg og eiendom.;eiendom i formål + AS (e-post lovlig)
20;eiendom;AGDER BYGG OG TAKST AS;920949088;AS;e-post/telefon;;;;Høietun 77;4619;MOSBY;KRISTIANSAND;0;74.990 All annen faglig, vitenskapelig og teknisk virksomhet ikke nevnt annet sted;2018-06-05;Takstvirksomhet og det som faller naturlig i under det og håndverkertjenester. Samt investeringsvirksomhet som kjøp, salg og drift av fast eiendom og kjøp og salg av aksjer og andeler.;eiendom i formål + AS (e-post lovlig)
20;eiendom;AGDER TAKST AS;935269636;AS;e-post/telefon;;;;Meyergaten 20;4836;ARENDAL;ARENDAL;;68.320 Eiendomsforvaltning på oppdrag;2025-03-26;Taksering av boliger.;eiendom i formål + AS (e-post lovlig)
20;eiendom;AGERIA TAKST AS;936723608;AS;e-post/telefon;;;;Elveveien 52;3262;LARVIK;LARVIK;0;68.320 Eiendomsforvaltning på oppdrag;2025-12-08;Taksering av fast eiendom. Taksering av næringseiendom.;eiendom i formål + AS (e-post lovlig)
20;eiendom;AJ TAKST OG PROSJEKT AS;918872191;AS;e-post/telefon;;;;Holoveien 24;3340;ÅMOT;MODUM;0;71.121 Byggeteknisk konsulentvirksomhet;2017-04-21;Byggeteknisk konsulentvirksomhet.;eiendom i formål + AS (e-post lovlig)
20;eiendom;AKTIV TAKSERING OG BYGGRÅDGIVNING AS;933380165;AS;e-post/telefon;;;;C/O Raymond Rolfsnes, Oldernesveien 14D;5163;LAKSEVÅG;BERGEN;;68.310 Eiendomsmegling og andre formidlingstjenester for eiendom;2024-04-29;Eiendomsmegler.;eiendom i formål + AS (e-post lovlig)
20;eiendom;ALLIANCE TAKST AS;930373389;AS;e-post/telefon;;;;Petersborggata 12;9009;TROMSØ;TROMSØ;0;71.121 Byggeteknisk konsulentvirksomhet;2022-12-07;Byggeteknisk konsulentvirksomhet.;eiendom i formål + AS (e-post lovlig)
20;eiendom;ALPHA TAKSERING AS;932829282;AS;e-post/telefon;;;;Ramstadsletta 24;1363;HØVIK;BÆRUM;;68.320 Eiendomsforvaltning på oppdrag;2024-01-16;Tilstandsvurdering av fast eiendom. Taksering og verdisetting av fast eiendom. Byggeledelse.;eiendom i formål + AS (e-post lovlig)
20;eiendom;ALTI1 TAKST AS;991581529;AS;e-post/telefon;;464 11 448;;Industrivegen 49;5210;OS;BJØRNAFJORDEN;;43.120 Grunnarbeid;2007-08-22;Bygge og gravevirksomhet innenfor bygg og anleggsbransjen. Kjøp og salg av fast eiendom.;eiendom i formål + AS (e-post lovlig)
20;eiendom;ALVDAL TAKST AS;893784292;AS;e-post/telefon;jan.sagplass@alvdal-takst.no;951 87 502;www.alvdal-takst.no;Moanveien 91;2560;ALVDAL;ALVDAL;0;68.320 Eiendomsforvaltning på oppdrag;2009-02-24;Taksering - undervisning. Konsulent for håndtverkstjenester tilknyttet tømrerbransjen.;AS (e-post lovlig) + e-post i registeret + hjemmeside
20;eiendom;ALVIM TAKST AS;999080545;AS;e-post/telefon;;906 66 296;;Heliveien 751;1821;SPYDEBERG;INDRE ØSTFOLD;;68.200 Utleie av egen eller leid fast eiendom;2012-11-01;Kjøp, oppføring, utleie og salg av eiendom og alt som naturlig hører inn under dette.;eiendom i formål + AS (e-post lovlig)
20;eiendom;ARCTIC-TAKST AS;920251900;AS;e-post/telefon;;;;Vorsetøyveien 34;8300;SVOLVÆR;VÅGAN;0;68.320 Eiendomsforvaltning på oppdrag;2018-01-17;Takstoppdrag, byggmestervirksomhet, byggrådgivning, byggekontroll og andre tjenester som naturlig hører sammen med dette.;eiendom i formål + AS (e-post lovlig)
20;eiendom;AREAL BYGG-TAKSERING AS;813289342;AS;e-post/telefon;;906 91 424;;c/o Gisle Johnstad, Steinsvikkroken 21;5237;RÅDAL;BERGEN;0;68.320 Eiendomsforvaltning på oppdrag;2014-02-25;I hovedsak taksering av bolig og bygg.;eiendom i formål + AS (e-post lovlig)
20;eiendom;ARENDAL TAKST & PROSJEKTERING AS;936498558;AS;e-post/telefon;;958 90 093;;Kirkeveien 138;4817;HIS;ARENDAL;0;71.110 Arkitektvirksomhet;2025-11-01;Arkitekttjenester, bygg. Ingeniør- og prosjektledertjenester innen byggeprosjekter.;eiendom i formål + AS (e-post lovlig)
20;eiendom;ARTISAN TAKST BYGG OG EIENDOM AS;933023885;AS;e-post/telefon;;;;Labakken 12;3142;VESTSKOGEN;FÆRDER;0;43.320 Snekkerarbeid;2024-02-16;Snekkerarbeid, montering av dører, vinduer, kjøkken med mer.;eiendom i formål + AS (e-post lovlig)
20;eiendom;ASKER TAKSTFIRMA AS;989041592;AS;e-post/telefon;;;;Øvre Måsan 16A;1385;ASKER;ASKER;0;41.000 Oppføring av bygninger;2006-01-21;Kjøp, salg, investering i aksjer og andre verdipapirer samt kjøp, salg, investering i fast eiendom med dertil tilhørende virksomhet.;eiendom i formål + AS (e-post lovlig)
20;eiendom;AUEN TAKST AS;930630705;AS;e-post/telefon;;;;Vassåsveien 46;3090;HOF;HOLMESTRAND;0;68.320 Eiendomsforvaltning på oppdrag;2023-01-11;Taksering og verdivurdering av boliger og landbrukseiendommer og andre produkter/tjenester som naturlig hører til dette, herunder å delta i andre selskap med lignende virksomhet, og kjøp og salg av aksjer eller på annen måte gjøre seg interessert i andre foretak. Selskapet kan også drive med kjøp/drift av fast eiendom.;eiendom i formål + AS (e-post lovlig)
20;eiendom;B. E. TAKSERING AS;985246017;AS;e-post/telefon;;91376101;;Leiteveien 27;8009;BODØ;BODØ;0;68.110 Kjøp og salg av egen fast eiendom;2003-01-14;Kjøp, salg og drift av eiendommer.;eiendom i formål + AS (e-post lovlig)
20;eiendom;BANG TAKST AS;927196581;AS;e-post/telefon;;;;Fyllingsveien 25A;5160;LAKSEVÅG;BERGEN;0;68.320 Eiendomsforvaltning på oppdrag;2021-06-04;Taksering av bygg, eneboliger og annet som faller naturlig sammen med dette.;eiendom i formål + AS (e-post lovlig)
20;eiendom;BARE TAKST AS;931962450;AS;e-post/telefon;;;;c/o Memo Regnskap AS, Kongsgård alle 59;4632;KRISTIANSAND S;KRISTIANSAND;0;68.320 Eiendomsforvaltning på oppdrag;2023-08-26;Taksering av boligeiendommer. Utførelse av muring og betongarbeider.;eiendom i formål + AS (e-post lovlig)
20;eiendom;BENDIXEN BYGG & TAKSERING AS;913718372;AS;e-post/telefon;;;;Furualleen 17;6409;MOLDE;HUSTADVIKA;;71.121 Byggeteknisk konsulentvirksomhet;2014-06-03;Byggmestertjenester og taksering.;eiendom i formål + AS (e-post lovlig)
20;eiendom;BENJAMINSEN TAKST AS;935100232;AS;e-post/telefon;;;;Strandveien 39;3050;MJØNDALEN;DRAMMEN;0;68.320 Eiendomsforvaltning på oppdrag;2025-02-24;Taksering og tilstandsrapport av eiendom.;eiendom i formål + AS (e-post lovlig)
20;eiendom;BERG TAKST OG EIENDOM AS;933387461;AS;e-post/telefon;;;;c/o Ole Henrik Berg, Tertnesveien 103;5114;TERTNES;BERGEN;0;71.121 Byggeteknisk konsulentvirksomhet;2024-04-30;Ingeniør- og prosjektledertjenester innen byggeprosjekter. Tømrer, oppføring og vedlikehold av bygninger.;eiendom i formål + AS (e-post lovlig)
20;eiendom;BERGEN TAKSERING v/Helge Madsen;955174895;ENK;telefon/LinkedIn (ENK — ikke uanmodet e-post);helge@bergentaksering.no;55 16 77 00;www.bergentaksering.no;Formanns vei 18H;5037;BERGEN;BERGEN;;41.000 Oppføring av bygninger;1995-02-19;Taksering av fast eiendom, tilstandsrapportør, nybygg, tilbygg, rehabilitering, modernisering, konsulenttjenester, distribusjon, kjøp   og salg.;eiendom i formål + e-post i registeret + hjemmeside
20;eiendom;BERGEN TAKST OG TAKRÅDGIVNING AS;937512511;AS;e-post/telefon;;;;Lokketovegen 12;5136;MJØLKERÅEN;BERGEN;;71.121 Byggeteknisk konsulentvirksomhet;2026-04-11;Ingeniør- og prosjektledertjenester innen byggeprosjekter.;eiendom i formål + AS (e-post lovlig)
20;eiendom;BF TAKST AS;937698674;AS;e-post/telefon;;;;Viktenveien 101;8382;NAPP;FLAKSTAD;;68.320 Eiendomsforvaltning på oppdrag;2026-05-12;Takst. å drive taksering, rådgivning innen eiendom og beslektet virksomhet.;eiendom i formål + AS (e-post lovlig)
20;eiendom;BISMO TAKST AS;929737075;AS;e-post/telefon;;;;Nordbyvegen 24;2817;GJØVIK;GJØVIK;0;68.320 Eiendomsforvaltning på oppdrag;2022-08-30;Taksering av bolig og fritidseiendom. Konsulenttjenester innen bygg. Håndverkertjenester.;eiendom i formål + AS (e-post lovlig)
20;eiendom;BJ BORGERSEN AS TAKSTFORRETNING;935573416;AS;e-post/telefon;;32 25 08 90;;Hellefossveien 10;3300;HOKKSUND;ØVRE EIKER;0;68.320 Eiendomsforvaltning på oppdrag;1995-02-19;Kjøp, salg og drift av fast eiendom, taksering samt hva som hermed står i forbindelse og videre delta i annen virksomhet av enhver art.;eiendom i formål + AS (e-post lovlig)
20;eiendom;BJØRN'S TAKST & BYGG AS;936277357;AS;e-post/telefon;;;;Øvre Stranda 16;4460;MOI;LUND;0;68.320 Eiendomsforvaltning på oppdrag;2025-09-30;Uavhengig kontroll, 3d scanning, takst og alt av tømrer arbeid, samt vaktmester tjenester;eiendom i formål + AS (e-post lovlig)
20;eiendom;BJØRNAFJORDEN TAKST AS;937393598;AS;e-post/telefon;;;;Bjørnavegen 129;5208;OS;BJØRNAFJORDEN;;68.320 Eiendomsforvaltning på oppdrag;2026-03-20;Eierskifte, verditakst og reklamasjonstakst på eiendom.;eiendom i formål + AS (e-post lovlig)
20;eiendom;BJØRNAR PEDERSEN'S EIENDOMS-TAKST AS;934937589;AS;e-post/telefon;;;;Bergveien 12;9408;HARSTAD;HARSTAD;0;68.320 Eiendomsforvaltning på oppdrag;2025-01-29;Eiendomstaksering, prosjektering og byggekontroll.;eiendom i formål + AS (e-post lovlig)
20;eiendom;BJØRNERUD TAKST AS;918416307;AS;e-post/telefon;;;;Semsmoveien 108;3302;HOKKSUND;ØVRE EIKER;0;74.990 All annen faglig, vitenskapelig og teknisk virksomhet ikke nevnt annet sted;2017-01-24;Taksering, byggkonsulent, byggtjenester.;eiendom i formål + AS (e-post lovlig)
20;eiendom;BJØRSVIK TAKST & EIENDOM AS;913726197;AS;e-post/telefon;;;;Davangervegen 353;5310;HAUGLANDSHELLA;ASKØY;11;74.990 All annen faglig, vitenskapelig og teknisk virksomhet ikke nevnt annet sted;2014-06-05;Takseringstjenester og rådgivning innen taksering.;eiendom i formål + AS (e-post lovlig)
20;eiendom;BLOM & MÖLLER TAKST AS;938019703;AS;e-post/telefon;;;;Flisveien 6;1414;TROLLÅSEN;NORDRE FOLLO;;68.320 Eiendomsforvaltning på oppdrag;2026-07-01;Taksering og tilstandsrapporter.;eiendom i formål + AS (e-post lovlig)
20;eiendom;BOA TAKST AS;917127697;AS;e-post/telefon;;;;Ringsveien 3;1368;STABEKK;BÆRUM;0;74.990 All annen faglig, vitenskapelig og teknisk virksomhet ikke nevnt annet sted;2016-05-09;Taksering og rådgivning av fast eiendom, håndverkstjenester og andre produkter/tjenester som naturlig hører sammen med dette.;eiendom i formål + AS (e-post lovlig)
20;eiendom;BOLIGCONSULT TAKST AS;928969665;AS;e-post/telefon;;;;Løkkeveien 5;1640;RÅDE;RÅDE;0;68.320 Eiendomsforvaltning på oppdrag;2022-05-23;Taksering av eiendommer og kjøp/salg og oppføring av eiendom.;eiendom i formål + AS (e-post lovlig)
20;eiendom;BORG TAKST AS;934778324;AS;e-post/telefon;;;;Vardheivegen 11;4340;BRYNE;TIME;0;71.121 Byggeteknisk konsulentvirksomhet;2025-01-02;De skal prosjektere/veilede og utføre oppdrag innen nybygg og eksisterende bygg. Takseringsvirksomhet. Konsultenttjenester innen bygg og tekniske installasjoner.;eiendom i formål + AS (e-post lovlig)
20;eiendom;BOVG TAKST AS;935349877;AS;e-post/telefon;;;;Kobbervikdalen 93;3036;DRAMMEN;DRAMMEN;0;68.310 Eiendomsmegling og andre formidlingstjenester for eiendom;2025-04-09;Eiendomsmegler.;eiendom i formål + AS (e-post lovlig)
20;eiendom;BRA TAKSERING AS;936493068;AS;e-post/telefon;;;;Kongerødvegen 46C;3737;SKIEN;SKIEN;;68.320 Eiendomsforvaltning på oppdrag;2025-10-31;Taksering av eiendom, konsulenttjenester i forbindelse med eiendom, samt investeringsvirksomhet.;eiendom i formål + AS (e-post lovlig)
20;eiendom;BRODAHL TAKST;928461777;ENK;telefon/LinkedIn (ENK — ikke uanmodet e-post);mariusbrodahl@yahoo.no;928 84 057;taksthuset.no;Heggelibakken 4;0375;OSLO;OSLO;;68.320 Eiendomsforvaltning på oppdrag;2022-01-03;Taksering av fast eiendom.;eiendom i formål + e-post i registeret + hjemmeside
20;eiendom;BS TAKST AS;922163766;AS;e-post/telefon;;;;Heslandsveien 93;4517;MANDAL;LINDESNES;;68.110 Kjøp og salg av egen fast eiendom;2019-02-04;Kjøpe, bygge ut, leie ut og selge eiendommer og bygg, samt eie aksjer i andre selskaper.;eiendom i formål + AS (e-post lovlig)
20;eiendom;BYGG OG TAKSERING AS;935802946;AS;e-post/telefon;;;;Navarsetevegen 18;6856;SOGNDAL;SOGNDAL;0;68.320 Eiendomsforvaltning på oppdrag;2025-08-21;Taksering, investering i eigedom og anna verksemd.;eiendom i formål + AS (e-post lovlig)
20;eiendom;BYGGMESTER & TAKSTMANN KENNETH TVEIT AS;933128296;AS;e-post/telefon;;;;Suldalsvegen 4774;4244;NESFLATEN;SULDAL;0;41.000 Oppføring av bygninger;2024-03-06;Tømrer, oppføring og vedlikehold av bygninger.;eiendom i formål + AS (e-post lovlig)
20;eiendom;BYGGMESTER LERHEIM TAKSERING AS;923663983;AS;e-post/telefon;;;;c/o Ole Johnny Lerheim, Øyragrendi 269;6858;FARDAL;SOGNDAL;0;74.990 All annen faglig, vitenskapelig og teknisk virksomhet ikke nevnt annet sted;2019-10-22;Taksering av bygg og eigedom.;eiendom i formål + AS (e-post lovlig)
20;eiendom;BYGGMESTER OG TAKSTINGENIØR THOR JOHANSEN AS;990674418;AS;e-post/telefon;;33 11 52 81;;Agnes torg 18;3290;STAVERN;LARVIK;16;41.000 Oppføring av bygninger;2007-01-06;Byggmester - nybygg, tilbygg, rehabilitering, bygningstjenester.;eiendom i formål + AS (e-post lovlig)
20;eiendom;BYGGMESTER TANGEN TAKST AS;932015064;AS;e-post/telefon;;;;Prestelandet 25A;1632;GAMLE FREDRIKSTAD;FREDRIKSTAD;0;68.320 Eiendomsforvaltning på oppdrag;2023-09-04;Taksering av bolig. Tømrerarbeider.;eiendom i formål + AS (e-post lovlig)
20;eiendom;BYGGMESTER/TAKSTMANN BJØRN AARVIK;870334842;ENK;telefon/LinkedIn (ENK — ikke uanmodet e-post);takstmann@bjornaarvik.no;90051191;www.bjornaarvik.no;Landerokollen 13;0672;OSLO;OSLO;;41.000 Oppføring av bygninger;1995-02-20;Byggmestertjenester. Taksering av fast eiendom.;eiendom i formål + e-post i registeret + hjemmeside
20;eiendom;BYGGMESTER/TAKSTMANN BJØRN AARVIK AS;913048067;AS;e-post/telefon;;;;Landerokollen 13;0672;OSLO;OSLO;0;41.000 Oppføring av bygninger;2014-01-09;Byggmestertjenester, byggeledelse. Taksering av eiendom.;eiendom i formål + AS (e-post lovlig)
20;eiendom;BÆRUM TAKST OG EIENDOM AS;936073212;AS;e-post/telefon;;;;Granholtet 11;1350;LOMMEDALEN;BÆRUM;0;41.000 Oppføring av bygninger;2025-09-02;Tømrer, oppføring og vedlikehold av bygninger.;eiendom i formål + AS (e-post lovlig)
20;eiendom;BØHLERENGEN BYGG & TAKST AS;929390806;AS;e-post/telefon;;;;Garderengveien 32;1455;NORDRE FROGN;FROGN;0;68.320 Eiendomsforvaltning på oppdrag;2022-06-21;Selge tjenester og varer innen taksering, rådgivning, bygg og eiendom - og annet som naturlig sammenfaller med dette - samt deltakelse i andre selskaper, investeringer og nærliggende virksomhet.;eiendom i formål + AS (e-post lovlig)
20;eiendom;CERTUS TAKST AS;924644893;AS;e-post/telefon;;;;Risengveien 16A;1387;ASKER;ASKER;0;68.320 Eiendomsforvaltning på oppdrag;2020-02-21;Eiendomsmegling, takseringstjenester og bygningstjenester.;eiendom i formål + AS (e-post lovlig)
20;eiendom;CHRISTIANIA TAKST & KONSULT AS;933101703;AS;e-post/telefon;;944 22 424;;Innspurten 8A;0663;OSLO;OSLO;;68.320 Eiendomsforvaltning på oppdrag;2024-04-10;Taksering av eiendom og bolig samt bygg rådgivning.;eiendom i formål + AS (e-post lovlig)
20;eiendom;CHRISTOFFERSEN BYGG OG TAKST AS;935677025;AS;e-post/telefon;;;;Arnesenga 8C;1340;SKUI;BÆRUM;;43.320 Snekkerarbeid;2025-06-14;Snekkerarbeid, montering av dører, vinduer, kjøkken med mer.;eiendom i formål + AS (e-post lovlig)
20;eiendom;CR TAKST AS;936976263;AS;e-post/telefon;;;;Strandveien 3A;1392;VETTRE;ASKER;;68.320 Eiendomsforvaltning på oppdrag;2026-01-15;Eiendomsforvaltning på vegne av andre.;eiendom i formål + AS (e-post lovlig)
20;eiendom;D TAKST AS;938036519;AS;e-post/telefon;;;;Nesgata 4;4480;KVINESDAL;KVINESDAL;;68.320 Eiendomsforvaltning på oppdrag;2026-07-03;Utføre taksering av fast eiendom, samt snekker og rehabiliteringsarbeider på bygninger.;eiendom i formål + AS (e-post lovlig)
20;eiendom;DAG E. JULIUSSEN BYGGMESTER TAKST OG EIENDOM AS;924505362;AS;e-post/telefon;;;;Slangsvoldveien 9;1640;RÅDE;RÅDE;;68.320 Eiendomsforvaltning på oppdrag;2020-01-29;Eiendomsutvikling og taksering.;eiendom i formål + AS (e-post lovlig)
20;eiendom;DAL BYGG & TAKSERING AS;935376696;AS;e-post/telefon;;;;Dyretråkket 2;2072;DAL;EIDSVOLL;;68.320 Eiendomsforvaltning på oppdrag;2025-05-02;Taksering og vurdering av fast eiendom samt annen relatert virksomhet. Oppføring og oppussing av bygg.;eiendom i formål + AS (e-post lovlig)
20;eiendom;DALBECK TAKST AS;930615331;AS;e-post/telefon;;;;c/o Tina Norbeck, Waldemar Thranes gate 55A;0173;OSLO;OSLO;0;68.320 Eiendomsforvaltning på oppdrag;2023-01-09;Boligtaksering, boligrådgivning, mindre håndverkstjenester, takstmann tjenester.;eiendom i formål + AS (e-post lovlig)
20;eiendom;DE LANGE TAKST AS;937691378;AS;e-post/telefon;;;;Løkkeveien 87;4008;STAVANGER;STAVANGER;0;68.310 Eiendomsmegling og andre formidlingstjenester for eiendom;2026-05-11;Eiendomsmegler.;eiendom i formål + AS (e-post lovlig)
20;eiendom;DENK TAKSERING OG BYGGTEKNIKK AS;934899237;AS;e-post/telefon;;;;Sollien 9;5096;BERGEN;BERGEN;;68.320 Eiendomsforvaltning på oppdrag;2025-01-22;Taksering, byggtekniske tjenester, rådgivning, og annen virksomhet som naturlig hører med dette.;eiendom i formål + AS (e-post lovlig)
20;eiendom;DIN TAKSERING AS;913204204;AS;e-post/telefon;;97964266;;Rugdeveien 32;3617;KONGSBERG;KONGSBERG;0;68.320 Eiendomsforvaltning på oppdrag;2014-04-01;Taksering av boliger, fritidseiendommer, tomter, mindre næringseiendommer og ting som hører naturlig til denne typen virksomhet, herunder å delta i andre selskap med lignende virksomhet, og kjøp og salg av aksjer eller på annen måte gjøre seg interessert i andre foretak.;eiendom i formål + AS (e-post lovlig)
20;eiendom;DIN TAKST & EIENDOM AS;933018660;AS;e-post/telefon;;;;Grosvoldveien 623;3619;SKOLLENBORG;ØVRE EIKER;0;68.320 Eiendomsforvaltning på oppdrag;2024-02-15;Taksering. Forvaltning, drift, vedlikehold og utvikling av eiendom. Konsulent/håndverker tjenester.;eiendom i formål + AS (e-post lovlig)
20;eiendom;DK TAKST OG BYGG AS;933493261;AS;e-post/telefon;;;;Krabberødveien 15;1615;FREDRIKSTAD;FREDRIKSTAD;;68.120 Utvikling og salg av byggeprosjekter;2024-05-23;Utvikling av byggeprosjekter for salg eller utleie, totalentreprenør.;eiendom i formål + AS (e-post lovlig)
20;eiendom;DRAMMEN TAKST & EIENDOM AS;937775865;AS;e-post/telefon;;;;Lauritz Hervigs vei 17;3035;DRAMMEN;DRAMMEN;;68.320 Eiendomsforvaltning på oppdrag;2026-05-26;Takst- og eiendomstjenester: taksering, tilstandsrapporter og byggesaksrådgivning.;eiendom i formål + AS (e-post lovlig)
20;eiendom;DRANGES TAKST OG BYGG AS;915879799;AS;e-post/telefon;;;;Haneborgveien 537;1930;AURSKOG;AURSKOG-HØLAND;0;74.990 All annen faglig, vitenskapelig og teknisk virksomhet ikke nevnt annet sted;2015-09-07;Taksering av eiendommer samt oppføring og rehabilitering av bygninger.;eiendom i formål + AS (e-post lovlig)
20;eiendom;DRV BYGG OG TAKST AS;937793782;AS;e-post/telefon;;;;Rabben 40B;6390;VESTNES;VESTNES;;41.000 Oppføring av bygninger;2026-06-01;Tømrer, oppføring og vedlikehold av bygninger.;eiendom i formål + AS (e-post lovlig)
20;eiendom;DUO TAKST AS;929774698;AS;e-post/telefon;;;;Vesthagen 4;4344;BRYNE;TIME;0;74.990 All annen faglig, vitenskapelig og teknisk virksomhet ikke nevnt annet sted;2022-10-24;Utarbeidelse av tilstandsrapporter for boliger og andre bygg, samt annen virksomhet som naturlig kan knyttes til dette.;eiendom i formål + AS (e-post lovlig)
20;eiendom;DØLA TAKST OG BYGG AS;935102499;AS;e-post/telefon;;;;c/o Espen Aakernes, Sverdrups gate 21;0559;OSLO;OSLO;0;68.320 Eiendomsforvaltning på oppdrag;2025-02-25;Takseringstjenester. Byggetjenester. Rådgivning innen bygg.;eiendom i formål + AS (e-post lovlig)
20;eiendom;E. ELIASSEN BYGG OG TAKST AS;994266381;AS;e-post/telefon;;;;Støavegen 2A;4700;VENNESLA;VENNESLA;0;41.000 Oppføring av bygninger;2009-07-11;Byggmester, snekker, oppføring av bygninger, eiendomstaksering.;eiendom i formål + AS (e-post lovlig)
20;eiendom;E.U.BYGG & TAKST AS;917716056;AS;e-post/telefon;;;;Linebrinken 9;8520;ANKENES;NARVIK;0;43.320 Snekkerarbeid;2016-09-21;Salg av varer og tjenester innenfor bygg og anlegg. Bistand og konsulentarbeid innenfor nevnte bransje. Selskapet skal også drive erverv, forvaltning og utleie av fast eiendom og utstyr, både til bolig og næringsvirksomhet. Salg av tjenester i forbindelse med takstvirksomhet og rådgivning i tilknytning til eiendom, bygninger og drift av eiendom, samt salg av andre produkter og tjenester som naturlig faller sammen med dette. Selskapet skal videre kunne delta i andre selskaper.;eiendom i formål + AS (e-post lovlig)
20;eiendom;E&K TAKST AS;933816060;AS;e-post/telefon;;;;Hushagavegen 6;2335;STANGE;STANGE;0;68.320 Eiendomsforvaltning på oppdrag;2024-07-22;Taksering og tilstandsvurdering av fast eiendom, og det som naturlig faller inn under dette.;eiendom i formål + AS (e-post lovlig)
20;eiendom;EDVARDSEN TAKST AS;999220649;AS;e-post/telefon;;;;Nygårdsvegen 9C;5350;BRATTHOLMEN;ØYGARDEN;0;68.320 Eiendomsforvaltning på oppdrag;2012-12-04;Tjenesteytende næring, taksering av eiendom.;eiendom i formål + AS (e-post lovlig)
20;eiendom;EIDSVOLL TAKST OG BOLIGKONTROLL AS;930167479;AS;e-post/telefon;;;;Sundgata 7;2080;EIDSVOLL;EIDSVOLL;0;74.990 All annen faglig, vitenskapelig og teknisk virksomhet ikke nevnt annet sted;2022-11-05;Taksering av fast eiendom. Murer og andre byggtjenester samt annet som ligger i tilknytning til dette.;eiendom i formål + AS (e-post lovlig)
20;eiendom;EIENDOM OG TAKST AS;821176352;AS;e-post/telefon;;;;Oslolinna 454;2750;GRAN;GRAN;0;43.221 Rørleggerarbeid;2018-07-18;Rørleggervirksomhet og tømrer tjenester.;eiendom i formål + AS (e-post lovlig)
20;eiendom;EIRA TAKST AS;930746738;AS;e-post/telefon;;;;c/o Per Mathis Eira, Heimdalveien 42;9325;BARDUFOSS;MÅLSELV;0;68.310 Eiendomsmegling og andre formidlingstjenester for eiendom;2023-01-31;Eiendomsmegler. Tømrer, oppføring og vedlikehold av bygninger.;eiendom i formål + AS (e-post lovlig)
20;eiendom;EK TAKST AS;932227223;AS;e-post/telefon;;;;Doktor Holms vei 6F;0787;OSLO;OSLO;0;71.121 Byggeteknisk konsulentvirksomhet;2023-10-11;Byggeteknisk konsulentvirksomhet, takst- konsulenttjenester og ingeniør- teknisk konsulenttjenester.;eiendom i formål + AS (e-post lovlig)
20;eiendom;EKKO ARKITEKTUR OG TAKST AS;935281938;AS;e-post/telefon;;;;c/o Anette Normann Hagen, Moneheia 21;4656;HAMRESANDEN;KRISTIANSAND;;71.110 Arkitektvirksomhet;2025-03-28;Arkitekttjenester, bygg. Ingeniør- og prosjektledertjenester innen byggeprosjekter.;eiendom i formål + AS (e-post lovlig)
20;eiendom;ELBYGG TAKST AS;944345213;AS;e-post/telefon;;95030700;;Hotvetveien Vest 33C;3023;DRAMMEN;DRAMMEN;;43.210 Elektrisk installasjonsarbeid;1995-02-19;Taksering av bygg og elektriske installasjoner, verifisering av elektriske anlegg, termografering.;eiendom i formål + AS (e-post lovlig)
20;eiendom;ELVEMO TAKST AS;933729362;AS;e-post/telefon;;;;Nordlysveien 376;9046;OTEREN;STORFJORD;0;71.121 Byggeteknisk konsulentvirksomhet;2024-07-03;Ingeniør- og prosjektledertjenester innen byggeprosjekter.;eiendom i formål + AS (e-post lovlig)
20;eiendom;ENEBAKK OG VIKEN TAKST AS;917150885;AS;e-post/telefon;;;;Brønnåsen 4;1914;YTRE ENEBAKK;ENEBAKK;0;74.990 All annen faglig, vitenskapelig og teknisk virksomhet ikke nevnt annet sted;2016-05-18;Takseringsvirksomhet, oppføring og vedlikehold av bygg.;eiendom i formål + AS (e-post lovlig)
20;eiendom;ENGE TAKST AS;925747564;AS;e-post/telefon;;;;Sognsveien 40;0851;OSLO;OSLO;;68.320 Eiendomsforvaltning på oppdrag;2020-10-06;Taksering av eiendom.;eiendom i formål + AS (e-post lovlig)
20;eiendom;ENGEBERGET TAKST AS;932746840;AS;e-post/telefon;;;;Kverndalslinna 2C;2750;GRAN;GRAN;0;68.320 Eiendomsforvaltning på oppdrag;2024-01-02;Taksering av eiendom, privat og næring.;eiendom i formål + AS (e-post lovlig)
20;eiendom;ERIKSEN TAKST AS;834995182;AS;e-post/telefon;;;;Uelands gate 44;0457;OSLO;OSLO;;68.320 Eiendomsforvaltning på oppdrag;2025-02-07;Taksering av eiendom for privatpersoner og næring, samt eie aksjer og andeler i andre selskap.;eiendom i formål + AS (e-post lovlig)
20;eiendom;ESS TAKST OG EIENDOM AS;915071503;AS;e-post/telefon;;;;Dølihagan 19;2050;JESSHEIM;ULLENSAKER;0;74.990 All annen faglig, vitenskapelig og teknisk virksomhet ikke nevnt annet sted;2015-03-06;Taksering av eiendom, og hva som faller naturlig innunder dette, I tillegg skal virksomhet bedrive eiendomsutvikling, og hva som naturlig hører innunder dette. Tømrerarbeider.;eiendom i formål + AS (e-post lovlig)
20;eiendom;FG TAKST AS;922198527;AS;e-post/telefon;;;;Elises vei 4;3244;SANDEFJORD;SANDEFJORD;0;74.990 All annen faglig, vitenskapelig og teknisk virksomhet ikke nevnt annet sted;2019-02-09;Konsulenttjenester innen taksering av eiendommer, byggeledelse og mindre håndverktjenester.;eiendom i formål + AS (e-post lovlig)
20;eiendom;FJELDHØI TAKST OG EIENDOM AS;930388092;AS;e-post/telefon;;;;Båstadlundveien 11;1781;HALDEN;HALDEN;;74.990 All annen faglig, vitenskapelig og teknisk virksomhet ikke nevnt annet sted;2022-12-09;Takseringsvirksomhet, eiendomsdrift, med videre.;eiendom i formål + AS (e-post lovlig)
20;eiendom;FJELLHUS TAKST OG RÅDGIVNING AS;927518562;AS;e-post/telefon;;;;Årvollskogen 30;1529;MOSS;MOSS;0;68.320 Eiendomsforvaltning på oppdrag;2021-08-10;Taksering, rådgivning, tjenester innen byggfag, kjøp og salg av andre selskaper og eiendommer.;eiendom i formål + AS (e-post lovlig)
20;eiendom;FL-TAKST AS;937778538;AS;e-post/telefon;;404 61 559;;Tampereveien 3J;7020;TRONDHEIM;TRONDHEIM;;68.320 Eiendomsforvaltning på oppdrag;2026-05-26;Foreta taksering av eiendommer, samt ha eierandeler i andre foretak.;eiendom i formål + AS (e-post lovlig)
20;eiendom;FLATGÅRD TAKST AS;932539586;AS;e-post/telefon;;;;Bringebærvegen 8;2409;ELVERUM;ELVERUM;;68.320 Eiendomsforvaltning på oppdrag;2023-11-29;Takst og byggrådgivning.;eiendom i formål + AS (e-post lovlig)
20;eiendom;FOLLO TAKSTKONTOR AS;934931491;AS;e-post/telefon;;;;Gamle Kroervei 115C;1435;ÅS;ÅS;;68.320 Eiendomsforvaltning på oppdrag;2025-01-28;Taksering og kontroll av bygninger og eiendommer.;eiendom i formål + AS (e-post lovlig)
20;eiendom;FOLSTAD-TAKST AS;928127052;AS;e-post/telefon;;;;Anders Sandvigs gate 4A;2609;LILLEHAMMER;LILLEHAMMER;;68.320 Eiendomsforvaltning på oppdrag;2021-11-13;Selge tjenester og varer innen taksering av eiendom og utførelse/formidling av eiendomstjenester, samt virksomhet som er knyttet til dette, - og annet som naturlig sammenfaller med dette - samt deltakelse i andre selskaper, investeringer og nærliggende virksomhet.;eiendom i formål + AS (e-post lovlig)
20;eiendom;FOSEN TAKST AS;923440771;AS;e-post/telefon;;;;c/o Raymond André Moen, Jakobslia 10;7168;LYSØYSUNDET;ØRLAND;0;68.320 Eiendomsforvaltning på oppdrag;2019-09-23;Takseringstjenester. Utvikling, salg og utleie av egen fast eiendom, samt utleie og leasing av bygge- og anleggsmaskiner og -utstyr;eiendom i formål + AS (e-post lovlig)
20;eiendom;FREDRIKSTAD TAKSERINGSFORRETNING AS;971234814;AS;e-post/telefon;;;;Slevik, Buvikstranda 2;1622;GRESSVIK;FREDRIKSTAD;0;71.121 Byggeteknisk konsulentvirksomhet;1995-02-20;Import- og eksportvirksomhet, konsulentvirksomhet/ rådgivningsvirksomhet, taksering, byggeledelse og entreprenørvirksomhet, kjøp og salg av byggevarer, og alt som står i forbindelse herved. Kjøp, salg, leie, eie, drift og utleie av fast eiendom, samt all virksomhet som står i forbindelse herved, herunder å delta i andre selskaper med liknende virksomhet, og kjøp og salg av aksjer eller på annen måte gjøre seg interessert i andre foretagender.;eiendom i formål + AS (e-post lovlig)
20;eiendom;FREDSVIK TAKST & EIENDOM AS;922302952;AS;e-post/telefon;;;;Hamborggata 21;3018;DRAMMEN;DRAMMEN;0;68.320 Eiendomsforvaltning på oppdrag;2019-02-28;Utarbeidelse av tilstandsrapport, verdi- og lånetakst for boliger og mindre næringseiendommer, samt utarbeidelse av boligsalgsrapporter.;eiendom i formål + AS (e-post lovlig)
20;eiendom;FRØYEN TAKST AS;917309906;AS;e-post/telefon;;;;Krakhellevegen 383;6924;HARDBAKKE;SOLUND;0;74.990 All annen faglig, vitenskapelig og teknisk virksomhet ikke nevnt annet sted;2016-06-13;Taksering og byggmestervirksomhet.;eiendom i formål + AS (e-post lovlig)
20;eiendom;G TAKST AS;998334853;AS;e-post/telefon;;;;Stensarmen 4;3112;TØNSBERG;TØNSBERG;0;71.121 Byggeteknisk konsulentvirksomhet;2012-05-05;Byggteknisk konsulentvirksomhet.;eiendom i formål + AS (e-post lovlig)
20;eiendom;GAULA TAKST AS;837315182;AS;e-post/telefon;;;;Tømmesdalsvegen 865;7236;HOVIN I GAULDAL;MELHUS;;68.320 Eiendomsforvaltning på oppdrag;2026-03-09;Eiendomsforvaltning på oppdrag.;eiendom i formål + AS (e-post lovlig)
20;eiendom;GJETNES TAKST AS;835622932;AS;e-post/telefon;;;;Bjørkvegen 16C;7058;CHARLOTTENLUND;TRONDHEIM;;68.320 Eiendomsforvaltning på oppdrag;2025-06-04;Takseringstjenester. Taksering av eiendom og tilhørende virksomhet.;eiendom i formål + AS (e-post lovlig)
20;eiendom;GLÅMDAL TAKST AS;928467562;AS;e-post/telefon;;;;Børrudvegen 50;2230;SKOTTERUD;EIDSKOG;0;68.320 Eiendomsforvaltning på oppdrag;2022-01-04;Vi ufører tilstandsrapporter, verditakster, boligsalgsrapporter, lånetakster av eneboliger, fritidsboliger, tomannsboliger, rekkehus, selveierleiligheter, borettslagsleiligheter og aksjeleiligheter.;eiendom i formål + AS (e-post lovlig)
20;eiendom;GRANBERG TAKST AS;932610108;AS;e-post/telefon;;;;Lavollveien 22;9130;HANSNES;KARLSØY;0;74.990 All annen faglig, vitenskapelig og teknisk virksomhet ikke nevnt annet sted;2023-12-14;Taksering og rådgivning innen bygg og eiendom.;eiendom i formål + AS (e-post lovlig)
20;eiendom;GRENLAND TAKSERING AS;895926752;AS;e-post/telefon;;;;c/o Vidar Numme, Orkidevegen 1;3937;PORSGRUNN;PORSGRUNN;0;71.121 Byggeteknisk konsulentvirksomhet;2010-09-13;Byggeteknisk konsulentvirksomhet.;eiendom i formål + AS (e-post lovlig)
20;eiendom;GREPA TAKST AS;916328222;AS;e-post/telefon;;;;Hjallevegen 39;3550;GOL;GOL;0;74.990 All annen faglig, vitenskapelig og teknisk virksomhet ikke nevnt annet sted;2015-12-03;Taksering og byggeteknisk konsulentvirksomhet.;eiendom i formål + AS (e-post lovlig)
20;eiendom;GRØNOLEN TAKST OG BYGG;914951119;ENK;telefon/LinkedIn (ENK — ikke uanmodet e-post);post@oletakst.no;908 82 888;www.oletakst.no;Beitestølsvegen 4;2952;BEITO;ØYSTRE SLIDRE;;74.990 All annen faglig, vitenskapelig og teknisk virksomhet ikke nevnt annet sted;2015-02-10;Taksering, konsulenttjenester og håndtverkstjenester, og alt som der tilhører.;eiendom i formål + e-post i registeret + hjemmeside
20;eiendom;GULAG TAKST & EIENDOM AS;930726362;AS;e-post/telefon;;;;Trudvangveien 67;3117;TØNSBERG;TØNSBERG;0;68.320 Eiendomsforvaltning på oppdrag;2023-01-27;Taksering, kjøp, drift og salg av eiendom og andre produkter, tjenester som naturlig hører til dette, herunder å delta i andre selskap med lignende virksomhet, og kjøp og salg av aksjer eller på annen måte gjøre seg interessert i andre foretak.;eiendom i formål + AS (e-post lovlig)
20;eiendom;GUNNAR W TAKSERING & EIENDOM AS;918059342;AS;e-post/telefon;;;;Ospelia s. 41;4888;HOMBORSUND;GRIMSTAD;;71.121 Byggeteknisk konsulentvirksomhet;2016-11-16;Ingeniør- og prosjektledertjenester innen byggeprosjekter.;eiendom i formål + AS (e-post lovlig)
20;eiendom;H-TAKST OG EIENDOM AS;837485002;AS;e-post/telefon;;;;Fabelveien 82;2016;FROGNER;LILLESTRØM;;68.120 Utvikling og salg av byggeprosjekter;2026-04-08;Eiendomsutvikling, taksering og håndtverkertjenester.;eiendom i formål + AS (e-post lovlig)
20;eiendom;HA TAKST AS;930880043;AS;e-post/telefon;;;;Eikveien 7;3186;HORTEN;HORTEN;;68.320 Eiendomsforvaltning på oppdrag;2023-02-22;Taksering av eiendom/bygg. Kjøp/salg eiendom.;eiendom i formål + AS (e-post lovlig)
20;eiendom;HAGEN BYGG OG TAKST AS;894887532;AS;e-post/telefon;;;;Skatvalsvegen 151;7510;SKATVAL;STJØRDAL;0;41.000 Oppføring av bygninger;2009-12-14;Rehabilitering og oppføring av bygg og ting som faller naturlig inn under dette. Takseringsvirksomhet for bygg. Investeringer i aksjer i andre selskaper, kjøp og salg av fast eiendom samt drive rådgivning.;eiendom i formål + AS (e-post lovlig)
20;eiendom;HAMAR TAKST OG BYGGVURDERING Erik-Andre Brodersen;992996595;ENK;telefon/LinkedIn (ENK — ikke uanmodet e-post);ebroders@broadpark.no;92010428;www.hamar-takst.no;Skarpholvegen 3;2319;HAMAR;HAMAR;;68.320 Eiendomsforvaltning på oppdrag;2008-08-21;Taksering og byggeledelse.;eiendom i formål + e-post i registeret + hjemmeside
20;eiendom;HARALDSEN TAKSERING AS;926861735;AS;e-post/telefon;;;;Geitmyrsveien 33D;0171;OSLO;OSLO;0;68.320 Eiendomsforvaltning på oppdrag;2021-03-30;Utføring av verditakster og tilstandsrapporter på bolig/eiendom.;eiendom i formål + AS (e-post lovlig)
20;eiendom;HARSTAD TAKST AS;998189306;AS;e-post/telefon;;;;Rikard Kaarbøs gate 16;9405;HARSTAD;HARSTAD;0;74.990 All annen faglig, vitenskapelig og teknisk virksomhet ikke nevnt annet sted;2012-03-29;Takseringstjenester på bygninger og eiendommer.;eiendom i formål + AS (e-post lovlig)
20;eiendom;HASLIE TAKST AS;935568366;AS;e-post/telefon;;;;Sinsenveien 43;0585;OSLO;OSLO;;68.320 Eiendomsforvaltning på oppdrag;2025-05-26;Taksering av leiligheter og eneboliger. Tømring og annen byggevirksomhet.;eiendom i formål + AS (e-post lovlig)
20;eiendom;HAUG BYGG & TAKST AS;932177714;AS;e-post/telefon;;;;C/O Håkon Haug, Waldemar Thranes gate 51B;0173;OSLO;OSLO;;41.000 Oppføring av bygninger;2023-10-03;Tømrertjenester. Taksering. Vaktmestertjenester.;eiendom i formål + AS (e-post lovlig)
20;eiendom;HAUGANE TAKST AS;930610879;AS;e-post/telefon;;;;Bogerudveien 56;0692;OSLO;OSLO;0;68.320 Eiendomsforvaltning på oppdrag;2023-01-09;Utføre taksering av boliger. Byggvirksomhet.;eiendom i formål + AS (e-post lovlig)
20;eiendom;HEDLUND TAKST OG BYGGKONTROLL AS;933276791;AS;e-post/telefon;;;;Revetalkollen 23;3174;REVETAL;TØNSBERG;0;74.990 All annen faglig, vitenskapelig og teknisk virksomhet ikke nevnt annet sted;2024-04-10;Takseringsvirksomhet. Rådgivning bygg og kontrolltjenester. Tømrertjenester.;eiendom i formål + AS (e-post lovlig)
20;eiendom;HEMSING TAKST OG BYGGKONTROLL AS;920827640;AS;e-post/telefon;;;;Innherredsveien 57;7068;TRONDHEIM;TRONDHEIM;0;74.990 All annen faglig, vitenskapelig og teknisk virksomhet ikke nevnt annet sted;2018-05-08;Taksering, uavhengig kontroll, konsulenttjenester og eiendomsutvikling. Samt virksomhet som naturlig faller inn i samme område. Selskapet kan også delta i andre selskaper.;eiendom i formål + AS (e-post lovlig)
20;eiendom;HENNE TAKST AS;919400684;AS;e-post/telefon;;;;Øvre Våganeset 27;5106;ØVRE ERVIK;BERGEN;0;68.320 Eiendomsforvaltning på oppdrag;2017-08-11;Taksering og verdisetting av eiendom, samt juridisk hjelp innen eiendomsjuss.;eiendom i formål + AS (e-post lovlig)
20;eiendom;HESLAND TAKST AS;937768443;AS;e-post/telefon;;;;Edvard Griegs vei 18;1410;KOLBOTN;NORDRE FOLLO;;71.121 Byggeteknisk konsulentvirksomhet;2026-06-09;Byggeteknisk konsulentvirksomhet.;eiendom i formål + AS (e-post lovlig)
20;eiendom;HJ BYGG & TAKSERING AS;933780813;AS;e-post/telefon;;;;Henrik Ibsens gate 53;3022;DRAMMEN;DRAMMEN;0;41.000 Oppføring av bygninger;2024-07-25;Tømrer, oppføring og vedlikehold av bygninger.;eiendom i formål + AS (e-post lovlig)
20;eiendom;HOLMAR TAKST & EIENDOM AS;937000464;AS;e-post/telefon;;;;Nedre Bjørkåsen 5;5228;NESTTUN;BERGEN;;68.320 Eiendomsforvaltning på oppdrag;2026-01-20;Taksering, tilstandsrapport, byggteknisk rådgivning, inkl. håndverks- og eiendomstjenester.;eiendom i formål + AS (e-post lovlig)
20;eiendom;HOLTET TAKST AS;932481391;AS;e-post/telefon;;;;Kadettveien 22;4045;HAFRSFJORD;STAVANGER;0;68.320 Eiendomsforvaltning på oppdrag;2023-11-20;Taksering, rådgivende ingeniørtjenester, tilstandsrapporter og konsulentvirksomhet innen fast eiendom samt annen virksomhet som kan tjene eiernes interesser.;eiendom i formål + AS (e-post lovlig)
20;eiendom;HOLTET TAKST AVD. BUSKERUD AS;936608043;AS;e-post/telefon;;;;Kadettveien 22;4045;HAFRSFJORD;STAVANGER;;68.320 Eiendomsforvaltning på oppdrag;2025-11-19;Taksering og konsulenttjenester knyttet til fast eiendom.;eiendom i formål + AS (e-post lovlig)
20;eiendom;HONESTA TAKST AS;914386012;AS;e-post/telefon;;;;Hanevalsvevet 88;3277;STEINSHOLT;LARVIK;0;74.990 All annen faglig, vitenskapelig og teknisk virksomhet ikke nevnt annet sted;2014-10-30;Taksering av eiendom.;eiendom i formål + AS (e-post lovlig)
20;eiendom;HOVE TAKST OG BYGGRÅDGIVING AS;925513075;AS;e-post/telefon;;;;Avsølevegen 136;6857;SOGNDAL;SOGNDAL;0;74.990 All annen faglig, vitenskapelig og teknisk virksomhet ikke nevnt annet sted;2020-08-20;Selskapet skal ha som hovedføremål å tilby ulike typar taksering av eigedom, i tillegg vil vi tilby tjenester innan rådgiving når det gjeld kjøp av eigedom, overtaking, ombygging, nybygg m.m Vi vil også opptre som ansvarleg søkar i byggesaker og utføre uavhengig kontroll.;eiendom i formål + AS (e-post lovlig)
20;eiendom;HUSTADVIKA TAKST AS;929481224;AS;e-post/telefon;;;;Granvegen 17;6445;MALMEFJORDEN;HUSTADVIKA;0;68.320 Eiendomsforvaltning på oppdrag;2022-07-12;Taksering av eiendom.;eiendom i formål + AS (e-post lovlig)
20;eiendom;HAALAND TAKST & BOLIGVEILEDNING AS;916687451;AS;e-post/telefon;;;;c/o Gard Sundbø Haaland, Åssiden 100;1860;TRØGSTAD;INDRE ØSTFOLD;0;68.320 Eiendomsforvaltning på oppdrag;2016-02-04;Tjenesteyting med taksering av fast eiendom, og rådgivning innen bruk og vedlikehold av boliger.;eiendom i formål + AS (e-post lovlig)
20;eiendom;HAALAND TAKST & TILSTAND AS;926555723;AS;e-post/telefon;;;;c/o Nikolai Eilertsen Haaland, Gullstølslien 58;5153;BØNES;BERGEN;0;74.990 All annen faglig, vitenskapelig og teknisk virksomhet ikke nevnt annet sted;2021-02-09;Tilstandsvurderinger og taksering av bygg og eiendommer, samt byggmestervirksomhet.;eiendom i formål + AS (e-post lovlig)
20;eiendom;HAALAND TAKST AS;933088596;AS;e-post/telefon;;;;Tråklestinget 6;1537;MOSS;MOSS;0;71.121 Byggeteknisk konsulentvirksomhet;2024-02-28;Ingeniør- og prosjektledertjenester innen byggeprosjekter.;eiendom i formål + AS (e-post lovlig)
20;eiendom;ICON TAKST AS;899504062;AS;e-post/telefon;;;;Østre Bergsveg 2;2340;LØTEN;LØTEN;;68.320 Eiendomsforvaltning på oppdrag;2013-01-09;Bygg og anlegg. Taksering av eiendom, konsulentvirksomhet innen eiendom og oppføring og restaurering av eiendom;eiendom i formål + AS (e-post lovlig)
20;eiendom;ING./TAKSTMANN ASLE THOMASSEN;980231135;ENK;telefon/LinkedIn (ENK — ikke uanmodet e-post);post@aslethomassen.no;70 12 73 40;takst-thomassen.no;Sigerfjord, Granliveien 1;8406;SORTLAND;SORTLAND;;41.000 Oppføring av bygninger;1998-10-27;Bygg og anlegg - snekkring, konsulting. Takstering  - verditakstering av bolig.;eiendom i formål + e-post i registeret + hjemmeside
20;eiendom;INNHERRED TAKST AS;931124617;AS;e-post/telefon;;;;Leksdalsvegen 750;7656;VERDAL;VERDAL;0;68.320 Eiendomsforvaltning på oppdrag;2023-04-12;Taksering av boliger.;eiendom i formål + AS (e-post lovlig)
20;eiendom;INNLANDET TAKSTFORRETNING AS;929007751;AS;e-post/telefon;;;;Gamle Narudveg 44;2386;BRUMUNDDAL;RINGSAKER;0;68.320 Eiendomsforvaltning på oppdrag;2022-03-30;Selge tjenester og varer innen taksering av bolig- og næringseiendom, og annet som naturlig sammenfaller med dette, samt deltakelse i andre selskaper, investeringer og nærliggende virksomhet.;eiendom i formål + AS (e-post lovlig)
20;eiendom;INSPEKTRA TAKST AS;932941430;AS;e-post/telefon;;412 39 412;;Veslemyrveien 5;1554;SON;VESTBY;0;68.320 Eiendomsforvaltning på oppdrag;2024-02-02;Eiendomsforvaltning på oppdrag.;eiendom i formål + AS (e-post lovlig)
20;eiendom;IRJ TAKST AS;931161709;AS;e-post/telefon;;;;Lensmannsvegen 3;9020;TROMSDALEN;TROMSØ;0;71.121 Byggeteknisk konsulentvirksomhet;2023-04-03;Selge varer og tjenester innen byggeteknisk konsulentvirksomhet.;eiendom i formål + AS (e-post lovlig)
20;eiendom;IVERSEN TAKST & BYGGSERVICE AS;835204502;AS;e-post/telefon;;;;c/o Stiansen L23 As, Løvenskiolds gate 23;0260;OSLO;OSLO;0;41.000 Oppføring av bygninger;2025-03-13;Utarbeide tilstandsrapporter for boliger. Tømrer, oppføring og vedlikehold av bygninger.;eiendom i formål + AS (e-post lovlig)
20;eiendom;J-TAKST AS;932431866;AS;e-post/telefon;;;;Snehvitveien 11B;4314;SANDNES;SANDNES;0;68.310 Eiendomsmegling og andre formidlingstjenester for eiendom;2023-11-09;Eiendomsmegling.;eiendom i formål + AS (e-post lovlig)
20;eiendom;JB TAKST & BOLIGUTVIKLING AS;930908231;AS;e-post/telefon;;;;Kråkåsveien 9;1592;VÅLER I ØSTFOLD;VÅLER;0;68.310 Eiendomsmegling og andre formidlingstjenester for eiendom;2023-02-28;Eiendomsmegler. Ingeniør- og prosjektledertjenester innen byggeprosjekter. Tømrer, oppføring og vedlikehold av bygninger. Snekkerarbeid, montering av dører, vinduer, kjøkken med mere.;eiendom i formål + AS (e-post lovlig)
20;eiendom;JK TAKST AS;937297548;AS;e-post/telefon;;;;Fageråsvegen 16;2420;TRYSIL;TRYSIL;0;68.320 Eiendomsforvaltning på oppdrag;2026-03-05;Tilstandsrapporter og taksering av eiendommer. Reklamasjonstakst. Uavhengig kontroll våtrom.;eiendom i formål + AS (e-post lovlig)
20;eiendom;JL TAKST AS;934445546;AS;e-post/telefon;;;;Gyltemyrvegen 25;3731;SKIEN;SKIEN;0;68.320 Eiendomsforvaltning på oppdrag;2024-11-12;Taksering og kontroll av bolig og eiendom samt byggeteknisk konsulent- og rådgivningsvirksomhet.;eiendom i formål + AS (e-post lovlig)
20;eiendom;JM TAKST AS;933405974;AS;e-post/telefon;;;;Heiveien 669;4985;VEGÅRSHEI;VEGÅRSHEI;;68.320 Eiendomsforvaltning på oppdrag;2024-05-04;Takstarbeid, oppføring av bygninger og konsulenttjenester. Kjøp, salg, drift og utleie av fast eiendom.;eiendom i formål + AS (e-post lovlig)
20;eiendom;JOHNSEN TAKSERING AS;912089649;AS;e-post/telefon;;;;Nedre Fiksnesvika 20;5378;KLOKKARVIK;ØYGARDEN;0;68.320 Eiendomsforvaltning på oppdrag;2013-06-18;Taksering av eiendommer.;eiendom i formål + AS (e-post lovlig)
20;eiendom;JS TAKSERING AS;916690797;AS;e-post/telefon;;;;Skotlio 17;5411;STORD;STORD;0;68.320 Eiendomsforvaltning på oppdrag;2016-02-05;Taksering av hus og bygninger, konsulentbistand og andre tjenesteytinger som naturlig hører innunder bransjen. Selskapet kan drive med kjøp og salg av aksjer eller foreta investeringer i andre selskap. Selskapet kan også drive med kjøp, salg og utleie av eiendom eller delta i annen virksomhet. Tømrervirksomhet.;eiendom i formål + AS (e-post lovlig)
20;eiendom;JW TAKST OG EIENDOM AVD. BUSKERUD AS;997522605;AS;e-post/telefon;;;;Øvre Skistadvei 9;3302;HOKKSUND;ØVRE EIKER;0;74.990 All annen faglig, vitenskapelig og teknisk virksomhet ikke nevnt annet sted;2011-10-29;Taksering av eiendom og håndverkstjenester.;eiendom i formål + AS (e-post lovlig)
20;eiendom;JØDAHL TAKST OG BYGG AS;927027003;AS;e-post/telefon;;;;Averstadstubben 2;2040;KLØFTA;ULLENSAKER;0;41.000 Oppføring av bygninger;2021-04-27;Selge tjenester og varer innen tømrerfaget, og annet som naturlig sammenfaller med dette, samt deltakelse i andre selskaper, investeringer og nærliggende virksomhet.;eiendom i formål + AS (e-post lovlig)
20;eiendom;KA BYGG OG TAKST AS;925098345;AS;e-post/telefon;;;;c/o Kåre Anders Orderud, Torpveien 34;1866;BÅSTAD;INDRE ØSTFOLD;0;74.990 All annen faglig, vitenskapelig og teknisk virksomhet ikke nevnt annet sted;2020-05-20;Taksering av boliger. Snekker/tømrertjenester.;eiendom i formål + AS (e-post lovlig)
20;eiendom;KALAND TAKST AS;932807971;AS;e-post/telefon;;;;Skjoldingsneset 63;5337;RONG;ØYGARDEN;0;68.320 Eiendomsforvaltning på oppdrag;2024-01-11;Takseringsoppdrag og tilstandsrapportering. Byggmestertjenester og rådgivning.;eiendom i formål + AS (e-post lovlig)
20;eiendom;KARLSEN BYGG OG TAKST AS;936602835;AS;e-post/telefon;;;;Vedlandvegen 62;3825;LUNDE;NOME;;68.310 Eiendomsmegling og andre formidlingstjenester for eiendom;2025-11-20;Taksering og annen byggteknisk virksomhet, herunder annet relatert til bygg.;eiendom i formål + AS (e-post lovlig)
20;eiendom;KAXRUD TAKST & BYGG AS;937968833;AS;e-post/telefon;;;;Garderveien 408;1435;ÅS;ÅS;;;2026-06-24;Taksering, byggeoppdrag og tilhørende tjenester innen bygg og eiendom.;eiendom i formål + AS (e-post lovlig)
20;eiendom;KB BYGG OG TAKST AS;838164722;AS;e-post/telefon;;;;Glemmengata 6;1608;FREDRIKSTAD;FREDRIKSTAD;;71.110 Arkitektvirksomhet;2026-07-27;Arkitekttjenester, bygg.;eiendom i formål + AS (e-post lovlig)
20;eiendom;KE TAKST AS;928603962;AS;e-post/telefon;;;;Bålyveien 5;4521;LINDESNES;LINDESNES;0;68.320 Eiendomsforvaltning på oppdrag;2022-01-25;Taksering av eiendom samt virksomhet som hører inn under dette.;eiendom i formål + AS (e-post lovlig)
20;eiendom;KH BYGG & TAKST AS;925622117;AS;e-post/telefon;;;;Fossbergjordet 9;1350;LOMMEDALEN;BÆRUM;0;43.320 Snekkerarbeid;2020-09-11;Snekkerarbeid, montering av dører, vinduer, kjøkken med mer.;eiendom i formål + AS (e-post lovlig)
20;eiendom;KLØVE BYGG OG TAKSERING AS;919201304;AS;e-post/telefon;;;;Ringheimsvegen 56;5705;VOSS;VOSS;;41.000 Oppføring av bygninger;2017-06-26;Oppføring og rehabilitering av bygg, samt taksering og anna som naturleg høyrer inn under dette.;eiendom i formål + AS (e-post lovlig)
20;eiendom;KNUTSEN TAKST AS;922085404;AS;e-post/telefon;;;;Haraldsgata 225;5525;HAUGESUND;HAUGESUND;0;68.320 Eiendomsforvaltning på oppdrag;2019-01-18;Takseringsvirksomhet, rådgivning, byggesakkyndig, samt hva hermed står i forbindelse, herunder å delta i andre foretak som driver tilsvarende virksomhet.;eiendom i formål + AS (e-post lovlig)
20;eiendom;KRISTIANSEN TAKST AS;935317843;AS;e-post/telefon;;;;Skarpsnoveien 6;7374;RØROS;RØROS;0;74.990 All annen faglig, vitenskapelig og teknisk virksomhet ikke nevnt annet sted;2025-04-03;Takseringstjenester. Taksering av eiendom og tilhørende virksomhet.;eiendom i formål + AS (e-post lovlig)
20;eiendom;KRISTIANSUND TAKST OG EIENDOM AS;897275562;AS;e-post/telefon;;950 51 007;;Leira;6590;TUSTNA;AURE;;68.320 Eiendomsforvaltning på oppdrag;2011-08-29;Taksering og eiendomsinvesteringer.;eiendom i formål + AS (e-post lovlig)
20;eiendom;KS BYGG - TAKST AS;936185177;AS;e-post/telefon;;;;Fotlandsveien 9;4330;ÅLGÅRD;GJESDAL;;43.320 Snekkerarbeid;2025-09-17;Snekkerarbeid, montering av dører, vinduer, kjøkken med mer.;eiendom i formål + AS (e-post lovlig)
20;eiendom;KVADRAT TAKST AS;936325270;AS;e-post/telefon;;;;c/o Morten Sæther, Skigardveien 38;0681;OSLO;OSLO;0;71.121 Byggeteknisk konsulentvirksomhet;2025-10-07;Byggteknisk konsulentvirksomhet.;eiendom i formål + AS (e-post lovlig)
20;eiendom;KVÆRNDAL OG LIEN TAKST & BYGGRÅDGIVNING AS;934219783;AS;e-post/telefon;;952 99 683;;Tyrivegen 6;2840;REINSVOLL;VESTRE TOTEN;0;68.320 Eiendomsforvaltning på oppdrag;2024-10-05;Taksteringstjenester, byggrådgivning, byggtjenester.;eiendom i formål + AS (e-post lovlig)
20;eiendom;KAA BYGG-TAKST AS;934823133;AS;e-post/telefon;;;;Bryggeriveien 40;1605;FREDRIKSTAD;FREDRIKSTAD;0;68.320 Eiendomsforvaltning på oppdrag;2025-01-13;Taksering av eiendommer og kjøp/salg og oppføring av eiendom.;eiendom i formål + AS (e-post lovlig)
20;eiendom;L.A TAKST & EIENDOM AS;937036485;AS;e-post/telefon;;;;Vestbyveien 79B;1914;YTRE ENEBAKK;ENEBAKK;0;71.121 Byggeteknisk konsulentvirksomhet;2026-01-26;Ingeniørtjenester.;eiendom i formål + AS (e-post lovlig)
20;eiendom;LADSTEIN TAKST AS;932605473;AS;e-post/telefon;;;;Ullandhaugveien 77D;4021;STAVANGER;STAVANGER;0;68.310 Eiendomsmegling og andre formidlingstjenester for eiendom;2023-12-13;Eiendomsmegler.;eiendom i formål + AS (e-post lovlig)
20;eiendom;LANGLI TAKST AS;927345269;AS;e-post/telefon;;;;Ringvegen 12;5412;STORD;STORD;0;68.320 Eiendomsforvaltning på oppdrag;2021-06-28;Taksering av boliger, eiendommer og næringsbygg. Byggteknisk rådgivning og tjenester. Produksjon av plan og fasadetegninger.;eiendom i formål + AS (e-post lovlig)
20;eiendom;LARSENS TAKST SERVICE AS;911866226;AS;e-post/telefon;;;;Åsaveien 6;1900;FETSUND;LILLESTRØM;0;68.320 Eiendomsforvaltning på oppdrag;2013-04-29;Taksering av boliger med verditaksering, boligsalgsrapporter samt tilstandsanalyse.;eiendom i formål + AS (e-post lovlig)
20;eiendom;LETH TAKSERING AS;833122622;AS;e-post/telefon;;;;Raveien 506;3239;SANDEFJORD;SANDEFJORD;;68.320 Eiendomsforvaltning på oppdrag;2024-03-05;Taksering av boliger og eiendom. Utfører arbeid innen byggebransjen.;eiendom i formål + AS (e-post lovlig)
20;eiendom;LIDAL TAKST AS;835068072;AS;e-post/telefon;;;;Eikveien 85B;3122;TØNSBERG;TØNSBERG;0;68.320 Eiendomsforvaltning på oppdrag;2025-02-19;Takstmann. Totalentreprenør for utvikling av byggeprosjekter. Tømrertjenester.;eiendom i formål + AS (e-post lovlig)
20;eiendom;LILLEHAMMER TAKST AS;931758365;AS;e-post/telefon;;;;Galterudskogen 10;2614;LILLEHAMMER;LILLEHAMMER;0;68.320 Eiendomsforvaltning på oppdrag;2023-07-22;Taksering av eiendommer.;eiendom i formål + AS (e-post lovlig)
20;eiendom;LINDELID TAKST AS;922899886;AS;e-post/telefon;;;;Nipefjellet 81;5308;KLEPPESTØ;ASKØY;;68.320 Eiendomsforvaltning på oppdrag;2019-06-15;Taksering og byggmestervirksomhet innen byggebransjen og annet som naturlig faller sammen med dette. samt deltakelse i andre selskaper, investeringer og nærliggende virksomhet.;eiendom i formål + AS (e-post lovlig)
20;eiendom;LINDESNES TAKST AS;925369047;AS;e-post/telefon;;;;Doneheia 104;4516;MANDAL;LINDESNES;0;74.990 All annen faglig, vitenskapelig og teknisk virksomhet ikke nevnt annet sted;2020-07-21;Taksering av fast eiendom og konsulentjenester innenfor oppføring og vedlikehold av bygninger, samt byggesakstjenester.;eiendom i formål + AS (e-post lovlig)
20;eiendom;MB BYGG & TAKST AS;935511429;AS;e-post/telefon;;;;Vålegaten 5A;3112;TØNSBERG;TØNSBERG;0;41.000 Oppføring av bygninger;2025-05-16;Tømrer, oppføring og vedlikehold av bygninger.;eiendom i formål + AS (e-post lovlig)
20;eiendom;MIDT NORSK TAKST AS;935506387;AS;e-post/telefon;;;;Røskattvegen 12;7340;OPPDAL;OPPDAL;0;68.310 Eiendomsmegling og andre formidlingstjenester for eiendom;2025-05-15;Eiendomsmegler.;eiendom i formål + AS (e-post lovlig)
20;eiendom;MIDT-NORGE TAKST AS;989259830;AS;e-post/telefon;;90149900;;Brubakken 4A;7016;TRONDHEIM;TRONDHEIM;;71.121 Byggeteknisk konsulentvirksomhet;2006-02-18;Byggteknisk konsulentvirksomhet, takseringsvirksomhet, investeringsvirksomhet, herunder i andre selskaper og virksomheter, fast eiendom og lignende.;eiendom i formål + AS (e-post lovlig)
20;eiendom;MIDT-TROMS TAKST - STÅLE LANGSETH AS;930603007;AS;e-post/telefon;;;;Øyfjordveien 57;9388;FJORDGARD;SENJA;0;68.320 Eiendomsforvaltning på oppdrag;2023-01-06;Takst og rådgivningstjenester. Kjøp og salg av fast eiendom.;eiendom i formål + AS (e-post lovlig)
20;eiendom;MIN-TAKST AS;935229987;AS;e-post/telefon;;;;Fjellrabben 12B;2022;GJERDRUM;GJERDRUM;;68.320 Eiendomsforvaltning på oppdrag;2025-03-18;Boligtakst og konsulentvirksomhet innen byggesaker.;eiendom i formål + AS (e-post lovlig)
20;eiendom;MISA TAKST AS;837763142;AS;e-post/telefon;;;;Olaf Helsets vei 5;0694;OSLO;OSLO;;68.320 Eiendomsforvaltning på oppdrag;2026-05-22;Eiendomsforvaltning på vegne av andre.;eiendom i formål + AS (e-post lovlig)
20;eiendom;MOSSENG TAKST- OG INGENIØRTJENESTER AS;917020639;AS;e-post/telefon;;;;Lekneskroken 7;8370;LEKNES;VESTVÅGØY;0;74.990 All annen faglig, vitenskapelig og teknisk virksomhet ikke nevnt annet sted;2016-04-14;Takseringsvirksomhet i henhold til lover og regler i Norges Takseringsforbund og andre produkter/tjenester som naturlig hører til dette, herunder å delta i andre selskap med lignende virksomhet, og kjøp og salg av aksjer eller på annen måte gjøre seg interessert i andre foretak. Selskapet kan også drive med kjøp/drift av fast eiendom.;eiendom i formål + AS (e-post lovlig)
20;eiendom;MS TAKST AS;935181968;AS;e-post/telefon;;;;Jutulveien 20B;3042;DRAMMEN;DRAMMEN;;74.990 All annen faglig, vitenskapelig og teknisk virksomhet ikke nevnt annet sted;2025-03-10;Taksering og konsulenttjenester innen bolig og eiendom.;eiendom i formål + AS (e-post lovlig)
20;eiendom;MURMESTER OG TAKSTMANN NARVE HELLE AS;915825710;AS;e-post/telefon;;;;Ole Deviks vei 16 A;0666;OSLO;OSLO;0;74.990 All annen faglig, vitenskapelig og teknisk virksomhet ikke nevnt annet sted;2015-08-28;Taksering av eiendommer og andre verdier, byggmestervirksomhet, utvikling av eiendommer og tomteområder, samt dertil hørende virksomhet. Selskapet vil også drive med investering i og drift av fast eiendom, samt investering i aksjer og andre verdipapirer.;eiendom i formål + AS (e-post lovlig)
20;eiendom;MYHRA TAKST OG BYGGTEKNIKK AS;937620179;AS;e-post/telefon;;;;Flattumveien 36;3515;HØNEFOSS;RINGERIKE;0;68.320 Eiendomsforvaltning på oppdrag;2026-04-27;Takst, verdivurdering og tilstandsanalyse av eiendom. Byggesøknader, prosjektering og byggledelse.;eiendom i formål + AS (e-post lovlig)
20;eiendom;MØLL TAKST AS;935765277;AS;e-post/telefon;;;;Gismerøyveien 89;4515;MANDAL;LINDESNES;0;68.320 Eiendomsforvaltning på oppdrag;2025-06-27;Taksering av bolig for salg og verdivurdering.;eiendom i formål + AS (e-post lovlig)
20;eiendom;N TAKST OG EIENDOM AS;832910422;AS;e-post/telefon;;;;Blåveisbakken 9A;3050;MJØNDALEN;DRAMMEN;0;68.310 Eiendomsmegling og andre formidlingstjenester for eiendom;2024-01-29;Eiendomsmegler.;eiendom i formål + AS (e-post lovlig)
20;eiendom;N.H. TAKST & BYGGRÅDGIVNING AS;928651703;AS;e-post/telefon;;;;Svinndallinna 112;1593;SVINNDAL;VÅLER;0;71.121 Byggeteknisk konsulentvirksomhet;2022-02-01;Byggtekniske Konsulenttjenester, taksering av eiendom og utførelse av byggmestertjenester.;eiendom i formål + AS (e-post lovlig)
20;eiendom;NAMDAL TAKST OG BYGGTJENESTER AS;920384773;AS;e-post/telefon;;;;Ytterbyvegen 307;7810;NAMSOS;NAMSOS;;74.990 All annen faglig, vitenskapelig og teknisk virksomhet ikke nevnt annet sted;2018-02-05;Taksering av boliger. Tilstandsanalyse og verdivurdering av boliger. Uavhengig kontroll av våtrom. Uavhengig kontroll trykk/tetthetstesting av bolig. Termografering. Tømrertjenester.;eiendom i formål + AS (e-post lovlig)
20;eiendom;NEI TAKST AS;923353933;AS;e-post/telefon;;;;Røkebergveien 4;3320;VESTFOSSEN;ØVRE EIKER;0;41.000 Oppføring av bygninger;2019-09-06;Tømrer, motorsport, Utleie fast eiendom.;eiendom i formål + AS (e-post lovlig)
20;eiendom;NEMI BYGG OG TAKST AS;926283960;AS;e-post/telefon;;;;Selvikåsen 62;3077;SANDE I VESTFOLD;HOLMESTRAND;;00.000 Uoppgitt;2020-12-21;Å investere i aksjer, andeler i selskaper eller annen virksomhet, herunder fast eiendom, bygg og anlegg, samt det som naturlig står i forbindelse med dette.;eiendom i formål + AS (e-post lovlig)
20;eiendom;NES TAKST OG EIENDOM AS;924590920;AS;e-post/telefon;;;;Kongsvingervegen 1525;2165;HVAM;NES;0;41.000 Oppføring av bygninger;2020-02-12;Entreprenørvirksomhet. Oppføring og vedlikehold av bygg og eiendommer.;eiendom i formål + AS (e-post lovlig)
20;eiendom;NESTTUN TAKSERING AS;989867083;AS;e-post/telefon;;92239494;;Ulsmågåsen 39;5224;NESTTUN;BERGEN;0;41.000 Oppføring av bygninger;2006-05-30;Nybygg, rehabilitering og vedlikehold, samt å investere i andre selskaper.;eiendom i formål + AS (e-post lovlig)
20;eiendom;NM TAKST & EIENDOM AS;932756307;AS;e-post/telefon;;;;Brokelandsheia nord 3;4993;SUNDEBRU;GJERSTAD;;71.121 Byggeteknisk konsulentvirksomhet;2024-01-03;Ingeniør- og prosjektledertjenester innen byggeprosjekter. Tømrer, oppføring og vedlikehold av bygninger.;eiendom i formål + AS (e-post lovlig)
20;eiendom;NORDAFØRR TAKST & EIENDOM AS;934389212;AS;e-post/telefon;;;;c/o Jan-Otto Ottesen, Gråtindvegen 43;9101;KVALØYSLETTA;TROMSØ;0;41.000 Oppføring av bygninger;2024-10-31;Snekkerarbeid, montering av dører, vinduer, kjøkken med mer.;eiendom i formål + AS (e-post lovlig)
20;eiendom;NORDIC TAKST AS;936918026;AS;e-post/telefon;;;;Maskinveien 2;4033;STAVANGER;STAVANGER;;68.320 Eiendomsforvaltning på oppdrag;2026-01-07;Eiendomsforvaltning på vegne av andre.;eiendom i formål + AS (e-post lovlig)
20;eiendom;NORDISK TAKSERING AS;980489310;AS;e-post/telefon;;22 70 08 40;;Fredrik Selmers vei 6;0663;OSLO;OSLO;0;74.990 All annen faglig, vitenskapelig og teknisk virksomhet ikke nevnt annet sted;1999-03-11;Konsulenttjenester, kjøp, salg og forvaltning av aksjer og andre verdipapirer og andeler i andre foretak, herunder drift av eiendommer, og å interessere seg i andre foretak.;eiendom i formål + AS (e-post lovlig)
20;eiendom;NORDSALTEN TAKST AS;927573466;AS;e-post/telefon;;;;Nessveien 346;8290;SKUTVIK;HAMARØY;0;68.320 Eiendomsforvaltning på oppdrag;2021-08-23;Takseringsvirksomhet. Byggteknisk konsulentvirksomhet.;eiendom i formål + AS (e-post lovlig)
20;eiendom;NORDSETH TAKST & EIENDOM AS;933582027;AS;e-post/telefon;;;;Karen Tollers vei 1;3095;EIDSFOSS;HOLMESTRAND;0;74.990 All annen faglig, vitenskapelig og teknisk virksomhet ikke nevnt annet sted;2024-06-08;Takstmann, takstingeniør, bygningssakkyndig. Taksering, rådgivning, forvaltning av eiendom.;eiendom i formål + AS (e-post lovlig)
20;eiendom;NORGES TAKST AS;887883602;AS;e-post/telefon;tjf@norges-takst.no;67 92 20 00;www.norges-takst.no;Skårersletta 60D;1473;LØRENSKOG;LØRENSKOG;0;68.320 Eiendomsforvaltning på oppdrag;2005-02-16;Taksering.;AS (e-post lovlig) + e-post i registeret + hjemmeside
20;eiendom;NORSK TAKST HOLDING AS;994964054;AS;e-post/telefon;;;;Klingenberggata 7A;0161;OSLO;OSLO;;68.200 Utleie av egen eller leid fast eiendom;2010-01-09;Å fovalte egne eierinteresser i andre selskaper, utleie av fast eiendom, forvaltning av selskapets midler samt annen virksomhet som faller naturlig inn under dette, aksjekjøp eller på annen måte.;eiendom i formål + AS (e-post lovlig)
20;eiendom;NÅMO TAKST OG RÅDGIVNING AS;998998964;AS;e-post/telefon;;;;Unnarennet 18;0687;OSLO;OSLO;0;74.990 All annen faglig, vitenskapelig og teknisk virksomhet ikke nevnt annet sted;2012-10-11;Taksering, forvaltning av eiendommer herunder kjøp og salg, og det som naturlig faller inn under dette.;eiendom i formål + AS (e-post lovlig)
20;eiendom;NAAVA TAKST AS;937192606;AS;e-post/telefon;;;;Hjellhaugvegen 96A;6013;ÅLESUND;ÅLESUND;0;68.320 Eiendomsforvaltning på oppdrag;2026-02-18;Taksering og tilstandsvurdering av eiendommer.;eiendom i formål + AS (e-post lovlig)
20;eiendom;O&P HÅNDVERK OG TAKST AS;931857231;AS;e-post/telefon;;;;Gamle Dalsveg 157;2032;MAURA;NANNESTAD;;68.120 Utvikling og salg av byggeprosjekter;2023-08-22;Utvikling av byggeprosjekter for salg eller utleie, totalentreprenør.;eiendom i formål + AS (e-post lovlig)
20;eiendom;OBK TAKST AS;936860176;AS;e-post/telefon;;;;Kloppvegen 200;2850;LENA;ØSTRE TOTEN;0;68.320 Eiendomsforvaltning på oppdrag;2025-12-19;Taksering av bolig og eiendom.;eiendom i formål + AS (e-post lovlig)
20;eiendom;OBM BYGG OG TAKST AS;933197808;AS;e-post/telefon;;;;Holtheia 2;3766;SANNIDAL;KRAGERØ;0;68.320 Eiendomsforvaltning på oppdrag;2024-03-20;Takstmann. Uavhengig kontroll. Snekkerarbeid.;eiendom i formål + AS (e-post lovlig)
20;eiendom;ODNES BYGG OG TAKST AS;919855312;AS;e-post/telefon;;;;Hellinga 9;2608;LILLEHAMMER;LILLEHAMMER;;68.320 Eiendomsforvaltning på oppdrag;2017-11-06;Taksering av eiendom og byggeteknisk konsulentvirksomhet.;eiendom i formål + AS (e-post lovlig)
20;eiendom;OK TAKST AS;917070652;AS;e-post/telefon;;;;Heiane 30A;5919;FREKHAUG;ALVER;;74.990 All annen faglig, vitenskapelig og teknisk virksomhet ikke nevnt annet sted;2016-04-20;Taksering av boliger og det som står i naturlig forbindelse med dette.;eiendom i formål + AS (e-post lovlig)
20;eiendom;OMEGA TAKST AS;923206329;AS;e-post/telefon;;;;Skeisvold 34;5518;HAUGESUND;HAUGESUND;0;68.320 Eiendomsforvaltning på oppdrag;2019-08-16;Takstvirksomhet. Eiendomsforvaltning. Kjøp og salg av eiendom.;eiendom i formål + AS (e-post lovlig)
20;eiendom;OR-TAKST AS;930842532;AS;e-post/telefon;;;;Gotaasalleen 11;2050;JESSHEIM;ULLENSAKER;;74.990 All annen faglig, vitenskapelig og teknisk virksomhet ikke nevnt annet sted;2023-02-17;Takstering av eiendom.;eiendom i formål + AS (e-post lovlig)
20;eiendom;ORKLA TAKST AS;914235707;AS;e-post/telefon;;;;Kaares gate 7A;7300;ORKANGER;ORKLAND;;68.320 Eiendomsforvaltning på oppdrag;2014-10-02;Taksering av eneboliger, leiligheter og rekkehus. Boligsalgsrapporter og tilstandsrapporter. Entreprenør- og byggmestervirksomhet og hva dermed står i forbindelse. Selskapet kan også investere i andre selskap som selskapets styre finner det hensiktsmessig å gå inn i.;eiendom i formål + AS (e-post lovlig)
20;eiendom;OSLO BAD OG TAKST AS;933521141;AS;e-post/telefon;;;;Fugleliveien 17A;0667;OSLO;OSLO;;68.320 Eiendomsforvaltning på oppdrag;2024-05-29;Boligtakst, arkitekttjenester, bygg. Interiørarkitekt, interiørdesign og interiørkonsulenttjenester. Ingeniør- og prosjektledertjenester innen byggeprosjekter. Utleie av fast eiendom.;eiendom i formål + AS (e-post lovlig)
20;eiendom;OSLO TAKST & TILSTANDSRAPPORT AS;932461544;AS;e-post/telefon;;;;Linjeveien 47B;1087;OSLO;OSLO;0;68.320 Eiendomsforvaltning på oppdrag;2023-11-15;"Taksering, tilstandsvurdering, byggkontroll, uavhengig kontroll, verdivurdering, oppføring, rehabilitering, prosjektledelse av; bygg, eiendom, anlegg, næring.";eiendom i formål + AS (e-post lovlig)
20;eiendom;OSLO TAKST AS;932763141;AS;e-post/telefon;post@oslotakst.no;957 51 000;www.oslotakst.no;Markveien 32A;0554;OSLO;OSLO;;71.129 Annen teknisk konsulentvirksomhet;2024-01-04;Ingeniørtjenester.;AS (e-post lovlig) + e-post i registeret + hjemmeside
20;eiendom;OSLO TAKST OG EIENDOM AS;924208074;AS;e-post/telefon;;;;c/o Truls Tofteng, Magnefaret 4;0678;OSLO;OSLO;0;68.320 Eiendomsforvaltning på oppdrag;2019-12-16;Taksering av eiendom. Tømrerarbeid og byggentreprenør.;eiendom i formål + AS (e-post lovlig)
20;eiendom;OSLO TAKSTHUS AS;911940574;AS;e-post/telefon;;481 97 514;;Nobels gate 8;0273;OSLO;OSLO;0;68.320 Eiendomsforvaltning på oppdrag;2013-05-27;Taksering, risikovurdering og prosjektledelse av boliger og næringsbygg.;eiendom i formål + AS (e-post lovlig)
20;eiendom;OTT TAKST OG EIENDOM AS;931644963;AS;e-post/telefon;;;;Nedre Silkestrå 4;0375;OSLO;OSLO;;68.320 Eiendomsforvaltning på oppdrag;2023-06-27;Takseringsvirksomhet.;eiendom i formål + AS (e-post lovlig)
20;eiendom;P. NORDBAKKEN TAKST AS;931026852;AS;e-post/telefon;;;;Plankevegen 18A;2413;ELVERUM;ELVERUM;0;68.320 Eiendomsforvaltning på oppdrag;2023-03-14;Taksering innen privat eiendom.;eiendom i formål + AS (e-post lovlig)
20;eiendom;P.S TAKST OG BYGGRÅDGIVNING AS;933705021;AS;e-post/telefon;;;;Elvikveien 2;3967;STATHELLE;BAMBLE;0;68.320 Eiendomsforvaltning på oppdrag;2024-06-28;Taksering av bygninger. Konsulenttjenester bygg og eiendom.;eiendom i formål + AS (e-post lovlig)
20;eiendom;PALMBERG TAKST AS;995698358;AS;e-post/telefon;;;;Hamborggata 21;3018;DRAMMEN;DRAMMEN;0;68.320 Eiendomsforvaltning på oppdrag;2010-07-01;Byggteknisk konsulentvirksomhet.;eiendom i formål + AS (e-post lovlig)
20;eiendom;PAULSEN & BEHRENS TAKST AS;937276478;AS;e-post/telefon;;;;Dverbergveien 405;8485;DVERBERG;ANDØY;0;68.320 Eiendomsforvaltning på oppdrag;2026-03-12;Takstvirksomhet. Eiendomsforvaltning på oppdrag.;eiendom i formål + AS (e-post lovlig)
20;eiendom;PAULSEN TAKST AS;931914553;AS;e-post/telefon;;;;Kong Olavs vei 969;9436;KONGSVIK;TJELDSUND;0;68.320 Eiendomsforvaltning på oppdrag;2023-08-18;Taksering inkl. dødsbo og konkurs. Rådgivende innen bygg. Oppføring av bygg for salg eller utleie. Totalentreprise.;eiendom i formål + AS (e-post lovlig)
20;eiendom;PETTERSEN TAKST & BYGG CONSULT AS;934480562;AS;e-post/telefon;;;;c/o Eirik Pettersen, Grønnegata 161;9008;TROMSØ;TROMSØ;0;68.320 Eiendomsforvaltning på oppdrag;2024-11-18;Taksering av fast eiendom (verditakst, tilstandsanalyse, mm) Konsulentoppdrag relatert til fast eiendom. Kjøp, salg og utleie av fast eiendom.;eiendom i formål + AS (e-post lovlig)
20;eiendom;PK BYGG OG TAKSERING AS;914271592;AS;e-post/telefon;;;;Heggedalsveien 191A;1389;HEGGEDAL;ASKER;;74.990 All annen faglig, vitenskapelig og teknisk virksomhet ikke nevnt annet sted;2014-10-08;Håndverkertjenester og taksering av eiendom.;eiendom i formål + AS (e-post lovlig)
20;eiendom;POLARSIRKELEN TAKST & BYGGEKONTROLL AS;917631263;AS;e-post/telefon;;;;Strandgata 7;8622;MO I RANA;RANA;;71.121 Byggeteknisk konsulentvirksomhet;2016-09-03;Prosjektering, taksering, byggekontroll, analyser, raporter og byggfaglige beskrivelser.;eiendom i formål + AS (e-post lovlig)
20;eiendom;PRANS TAKST OG EIENDOM AS;933787044;AS;e-post/telefon;;;;Grimstadgata 30J;0464;OSLO;OSLO;0;68.320 Eiendomsforvaltning på oppdrag;2024-07-12;Takserings og rådgivertjenester innen bygg og eiendom.;eiendom i formål + AS (e-post lovlig)
20;eiendom;PRETIUM TAKST & EIENDOM AS;918488324;AS;e-post/telefon;;;;Tuengen allé 7;0374;OSLO;OSLO;0;68.320 Eiendomsforvaltning på oppdrag;2017-02-10;Taksering og verdifastsettelse av eiendom, kjøp og salg av eiendom, utleie av eiendom, oppussing av eiendom og annet som hører dertil.;eiendom i formål + AS (e-post lovlig)
20;eiendom;PRI TAKST AS;926113844;AS;e-post/telefon;;;;Gurannveien 28B;3089;HOLMESTRAND;HOLMESTRAND;0;68.310 Eiendomsmegling og andre formidlingstjenester for eiendom;2020-12-14;Taksering og verdivurdering av boliger og eiendommer, tjenester tilknyttet eiendom og kjøp, drift og salg av eiendom.;eiendom i formål + AS (e-post lovlig)
20;eiendom;PUTHI TAKST AS;935081041;AS;e-post/telefon;;;;Hausmanns gate 31B;0182;OSLO;OSLO;;68.320 Eiendomsforvaltning på oppdrag;2025-02-21;Takstoppdrag- Eiendom.;eiendom i formål + AS (e-post lovlig)
20;eiendom;PÅLS TAKST & BYGG AS;932071088;AS;e-post/telefon;;;;Øvre Myllarsmarka 9;4371;EGERSUND;EIGERSUND;0;71.121 Byggeteknisk konsulentvirksomhet;2023-09-14;Byggeteknisk konsulentvirksomhet.;eiendom i formål + AS (e-post lovlig)
20;eiendom;RAJ BYGG & TAKSERING AS;935094550;AS;e-post/telefon;;;;c/o Ola Paaske Gulbrandsen, Nordstjerneveien 10;0494;OSLO;OSLO;;68.320 Eiendomsforvaltning på oppdrag;2025-02-24;Taksering, tømrerarbeid og tilhørende bygningsvurderinger. Byggservice. Vaktmestertjenester.;eiendom i formål + AS (e-post lovlig)
20;eiendom;RAJO TAKST AS;935541212;AS;e-post/telefon;;;;Austre Sagstadvegen 18;5243;FANA;BERGEN;0;71.121 Byggeteknisk konsulentvirksomhet;2025-05-21;Taksering av bygg og eiendom, energiberegning av bygg, konsultering, prosjekttjenester innen bygg o.;eiendom i formål + AS (e-post lovlig)
20;eiendom;REPS HUS & TAKST AS;932927276;AS;e-post/telefon;;;;Barkvegen 18;2214;KONGSVINGER;KONGSVINGER;0;41.000 Oppføring av bygninger;2024-01-31;Bygg og taksttjenester, kjøp og salg av kapitalvarer og eiendom.;eiendom i formål + AS (e-post lovlig)
20;eiendom;RIKSFJORD TAKSERING AS;927424843;AS;e-post/telefon;post@riksfjordtaksering.no;934 48 883;www.riksfjordtaksering.no;Holavegen 13;6440;ELNESVÅGEN;HUSTADVIKA;0;68.320 Eiendomsforvaltning på oppdrag;2021-07-15;Takseringsvirksomhet.;AS (e-post lovlig) + e-post i registeret + hjemmeside
20;eiendom;ROALDSVIK TAKST OG TØMRERTJENESTER AS;930967211;AS;e-post/telefon;;;;Bjørvikveien 13;7924;AUSTAFJORD;NÆRØYSUND;0;68.320 Eiendomsforvaltning på oppdrag;2023-03-07;Takstering av eneboliger og leiligheter. Tømrertjenester;eiendom i formål + AS (e-post lovlig)
20;eiendom;RODELØKKA TAKST AS;931690302;AS;e-post/telefon;;;;Snippen 6A;0566;OSLO;OSLO;0;74.990 All annen faglig, vitenskapelig og teknisk virksomhet ikke nevnt annet sted;2023-07-06;Taksering av boliger.;eiendom i formål + AS (e-post lovlig)
20;eiendom;ROMSDAL TAKST AS;935428602;AS;e-post/telefon;;;;Sollivegen 1;6414;MOLDE;MOLDE;0;68.310 Eiendomsmegling og andre formidlingstjenester for eiendom;2025-04-30;Eiendomsmegler.;eiendom i formål + AS (e-post lovlig)
20;eiendom;ROSKA TAKST AS;937079478;AS;e-post/telefon;;;;Klovene 9;6809;FØRDE;SUNNFJORD;;68.320 Eiendomsforvaltning på oppdrag;2026-02-02;Eiendomsforvaltning på vegne av andre.;eiendom i formål + AS (e-post lovlig)
20;eiendom;RUNE HESTNES TAKSERING AS;912080935;AS;e-post/telefon;;;;Lekneset;5286;HAUS;OSTERØY;0;74.990 All annen faglig, vitenskapelig og teknisk virksomhet ikke nevnt annet sted;2013-07-01;Taksering av eiendommer, byggmestervirksomhet og det som naturlig hører sammen med dette.;eiendom i formål + AS (e-post lovlig)
20;eiendom;SANDVOLL TAKST AS;929262778;AS;e-post/telefon;;;;c/o Lars Erik Sandvoll, Steinvegen 16;2615;LILLEHAMMER;LILLEHAMMER;0;68.320 Eiendomsforvaltning på oppdrag;2022-05-27;Taksering av fast eiendom.;eiendom i formål + AS (e-post lovlig)
20;eiendom;SB TAKST AS;932446952;AS;e-post/telefon;;;;Berghoffveien 65;1340;SKUI;BÆRUM;0;68.320 Eiendomsforvaltning på oppdrag;2023-11-15;Taksering av bygg og anlegg.;eiendom i formål + AS (e-post lovlig)
20;eiendom;SCHAU TAKST AS;896605542;AS;e-post/telefon;;;;Bregneveien 5;3292;STAVERN;LARVIK;;71.121 Byggeteknisk konsulentvirksomhet;2011-02-22;Byggtekningsk rådgivning og taksering av eiendom.;eiendom i formål + AS (e-post lovlig)
20;eiendom;SCHIVE TAKST AS;824430012;AS;e-post/telefon;;;;Eivindsvegen 8;5532;HAUGESUND;HAUGESUND;0;68.320 Eiendomsforvaltning på oppdrag;2020-01-17;Takseringtjenester som tilstandsanalyse av boliger, boligsalgsrapport, verditakst, rådgivning mm.;eiendom i formål + AS (e-post lovlig)
20;eiendom;SENTRUM TAKST AS;937274106;AS;e-post/telefon;;;;Olaf Helsets vei 5;0694;OSLO;OSLO;0;68.320 Eiendomsforvaltning på oppdrag;2026-03-02;Eiendomsforvaltning på vegne av andre.;eiendom i formål + AS (e-post lovlig)
20;eiendom;SILJUBERG TAKSERING AS;914989612;AS;e-post/telefon;;;;Flaenbakken 1A;2070;RÅHOLT;EIDSVOLL;;68.320 Eiendomsforvaltning på oppdrag;2015-03-06;Taksering av fast eiendom. Byggeteknisk konsulenttjenester.;eiendom i formål + AS (e-post lovlig)
20;eiendom;SIMONSEN TAKST AS;938025762;AS;e-post/telefon;;;;Østmarkveien 4B;0687;OSLO;OSLO;;;2026-07-02;Taksering, verditakst, arealmåling og tilstandsrapporter.;eiendom i formål + AS (e-post lovlig)
20;eiendom;SIV.ING OG TAKSTMANN EIVIND PETTERSEN AS;925406902;AS;e-post/telefon;;;;Årbogveien 100;3515;HØNEFOSS;RINGERIKE;0;74.990 All annen faglig, vitenskapelig og teknisk virksomhet ikke nevnt annet sted;2020-07-29;Salg av taksttjenester og konsulentarbeid innenfor bygg og anlegg.;eiendom i formål + AS (e-post lovlig)
20;eiendom;SKAGE TAKSERING AS;927272229;AS;e-post/telefon;;;;Mongsedalen 9;5918;FREKHAUG;ALVER;;74.990 All annen faglig, vitenskapelig og teknisk virksomhet ikke nevnt annet sted;2021-06-15;Taksering av eiendom;eiendom i formål + AS (e-post lovlig)
20;eiendom;SKAGESTAD TAKST OG EIENDOM AS;930636622;AS;e-post/telefon;;;;c/o Richard Skagestad, Lølandsveien 108;4520;LINDESNES;LINDESNES;0;68.320 Eiendomsforvaltning på oppdrag;2023-01-11;Taksering av fast eiendom.;eiendom i formål + AS (e-post lovlig)
20;eiendom;SKAUG TAKST & RÅDGIVING AS;937378076;AS;e-post/telefon;;;;Nyhusvegen 10;2666;LORA;LESJA;0;71.121 Byggeteknisk konsulentvirksomhet;2026-03-18;Taksering og rådgiving innen byggebransjen, Ingeniør- og prosjektledertjenester innen byggeprosjekter. Arkitekttjenester, bygg.;eiendom i formål + AS (e-post lovlig)
20;eiendom;SKI TAKST & EIENDOM AS;937452470;AS;e-post/telefon;;;;Folloveien 76;1423;SKI;NORDRE FOLLO;;68.310 Eiendomsmegling og andre formidlingstjenester for eiendom;2026-03-30;Takstering og Eiendom.;eiendom i formål + AS (e-post lovlig)
20;eiendom;SKIEN TAKST AS;933071944;AS;e-post/telefon;;;;Luksefjellvegen 64;3716;SKIEN;SKIEN;0;68.320 Eiendomsforvaltning på oppdrag;2024-02-26;Takseringstjenester, rådgivning, byggelån og byggeoppfølging. Bistand ved reklamasjon.;eiendom i formål + AS (e-post lovlig)
20;eiendom;SKUI TAKST AS;835995852;AS;e-post/telefon;;;;Gydas gate 11;3732;SKIEN;SKIEN;0;68.320 Eiendomsforvaltning på oppdrag;2025-08-19;Taksering av eiendommer, konsulenttjenester i forbindelse med eiendom, samt investeringsvirksomhet.;eiendom i formål + AS (e-post lovlig)
20;eiendom;SLETTEN TAKST AS;824452652;AS;e-post/telefon;;;;Plankevegen 24;2413;ELVERUM;ELVERUM;0;68.320 Eiendomsforvaltning på oppdrag;2020-01-21;Taksering i forbindelse med kjøp, salg og utleie av fast eiendom. Ventilasjonstjenester, rørleggertjenester, bygningshåndverkere.;eiendom i formål + AS (e-post lovlig)
20;eiendom;SLETTO TAKST AS;920225241;AS;e-post/telefon;;412 38 315;;Øvre-Ålsvegen 220;3570;ÅL;ÅL;0;68.320 Eiendomsforvaltning på oppdrag;2018-01-11;Taksering og byggeteknisk konsulentvirksomhet.;eiendom i formål + AS (e-post lovlig)
20;eiendom;SOGN TAKST AS;919880929;AS;e-post/telefon;;;;Flåten 12;6884;ØVRE ÅRDAL;ÅRDAL;0;68.320 Eiendomsforvaltning på oppdrag;2017-11-09;Taksering, byggeleiing.;eiendom i formål + AS (e-post lovlig)
20;eiendom;SOLBERG TAKST OG BYGG;935234921;ENK;telefon/LinkedIn (ENK — ikke uanmodet e-post);atle.solberg@tstakst.no;90173900;tstakst.no;Signalveien 4;3292;STAVERN;LARVIK;;68.110 Kjøp og salg av egen fast eiendom;2025-03-19;Kjøp og salg av egen fast eiendom. Ingeniør- og prosjektledertjenester innen byggeprosjekter. Tømrer, oppføring og vedlikehold av bygninger. Murertjenester.;eiendom i formål + e-post i registeret + hjemmeside
20;eiendom;SPIRA TAKST AS;916619901;AS;e-post/telefon;;;;Smørhusbakken 1;9300;FINNSNES;SENJA;0;74.990 All annen faglig, vitenskapelig og teknisk virksomhet ikke nevnt annet sted;2016-02-03;Bygg og anlegg: Taksering. Uavhengig kontroll. Byggeledelse. Prosjektering.;eiendom i formål + AS (e-post lovlig)
20;eiendom;STEINSVIK TAKST AS;935105595;AS;e-post/telefon;;;;Kvernhusveien 23;5164;LAKSEVÅG;BERGEN;;68.320 Eiendomsforvaltning på oppdrag;2025-02-25;Takstfirma med tjenester innenfor verditakst og tilstandsrapporter.;eiendom i formål + AS (e-post lovlig)
20;eiendom;STENE TAKST AS;922899355;AS;e-post/telefon;;;;Heggdalsringen 63;7049;TRONDHEIM;TRONDHEIM;0;68.320 Eiendomsforvaltning på oppdrag;2019-06-15;Takstvirksomhet knyttet til eiendommer og andre produkter/tjenester som naturlig hører sammen med dette, herunder å delta i andre selskap med liknende virksomhet.;eiendom i formål + AS (e-post lovlig)
20;eiendom;STENSRUD BYGG OG TAKSERING AS;927352699;AS;e-post/telefon;;;;Høgvollvegen 28;3850;KVITESEID;KVITESEID;0;41.000 Oppføring av bygninger;2021-06-29;Nybygg, restaurering, tilbygg, takomlegging osv.;eiendom i formål + AS (e-post lovlig)
20;eiendom;STENSRØD TAKST OG BYGGVURDERING AS;936923550;AS;e-post/telefon;;;;Porsgrunnsvegen 188;3735;SKIEN;SKIEN;0;71.129 Annen teknisk konsulentvirksomhet;2026-01-07;Ingeniørtjenester.;eiendom i formål + AS (e-post lovlig)
20;eiendom;STORETIND TAKST OG RÅDGIVING AS;930868833;AS;e-post/telefon;;;;c/o Karl Anders Bjørdal, Bjørdalsvegen 81;6156;ØRSTA;ØRSTA;0;71.121 Byggeteknisk konsulentvirksomhet;2023-02-21;Ingeniør- og prosjektledertjenester innen byggeprosjekter. Ingeniørtjenester.;eiendom i formål + AS (e-post lovlig)
20;eiendom;STRØMMEN TAKST;970289860;ENK;telefon/LinkedIn (ENK — ikke uanmodet e-post);svein.arild.strommen@gmail.com;917 47 270;www.strommentakst.no;Glomstuvegen 42D;6412;MOLDE;MOLDE;;68.320 Eiendomsforvaltning på oppdrag;1995-02-20;Taksering av fast eiendom, Takstmann.;eiendom i formål + e-post i registeret + hjemmeside
20;eiendom;STÆRKEBY TAKST AS;994280317;AS;e-post/telefon;;;;Hamborggata 21;3018;DRAMMEN;DRAMMEN;0;74.990 All annen faglig, vitenskapelig og teknisk virksomhet ikke nevnt annet sted;2009-07-20;Taksering av fast eiendom, kjøp og salg av eiendom, herunder å delta i andre selskaper med lignende virksomhet. Det skal også være anledning til å eie og forvalte fast eiendom og verdipapirer.;eiendom i formål + AS (e-post lovlig)
20;eiendom;SUNNFJORD TAKSTKONTOR AS;929628721;AS;e-post/telefon;;;;Haukedalsvegen 1;6818;HAUKEDALEN;SUNNFJORD;;74.990 All annen faglig, vitenskapelig og teknisk virksomhet ikke nevnt annet sted;2022-08-11;Takst på hus og eigendom, tilstandsrapport, verdirapport.;eiendom i formål + AS (e-post lovlig)
20;eiendom;SUNNHORDLAND TAKSERING AS;894714352;AS;e-post/telefon;;;;Hidlesneset 10;5437;FINNÅS;BØMLO;0;68.320 Eiendomsforvaltning på oppdrag;2009-11-18;Taksering og kontroll av bolig og næringseiendom. I tillegg investering i fast eiendom og verdipapirer hvor det vurderes som interessant for selskapet.;eiendom i formål + AS (e-post lovlig)
20;eiendom;SVEA TAKST AS;920331130;AS;e-post/telefon;;;;Obovegen 1;7560;VIKHAMMER;MALVIK;;68.320 Eiendomsforvaltning på oppdrag;2018-01-29;Taksering, byggevirksomhet og rådgivning.;eiendom i formål + AS (e-post lovlig)
20;eiendom;SØNDENFJELDSKE TAKSTFORRETNING AS;930382140;AS;e-post/telefon;;;;Brulyvegen 21;2849;KAPP;ØSTRE TOTEN;0;68.320 Eiendomsforvaltning på oppdrag;2022-12-08;Taksering av fast eiendom og løsøre. Rådgivning, byggledelse og økonomioppfølging av byggprosjekt. Uavhengig kontroll i byggprosjekt. Energirådgivning. Undervisning og rådgivning mot bygg og anleggsfag, og annet som naturlig tilhører fagområdene.;eiendom i formål + AS (e-post lovlig)
20;eiendom;SØR-ØST TAKSERING AS;929871316;AS;e-post/telefon;;;;c/o Audun Vesterdal, Haugvegen 17;3802;BØ I TELEMARK;MIDT-TELEMARK;;74.990 All annen faglig, vitenskapelig og teknisk virksomhet ikke nevnt annet sted;2022-09-19;Tjenester tilknyttet taksering av eiendom, samt annen virksomhet som faller naturlig inn under dette. Selskapet har videre anledning til å delta i andre selskaper.;eiendom i formål + AS (e-post lovlig)
20;eiendom;SØRENSEN TAKST AS;932837005;AS;e-post/telefon;;;;Carl Bertheussens veg 23c;9020;TROMSDALEN;TROMSØ;0;71.121 Byggeteknisk konsulentvirksomhet;2024-01-16;Byggeteknisk konsulentvirksomhet herunder takst, tilstandsrapport og utvikling av eiendom.;eiendom i formål + AS (e-post lovlig)
20;eiendom;SØRLIE TAKST AS;919073934;AS;e-post/telefon;;;;Storhamargata 38;2317;HAMAR;HAMAR;0;68.320 Eiendomsforvaltning på oppdrag;2017-06-01;Taksering av eiendom.;eiendom i formål + AS (e-post lovlig)
20;eiendom;SØRØ TAKSERING AS;932097567;AS;e-post/telefon;;;;Asvallveien 34;3961;STATHELLE;BAMBLE;0;68.320 Eiendomsforvaltning på oppdrag;2023-10-06;Takstoppdrag for fast eiendom og malertjenester.;eiendom i formål + AS (e-post lovlig)
20;eiendom;T.O TAKST OG EIENDOM AS;937230087;AS;e-post/telefon;;;;Olleveien 36;3057;SOLBERGELVA;DRAMMEN;0;71.121 Byggeteknisk konsulentvirksomhet;2026-02-23;Byggteknisk konsulentvirksomhet.;eiendom i formål + AS (e-post lovlig)
20;eiendom;TA OLSEN TAKST AS;929264525;AS;e-post/telefon;;;;Kurudgutua 33;2618;LILLEHAMMER;LILLEHAMMER;0;68.320 Eiendomsforvaltning på oppdrag;2022-05-27;Taksering av fast eiendom.;eiendom i formål + AS (e-post lovlig)
20;eiendom;TAKSERING AS;915181724;AS;e-post/telefon;;;;Randabergveien 59A;4025;STAVANGER;STAVANGER;;68.320 Eiendomsforvaltning på oppdrag;2015-03-30;Boligtaksering/utvikling av eiendom.;eiendom i formål + AS (e-post lovlig)
20;eiendom;TAKST & BEFARINGSSENTERET AS;917362475;AS;e-post/telefon;;;;Sigurd Hoels vei 98;0655;OSLO;OSLO;0;71.121 Byggeteknisk konsulentvirksomhet;2016-06-24;Byggeledelse, taksering og befaring.;eiendom i formål + AS (e-post lovlig)
20;eiendom;TAKST & BOLIGHJELP AS;921130597;AS;e-post/telefon;;;;Åskanten 20;1570;DILLING;MOSS;;71.121 Byggeteknisk konsulentvirksomhet;2018-07-06;Alt av takst- konsulenttjenester- entreprenørtjenester- autorisert uavhengig takstmann, takst-økonom, takst. Ing. Prosjektleder, byggeleder. teknisk konsulent - kjøp salg av eiendom og annet som faller naturlig sammen med dette.;eiendom i formål + AS (e-post lovlig)
20;eiendom;TAKST & BYGG AS;932209284;AS;e-post/telefon;;;;Sløyfeveien 4K;3120;NØTTERØY;FÆRDER;0;68.320 Eiendomsforvaltning på oppdrag;2023-10-09;Taksering av bygg og eiendom, rådgivning innenfor eiendom, og snekkerarbeider.;eiendom i formål + AS (e-post lovlig)
20;eiendom;TAKST & BYGGKONSULENT AS;981046641;AS;e-post/telefon;;32 88 50 70;;Grubegata 39;3031;DRAMMEN;DRAMMEN;;71.121 Byggeteknisk konsulentvirksomhet;1999-09-04;Takst, byggkonsulent, kjøp, salg, utleie og rehabilitering av fast eiendom.;eiendom i formål + AS (e-post lovlig)
20;eiendom;TAKST & BYGGMESTER ERIKSEN AS;818768052;AS;e-post/telefon;;;;Røtingavegen 144;5216;LEPSØY;BJØRNAFJORDEN;0;71.121 Byggeteknisk konsulentvirksomhet;2017-03-31;Rådgivning, byggeteknisk konsulentvirksomhet og annet som naturlig faller sammen med dette. Taksering og byggmestervirksomhet innen byggebransjen og annet som naturlig faller sammen med dette.;eiendom i formål + AS (e-post lovlig)
20;eiendom;TAKST & BYGGRÅDGIVNING AS;929671996;AS;e-post/telefon;;;;Hornslivegen 103;2866;ENGER;SØNDRE LAND;0;71.121 Byggeteknisk konsulentvirksomhet;2022-08-22;Rådgivende ingeniør bygg og anlegg, takseringstjenester. Energirådgivning, tjenester innen bygg og anlegg - håndverkstjenester.;eiendom i formål + AS (e-post lovlig)
20;eiendom;TAKST & BYGGTEKNIKK T. WIIG;926202022;ENK;telefon/LinkedIn (ENK — ikke uanmodet e-post);post@bergenhusas.no;476 62 470;www.bergenhusas.no;Orrhøyflaten 1;5918;FREKHAUG;ALVER;;68.320 Eiendomsforvaltning på oppdrag;2020-12-17;Takstvirksomhet og annen byggteknisk bistand.;eiendom i formål + e-post i registeret + hjemmeside
20;eiendom;TAKST & BYGNINGSKONTROLL AS;997987098;AS;e-post/telefon;;419 32 720;;Hellekroken 31;1434;ÅS;ÅS;0;68.320 Eiendomsforvaltning på oppdrag;2012-03-05;Takseringsvirksomhet, byggteknisk og konsulentvirksomhet.;eiendom i formål + AS (e-post lovlig)
20;eiendom;TAKST & BYGNINGSVERN AS;925942138;AS;e-post/telefon;;;;c/o Bent Ove Schørlien, Haugsjåsund 368;3855;TREUNGEN;NISSEDAL;;68.320 Eiendomsforvaltning på oppdrag;2020-11-10;Takst- og byggevirksomhet, rådgivning og eiendomsutvikling og andre tjenester som naturlig hører sammen med dette herunder å delta i andres selskaper med lignende virksomhet.;eiendom i formål + AS (e-post lovlig)
20;eiendom;TAKST & EIENDOMSRÅDGIVNING AS;913437195;AS;e-post/telefon;;;;Sislevegen 1;3550;GOL;GOL;0;74.990 All annen faglig, vitenskapelig og teknisk virksomhet ikke nevnt annet sted;2014-04-07;Taksering og byggeteknisk konsulentvirksomhet.;eiendom i formål + AS (e-post lovlig)
20;eiendom;TAKST & INTERIØRPARTNER AS;830696172;AS;e-post/telefon;;;;Njoruns vei 3;1920;SØRUMSAND;LILLESTRØM;0;68.320 Eiendomsforvaltning på oppdrag;2023-01-23;Drive taksering av eiendommer, samt interiør- og boligstyling, og det som naturlig faller inn under dette. Investering i aksjer.;eiendom i formål + AS (e-post lovlig)
20;eiendom;TAKST & MALERMESTER A.MAGNUS AS;928604306;AS;e-post/telefon;;;;Tivolisvingen 2;2067;JESSHEIM;ULLENSAKER;0;68.320 Eiendomsforvaltning på oppdrag;2022-01-24;Taksering av boliger Takstmann Malermester. Utøvende maler Kjøp og salg av maler produkter. Ikke butikk utsalg Konsulent innen for malerarbeid og administrasjons arbeid.;eiendom i formål + AS (e-post lovlig)
20;eiendom;TAKST & MESTERBYGG AS;931692194;AS;e-post/telefon;;;;Rønningenveien 71;4846;ARENDAL;ARENDAL;0;71.121 Byggeteknisk konsulentvirksomhet;2023-07-06;Salg av arkitekt-byggetekniske tjenester, taksering av bygg og eiendom, tømrerarbeider.;eiendom i formål + AS (e-post lovlig)
20;eiendom;TAKST & VINDU ENTREPRENØREN AS;825901892;AS;e-post/telefon;post@tentre.no;484 68 010;www.Tentre.no;Solbakken 8;3530;RØYSE;HOLE;;41.000 Oppføring av bygninger;2020-11-03;Oppføring av bygninger.;AS (e-post lovlig) + e-post i registeret + hjemmeside
20;eiendom;TAKST & VINDU ENTREPRENØREN TORGERSEN;932019086;ENK;telefon/LinkedIn (ENK — ikke uanmodet e-post);post@tentre.no;484 68 010;www.tentre.no;Solbakken 8;3530;RØYSE;HOLE;;68.320 Eiendomsforvaltning på oppdrag;2023-09-05;Taksering og tømrerarbeider. Kjøp og salg, samt utvikling av eiendom.;eiendom i formål + e-post i registeret + hjemmeside
20;eiendom;TAKST AS;989615513;AS;e-post/telefon;;63 90 18 34;;Svarverudgrenda 8;2150;ÅRNES;NES;0;68.320 Eiendomsforvaltning på oppdrag;2006-03-22;Taksering, bygg og eiendomstjenester og virksomhet som naturlig er knyttet til dette.;eiendom i formål + AS (e-post lovlig)
20;eiendom;TAKST FAKTUM AS;920633854;AS;e-post/telefon;;;;Skonnertveien 55;4308;SANDNES;SANDNES;0;71.121 Byggeteknisk konsulentvirksomhet;2018-03-20;Byggeteknisk konsulentvirksomhet, herunder takseringer av eiendommer. I tillegg snekkervirksomhet.;eiendom i formål + AS (e-post lovlig)
20;eiendom;TAKST HEGERLAND AS;923118187;AS;e-post/telefon;;;;Øvre Frydendal 15;1384;ASKER;ASKER;0;68.320 Eiendomsforvaltning på oppdrag;2019-08-17;Verdi og tilstandsrapporteringer. Være leverandør av takster til boligeiere med hovedvekt på Aksershus, Oslo og Buskerud, samt andre tjenester som naturlig faller sammen med dette.;eiendom i formål + AS (e-post lovlig)
20;eiendom;TAKST INNLANDET AS;912128822;AS;e-post/telefon;;;;Vest-Torpvegen 41;2870;DOKKA;NORDRE LAND;0;68.320 Eiendomsforvaltning på oppdrag;2013-07-24;Taksering av eiendommer.;eiendom i formål + AS (e-post lovlig)
20;eiendom;TAKST INVEST AS;922617953;AS;e-post/telefon;;;;Skedsmo kirkevei 292;2019;SKEDSMOKORSET;LILLESTRØM;;68.200 Utleie av egen eller leid fast eiendom;2019-04-09;Investering i og utleie av fast eiendom. Investering i andre formuesgoder herunder deltakelse i andre selskaper.;eiendom i formål + AS (e-post lovlig)
20;eiendom;TAKST MIDT-NORGE AS;932275651;AS;e-post/telefon;;;;Dronning Åsas vei 6B;7040;TRONDHEIM;TRONDHEIM;0;74.990 All annen faglig, vitenskapelig og teknisk virksomhet ikke nevnt annet sted;2023-10-19;Taksering, tilstandsvurdering, prosjektering og byggeledelse.;eiendom i formål + AS (e-post lovlig)
20;eiendom;TAKST OG BOLIGTJENESTER AS;924001836;AS;e-post/telefon;;;;c/o Finn-Erik Bauer Sørensen, Hanseringen 6;3406;TRANBY;LIER;0;68.320 Eiendomsforvaltning på oppdrag;2019-12-03;Taksering, byggesaksbehandling og andre tjenester innen bolig og næring. Kjøp og salg av varer og tjenester herunder virksomhet og eiendom.;eiendom i formål + AS (e-post lovlig)
20;eiendom;TAKST OG BYGGFORUM AS;912432408;AS;e-post/telefon;;;;c/o Klingenberg, Jacob Aalls gate 40B;0364;OSLO;OSLO;;71.121 Byggeteknisk konsulentvirksomhet;2013-09-12;Å eie og bestyre aksjer og eierparter i andre selskaper og alt som knytter seg til dette samt aksjetegning eller på annen måte gjøre seg interessert i andre foretak. Å drive entreprenørvirksomhet innenfor bygg og anlegg samt prosjektledelse, taksering og annen forretningsvirksomhet i den forbindelse. Å drive undervisning og forelesning innenfor relevante fagområder.;eiendom i formål + AS (e-post lovlig)
20;eiendom;TAKST OG BYGGRÅDGIVING AS;936705162;AS;e-post/telefon;;;;Eidesmoen 34;5750;ODDA;ULLENSVANG;;71.121 Byggeteknisk konsulentvirksomhet;2025-12-04;Taksering, rådgivning og byggeledelse innen bygg- og anleggssektor, og annet som faller under dette.;eiendom i formål + AS (e-post lovlig)
20;eiendom;TAKST OG EIENDOM AS;980338037;AS;e-post/telefon;;51 58 35 38;;Leirkarveien 6A;4032;STAVANGER;STAVANGER;;68.200 Utleie av egen eller leid fast eiendom;1998-12-10;Salg av konsulenttjenester, taksering, kjøp, salg og besittelse av eiendommer og utstyr, samt hva hermed står i forbindelse. Selskapet kan delta i andre selskaper med lignende virksomheter.;eiendom i formål + AS (e-post lovlig)
20;eiendom;TAKST OG EIENDOMSRÅDGIVNING AS;987773596;AS;e-post/telefon;;71 20 07 77;;Fagerlivegen 7;6413;MOLDE;MOLDE;0;68.320 Eiendomsforvaltning på oppdrag;2005-02-03;Eie og forvalte aksjer og andeler samt takst og eiendomsrådgivning vedrørende alle typer fast eiendom og borettslagsboliger. Kjøp, salg utleie og utvikling av fast eiendom, samt kjøp og salg typer fast eiendom, samt kjøp og salg av både detalj- og kapitalvarer.;eiendom i formål + AS (e-post lovlig)
20;eiendom;TAKST OG FUKT KONSULT AS;817152902;AS;e-post/telefon;;;;Ryphaugan 35;7270;DYRVIK;FRØYA;;71.121 Byggeteknisk konsulentvirksomhet;2016-05-23;Byggeteknisk konsulentvirksomhet.;eiendom i formål + AS (e-post lovlig)
20;eiendom;TAKST OG PROSJEKTPARTNER. TAKSTMANN BERILD;984795920;ENK;telefon/LinkedIn (ENK — ikke uanmodet e-post);post@tppartner.no;901 55 792;www.tppartner.no;Fridtjof Nansens gate 1;6413;MOLDE;MOLDE;;68.320 Eiendomsforvaltning på oppdrag;2002-09-03;Verdivurdering, taksering, prosjekt- og byggeledelse av fast eiendom.;eiendom i formål + e-post i registeret + hjemmeside
20;eiendom;TAKST OG TILSTAND AS;926016644;AS;e-post/telefon;;;;c/o Ken Jørstad, Veidebakken 2B;9512;ALTA;ALTA;;68.320 Eiendomsforvaltning på oppdrag;2020-11-23;Drive med taksering og tilstandsvurderinger av bygg, anlegg og eiendom.;eiendom i formål + AS (e-post lovlig)
20;eiendom;TAKST PARTNER VEST AS;918835830;AS;e-post/telefon;;;;O.J. Brochs gate 16A;5006;BERGEN;BERGEN;0;74.990 All annen faglig, vitenskapelig og teknisk virksomhet ikke nevnt annet sted;2017-04-25;Salg av takseringstjenester, eiendomsutvikling og tjenester som naturlig faller sammen med dette. Herunder kjøp og salg av aksjer eller på annen måte å gjøre seg interessert i andre foretagender.;eiendom i formål + AS (e-post lovlig)
20;eiendom;TAKST ROGALAND AS;935094879;AS;e-post/telefon;;;;Myklaberglia 23;4052;RØYNEBERG;SOLA;;68.320 Eiendomsforvaltning på oppdrag;2025-02-24;Takstmann, tilstandsrapporter og tilstandsanalyse av boliger.;eiendom i formål + AS (e-post lovlig)
20;eiendom;TAKST TEAM VESTLANDET AS;928063100;AS;e-post/telefon;;;;Steinsvikskrenten 10;5237;RÅDAL;BERGEN;0;68.320 Eiendomsforvaltning på oppdrag;2021-11-04;Taksering av fast eiendom. Konsulenttjenester.;eiendom i formål + AS (e-post lovlig)
20;eiendom;TAKST VESTLAND AS;989902466;AS;e-post/telefon;;56 14 92 42;;c/o Knut Anders Aase, Nordre Hauglandsvegen 149;5314;KJERRGARDEN;ASKØY;0;68.110 Kjøp og salg av egen fast eiendom;2006-06-12;Investering i andre selskap. Investering i fast eiendom.;eiendom i formål + AS (e-post lovlig)
20;eiendom;TAKST-FORUM TRØNDELAG AS;929872487;AS;e-post/telefon;;;;Industriveien 21;7072;HEIMDAL;TRONDHEIM;35;68.320 Eiendomsforvaltning på oppdrag;2022-09-19;Selskapets virksomhet er taksering, tilstandsvurdering, prosjektering, byggeledelse og hva hermed står i forbindelse.;eiendom i formål + AS (e-post lovlig)
20;eiendom;TAKST-HUSET ØST AS;933221709;AS;e-post/telefon;;;;B R A veien 68;1784;HALDEN;HALDEN;0;71.129 Annen teknisk konsulentvirksomhet;2024-03-26;Ingeniørtjenester. Ingeniør- og prosjektledertjenester innen byggeprosjekter.;eiendom i formål + AS (e-post lovlig)
20;eiendom;TAKST-KOMPANIET AS;934898923;AS;e-post/telefon;;;;Gamle Forusveien 10A;4031;STAVANGER;STAVANGER;0;74.990 All annen faglig, vitenskapelig og teknisk virksomhet ikke nevnt annet sted;2025-01-22;Taksering av eiendom, byggeteknisk konsulentvirksomhet og annet som naturlig hører sammen med dette.;eiendom i formål + AS (e-post lovlig)
20;eiendom;TAKST-PARTNER AS;922984506;AS;e-post/telefon;;;;Nessagadå 21;4280;SKUDENESHAVN;KARMØY;;68.110 Kjøp og salg av egen fast eiendom;2019-06-27;Investere i selskaper og eiendom og alt annet som naturlig faller sammen med dette, herunder å delta i andre selskaper med lignende virksomhet, kjøp og salg av aksjer, eller på annen måte gjøre seg interessert i andre foretagende.;eiendom i formål + AS (e-post lovlig)
20;eiendom;TAKST, MUR OG INGENIØRTJENESTER AS;937903243;AS;e-post/telefon;;;;Stokkanvegen 22;7507;STJØRDAL;STJØRDAL;;71.121 Byggeteknisk konsulentvirksomhet;2026-07-09;Ingeniør- og prosjektledertjenester innen byggeprosjekter. Murertjenester. Totalentreprenør for utvikling av byggeprosjekter for salg eller utleie.;eiendom i formål + AS (e-post lovlig)
20;eiendom;TAKST1 AS;932254662;AS;e-post/telefon;;;;Sandsnesveien 14;4790;LILLESAND;LILLESAND;;68.320 Eiendomsforvaltning på oppdrag;2023-10-17;Takseringsvirksomhet. Taksering av fast eiendom. Rådgivning.;eiendom i formål + AS (e-post lovlig)
20;eiendom;TAKST1 HELGELAND AS;918447067;AS;e-post/telefon;;;;Ole Tobias Olsens gate 7;8622;MO I RANA;RANA;;68.320 Eiendomsforvaltning på oppdrag;2017-01-26;Bolig- og eiendomstaksering, samt tilstandsanalyser og rådgivning for bygg og eiendom. Eiendomsinvestering, salg, utleie av utstyr og forvaltning av eiendommer.;eiendom i formål + AS (e-post lovlig)
20;eiendom;TAKSTAKADEMIET NORGES TAKSTAKADEMI AS;931264060;AS;e-post/telefon;sm@nma.no;951 84 350;www.takstakademiet.no;Ullern allé 28;0381;OSLO;OSLO;0;85.597 Annen undervisning ellers;2023-04-25;Utdanning og kursvirksomhet.;AS (e-post lovlig) + e-post i registeret + hjemmeside
20;eiendom;TAKSTARENA INNLANDET AS;925078743;AS;e-post/telefon;;;;Dalbyvegen 14;2386;BRUMUNDDAL;RINGSAKER;0;71.121 Byggeteknisk konsulentvirksomhet;2020-05-15;Byggebransjen, herunder taksering, prosjektadministrasjon, byggeledelse og forvaltning, samt det som naturlig står i forbindelse med dette. Selskapet kan også investere i andre selskaper.;eiendom i formål + AS (e-post lovlig)
20;eiendom;TAKSTBYGG AS;835032582;AS;e-post/telefon;;;;Tjernveien 14;0957;OSLO;OSLO;0;43.320 Snekkerarbeid;2025-02-27;Snekkerarbeid, montering av dører, vinduer, kjøkken med mer.;eiendom i formål + AS (e-post lovlig)
20;eiendom;TAKSTFORUM MIDT NORGE AS;966747315;AS;e-post/telefon;knut@takstforum.com;90 07 15 59;www.takstforum.com;Holmenvegen 12;7820;SPILLUM;NAMSOS;0;71.121 Byggeteknisk konsulentvirksomhet;1995-02-20;Takstvirksomhet og konsulentvirksomhet, samt annen virksomhet som står i naturlig tilknytning til dette.;AS (e-post lovlig) + e-post i registeret + hjemmeside
20;eiendom;TAKSTFORUM ROGALAND AS;978675743;AS;e-post/telefon;;51 60 32 00;;Gjesdalbakken 11;4306;SANDNES;SANDNES;;68.200 Utleie av egen eller leid fast eiendom;1997-07-07;Eiendomsutvikling og drift, servicefunksjon for takstmenn i kontorfellesskap.;eiendom i formål + AS (e-post lovlig)
20;eiendom;TAKSTHUSET 1 AS;832474312;AS;e-post/telefon;;;;Briskeveien 38;1405;LANGHUS;NORDRE FOLLO;0;68.320 Eiendomsforvaltning på oppdrag;2023-11-16;Boligtilstand, Takstering av bolig og eiendom, Byggeledelse, Utførelse og Oppføring av bygninger.;eiendom i formål + AS (e-post lovlig)
20;eiendom;TAKSTHUSET 1 OSLO/DRAMMEN AS;937139071;AS;e-post/telefon;;;;Briskeveien 38;1405;LANGHUS;NORDRE FOLLO;0;68.320 Eiendomsforvaltning på oppdrag;2026-02-26;Taksering, tilstandsanalyser, uavhengig kontroll, rådgivning, byggtekniske vurderinger og annet arbeid innenfor takst- og byggfaglig bransje. Takst og tilstandsrapporter. Rådgivende tjenester innen bygg og anlegg.;eiendom i formål + AS (e-post lovlig)
20;eiendom;TAKSTHUSET AS;979414927;AS;e-post/telefon;;72 89 60 80;;Sandavegen 25;7350;BUVIKA;SKAUN;;68.320 Eiendomsforvaltning på oppdrag;1997-12-11;Taksering av fast eiendom, bygninger og driftsløsøre m.v. Drift av selskapets kontorfellesskap og eiendommer;eiendom i formål + AS (e-post lovlig)
20;eiendom;TAKSTHUSET AS;991663274;AS;e-post/telefon;;22 70 38 00;;Heggelibakken 4;0375;OSLO;OSLO;;68.110 Kjøp og salg av egen fast eiendom;2007-09-26;Kjøp/salg og utvikling av fast eiendom. Taksering og konsulentvirksomhet av fast eiendom.;eiendom i formål + AS (e-post lovlig)
20;eiendom;TAKSTHUSET NORD AS;920331440;AS;e-post/telefon;;;;Ærfuglvegen 1A;9015;TROMSØ;TROMSØ;;68.320 Eiendomsforvaltning på oppdrag;2018-02-15;Taksering, bygge rådgiving og annet som faller naturlig sammen med dette.;eiendom i formål + AS (e-post lovlig)
20;eiendom;TAKSTHUSET ORKLAND AS;933911675;AS;e-post/telefon;;;;Øvre Joplassveien 59;7300;ORKANGER;ORKLAND;0;71.121 Byggeteknisk konsulentvirksomhet;2024-08-12;Ingeniør- og prosjektledertjenester innen byggeprosjekter.;eiendom i formål + AS (e-post lovlig)
20;eiendom;TAKSTHUSET VEST AS;833537342;AS;e-post/telefon;;;;Århaug 50;5518;HAUGESUND;HAUGESUND;0;68.310 Eiendomsmegling og andre formidlingstjenester for eiendom;2024-06-01;Eiendomsmegler.;eiendom i formål + AS (e-post lovlig)
20;eiendom;TAKSTINGENIØR ALVESTAD AS;932170469;AS;e-post/telefon;;;;Krabbeveien 3;8206;FAUSKE;FAUSKE;;68.320 Eiendomsforvaltning på oppdrag;2023-10-03;Eiendomsmegling, bygg- og anleggsleverandører, taksering av boliger.;eiendom i formål + AS (e-post lovlig)
20;eiendom;TAKSTINGENIØR AS;932389967;AS;e-post/telefon;;;;Orelia 3;4620;KRISTIANSAND S;KRISTIANSAND;;71.121 Byggeteknisk konsulentvirksomhet;2023-11-02;Ingeniør- og prosjektledertjenester innen byggeprosjekter. Tømrer, oppføring og vedlikehold av bygninger.;eiendom i formål + AS (e-post lovlig)
20;eiendom;TAKSTINGENIØR GISLE DYNGELAND AS;931868438;AS;e-post/telefon;;;;Totlandsvegen 205;5226;NESTTUN;BERGEN;0;68.320 Eiendomsforvaltning på oppdrag;2023-08-11;Tilstand og verdi av eiendom.;eiendom i formål + AS (e-post lovlig)
20;eiendom;TAKSTINGENIØR HALTVIK AS;937147473;AS;e-post/telefon;;;;Sirivegen 12;6411;MOLDE;MOLDE;;71.121 Byggeteknisk konsulentvirksomhet;2026-02-12;Taksering av bolig, konsulenttjenester bygg;eiendom i formål + AS (e-post lovlig)
20;eiendom;TAKSTINGENIØR MARTIN RØYNÅS GRUNDETJERN AS;998804965;AS;e-post/telefon;;95250004;;Bjoråvegen 440;4735;EVJE;EVJE OG HORNNES;;71.121 Byggeteknisk konsulentvirksomhet;2012-10-13;Salg av byggtjenester og taksering av fast eiendom, samt investering i fast eiendom samt alt hva herved står i forbindelse. Selskapet skal også kunne investere i andre selskaper.;eiendom i formål + AS (e-post lovlig)
20;eiendom;TAKSTINGENIØREN AS;936644880;AS;e-post/telefon;;;;Suhms gate 8;0362;OSLO;OSLO;;68.320 Eiendomsforvaltning på oppdrag;2025-11-25;tilby takseringstjenester innen boligtakst, tilstandsanalyse og verdivurdering.;eiendom i formål + AS (e-post lovlig)
20;eiendom;TAKSTKONTORET ROSENDAL AS;966009578;AS;e-post/telefon;;22 29 94 00;;Rosendalsveien 44;1166;OSLO;OSLO;0;68.320 Eiendomsforvaltning på oppdrag;1995-03-12;Handel og tjenesteytende virksomhet med hovedvekt på rådgivning vedrørende fast eiendom, herunder taksering, kjøp/salg og forvaltning av fast eiendom.;eiendom i formål + AS (e-post lovlig)
20;eiendom;TAKSTKONTORET VALDRES AS;919176555;AS;e-post/telefon;;;;Jernbanevegen 17A;2900;FAGERNES;NORD-AURDAL;0;74.990 All annen faglig, vitenskapelig og teknisk virksomhet ikke nevnt annet sted;2017-06-21;Taksering av bygg og eiendom. Prosjekt- og byggeledelse samt uavhengig kontroll bygg.;eiendom i formål + AS (e-post lovlig)
20;eiendom;TAKSTKONTORET Øistein Fotland;983430228;ENK;telefon/LinkedIn (ENK — ikke uanmodet e-post);fotland@takstkontoret.no;922 45 824;www.ntf.no/takstkontoret;Shetlands-Larsens vei 17;5143;FYLLINGSDALEN;BERGEN;;68.320 Eiendomsforvaltning på oppdrag;2001-06-23;Taksering av fast eiendom og tilknyttet virksomhet.;eiendom i formål + e-post i registeret + hjemmeside
20;eiendom;TAKSTMANN DANE KRISTOFFERSEN NTF;882965112;ENK;telefon/LinkedIn (ENK — ikke uanmodet e-post);kurs@maskinkurs.no;55 34 79 73;maskinkurs.no;Grimstadvegen 350;5252;SØREIDGREND;BERGEN;;68.320 Eiendomsforvaltning på oppdrag;2001-02-10;Taksering av eiendom. Kjøp og salg av eiendom. Entreprenørvirksomhet.;eiendom i formål + e-post i registeret + hjemmeside
20;eiendom;TAKSTMANN DAVID BRYN AS;915822223;AS;e-post/telefon;;;;Sandviksbodene 5;5035;BERGEN;BERGEN;0;74.990 All annen faglig, vitenskapelig og teknisk virksomhet ikke nevnt annet sted;2015-08-25;Taksering av bygg, eneboliger etc og hva som naturlig faller inn under dette.;eiendom i formål + AS (e-post lovlig)
20;eiendom;TAKSTMANN FRANK SEVERINSEN AS;935854121;AS;e-post/telefon;;;;Tangvallveien 70;4640;SØGNE;KRISTIANSAND;0;68.320 Eiendomsforvaltning på oppdrag;2025-07-15;Selge tjenester innen taksering av eiendom med alt som hermed står i forbindelse med dette.;eiendom i formål + AS (e-post lovlig)
20;eiendom;TAKSTMANN HOLST AS;826724382;AS;e-post/telefon;;;;Børsingveien 2B;8075;BODØ;BODØ;0;68.320 Eiendomsforvaltning på oppdrag;2021-03-04;Takseringstjenester, bygg og anleggsvirksomhet, og annen eiendomsvirksomhet.;eiendom i formål + AS (e-post lovlig)
20;eiendom;TAKSTMANN JARLE JOHAN LARSEN AS;818382952;AS;e-post/telefon;;;;c/o Britt Madsen, Aurdalslia 22;5253;SANDSLI;BERGEN;0;68.320 Eiendomsforvaltning på oppdrag;2017-01-20;Konsulentoppdrag i forbindelse med bygg og eiendom. Utarbeide rapporter til bygg og eiendommer. Takster, tilstandsrapporter og kontroll av eiendommer og bygg.;eiendom i formål + AS (e-post lovlig)
20;eiendom;TAKSTMANN KENNETH JOHANSEN AS;924634162;AS;e-post/telefon;;;;Nermoveien 15;8206;FAUSKE;FAUSKE;0;68.320 Eiendomsforvaltning på oppdrag;2020-02-20;Takst og konsulenttjenester innen bygg og eiendomsbransjen.;eiendom i formål + AS (e-post lovlig)
20;eiendom;TAKSTMANN KJELL ERIK OLSEN AS;918436464;AS;e-post/telefon;;;;Parkveien 23;4790;LILLESAND;LILLESAND;0;68.320 Eiendomsforvaltning på oppdrag;2017-01-31;Tilstand og verditaksering av boliger.;eiendom i formål + AS (e-post lovlig)
20;bil/marine/maskin;TAKSTMANN KNUDSEN AS;937025491;AS;e-post/telefon;;;;Harestien 2;1488;HAKADAL;NITTEDAL;0;74.990 All annen faglig, vitenskapelig og teknisk virksomhet ikke nevnt annet sted;2026-02-12;Bilteknisk takstmann. Tilby rådgivningstjenester innen skader/maskinskader på kjøretøy, campingvogner, bobiler, mc, landbruksmaskiner båt, for verksteder og forsikringsselskaper, kvalitetskontroll, kostnadskontroll, effektivitet, bærekraft og andre relaterte tjenester.;skade/forsikring i formål + AS (e-post lovlig) + feil segment
20;eiendom;TAKSTMANN MOSVEEN AS;913013182;AS;e-post/telefon;;;;Solstadveien 41B;1395;HVALSTAD;ASKER;0;68.320 Eiendomsforvaltning på oppdrag;2014-01-02;Taksering av bolig og næringseiendommer.;eiendom i formål + AS (e-post lovlig)
20;eiendom;TAKSTMANN OG BYGGMESTER JOSTEIN MATHISEN;996853691;ENK;telefon/LinkedIn (ENK — ikke uanmodet e-post);jostein@takstmann-sarpsborg.no;414 43 728;www.takstmann-sarpsborg.no;Teglverket 13A;1747;SKJEBERG;SARPSBORG;;41.000 Oppføring av bygninger;2011-05-05;Oppføring av bygg, snekkervirksomhet. Takst av fast eiendom.;eiendom i formål + e-post i registeret + hjemmeside
20;eiendom;TAKSTMANN OG BYGGMESTER LEON AUSTREIM AS;921277172;AS;e-post/telefon;;;;Hellevegen 50;6995;KYRKJEBØ;HØYANGER;0;74.990 All annen faglig, vitenskapelig og teknisk virksomhet ikke nevnt annet sted;2018-08-22;Verditaksering av fast eigedom (bustadtaksering), byggmestertenester (oppføring av bygningar) og anna som naturleg faller saman med dette.;eiendom i formål + AS (e-post lovlig)
20;eiendom;TAKSTMANN OG BYGGMESTER PEDERSEN AS;928977005;AS;e-post/telefon;;;;Navestadveien 18;1738;BORGENHAUGEN;SARPSBORG;0;68.320 Eiendomsforvaltning på oppdrag;2022-03-24;Taksering av bolig og eiendom. Generelle snekker/tømrer tjenester.;eiendom i formål + AS (e-post lovlig)
20;eiendom;TAKSTMANN OG BYGGMESTER THOMAS HJELLE AS;997943376;AS;e-post/telefon;;920 32 191;;Sundby-Hvorups vei 10;5178;LODDEFJORD;BERGEN;0;71.121 Byggeteknisk konsulentvirksomhet;2012-02-07;Taksering av fast eiendom. Nybygging, vedlikehold og restaurering av bygninger. Kjøp, salg og utleie av fast eiendom.;eiendom i formål + AS (e-post lovlig)
20;eiendom;TAKSTMANN OLAV ØYEN AS;928287963;AS;e-post/telefon;;;;Heddalsvegen 41;3674;NOTODDEN;NOTODDEN;0;74.990 All annen faglig, vitenskapelig og teknisk virksomhet ikke nevnt annet sted;2021-12-06;Takstmann. Søknadsprossedyrer. Rådgiving innen bygg og anlegg. Aksjekjøp. Utleie av personell i byggebransjen. Tømrerarbeider. Betong og murarbeider. Alt som dertil naturlig hører til.;eiendom i formål + AS (e-post lovlig)
20;eiendom;TAKSTMANN ROGER HÅKONSEN AS;820313372;AS;e-post/telefon;;;;Skjærgården 45;8372;GRAVDAL;VESTVÅGØY;0;68.320 Eiendomsforvaltning på oppdrag;2018-01-25;Taksering av boliger og snekkertjenester.;eiendom i formål + AS (e-post lovlig)
20;eiendom;TAKSTMANN STIAN BAGROEN AS;926649264;AS;e-post/telefon;;;;Torstadbakken 4;1395;HVALSTAD;ASKER;0;68.320 Eiendomsforvaltning på oppdrag;2021-02-24;Taksering av eiendom samt byggteknisk konsulent virksomhet.;eiendom i formål + AS (e-post lovlig)
20;eiendom;TAKSTMANN TROND-EIRIK NILSEN;991882316;ENK;telefon/LinkedIn (ENK — ikke uanmodet e-post);trondeirik@byggkompetansenord.no;40064398;www.byggkompetansenord.no;Deanugeaidnu 3992;9843;TANA;TANA;;68.320 Eiendomsforvaltning på oppdrag;2007-11-03;Takstvirksomhet og rådgivning innen bygg.;eiendom i formål + e-post i registeret + hjemmeside
20;eiendom;TAKSTMANN ØYSTEIN LUNDE AS;986404724;AS;e-post/telefon;;;;Sølvberget 30;5038;BERGEN;BERGEN;0;68.320 Eiendomsforvaltning på oppdrag;2004-01-10;Taksering av fast eiendom, samt hva herved står i forbindelse.;eiendom i formål + AS (e-post lovlig)
20;eiendom;TAKSTMO AS;913032020;AS;e-post/telefon;;;;Haugveien 231;8372;GRAVDAL;VESTVÅGØY;0;74.990 All annen faglig, vitenskapelig og teknisk virksomhet ikke nevnt annet sted;2014-01-06;Takseringsarbeide og rådgivende ingeniørvirksomhet, samt virksomhet som står i forbindelse hermed. Videre skal selskapet drive med generell rådgivnings- og konsulentvirksomhet, kjøp, salg og drift av fast eiendom, samt kjøp og salg av verdipapirer.;eiendom i formål + AS (e-post lovlig)
20;eiendom;TAKSTPARTNER EIKUM AS;926409980;AS;e-post/telefon;;;;Ringshusveien 19B;1176;OSLO;OSLO;;68.320 Eiendomsforvaltning på oppdrag;2021-01-19;Verditaksering av boliger, fritidsboliger og næringseiendommer samt byggeledelse, oppføring av bygninger, eiendomsutvikling og alt hva dertil står i forbindelse.;eiendom i formål + AS (e-post lovlig)
20;eiendom;TAKSTPARTNER HOSLE AS;935798124;AS;e-post/telefon;;;;Ingiers vei 1A;1167;OSLO;OSLO;0;68.320 Eiendomsforvaltning på oppdrag;2025-07-02;Takseringsvirksomhet eiendom og utarbeidelse av tilstandsrapporter.;eiendom i formål + AS (e-post lovlig)
20;eiendom;TAKSTPARTNER ØSTFOLD AS;936149863;AS;e-post/telefon;;;;Urteveien 27;1622;GRESSVIK;FREDRIKSTAD;;68.320 Eiendomsforvaltning på oppdrag;2025-09-11;Taksering og rådgivning innen fast eiendom, og annen virksomhet som naturlig sammenfaller med dette.;eiendom i formål + AS (e-post lovlig)
20;eiendom;TAKSTPARTNER AASS AS;922211353;AS;e-post/telefon;;;;Seljeveien 15;0575;OSLO;OSLO;0;74.990 All annen faglig, vitenskapelig og teknisk virksomhet ikke nevnt annet sted;2019-02-12;Verditaksering av boliger, fritidsboliger og næringseiendommer samt byggeledelse, oppføring av bygninger, eiendomsutvikling og alt hva dertil står i forbindelse.;eiendom i formål + AS (e-post lovlig)
20;eiendom;TAKSTPLAN AS;816762022;AS;e-post/telefon;;941 04 040;;c/o Christian Ryberg, Kronborgvegen 28;2318;HAMAR;HAMAR;0;71.121 Byggeteknisk konsulentvirksomhet;2016-02-18;Utvikling og drift av digitale tjenester innen bolighandel. Taksering av fast eiendom.;eiendom i formål + AS (e-post lovlig)
20;eiendom;TAKSTPORTALEN ALEKSANDER OLSEN AS;923077707;AS;e-post/telefon;;;;c/o 4Service Økern Portal, Lørenfaret 1A;0585;OSLO;OSLO;0;68.320 Eiendomsforvaltning på oppdrag;2019-08-07;Takseringsvirksomhet av eiendom. Tilstandsrapporter av eiendom. Takstingeniør. Rådgivning og eiendomsbistand.;eiendom i formål + AS (e-post lovlig)
20;eiendom;TAXON TAKST AS;936978916;AS;e-post/telefon;;;;Haakonsvegen 65A;5519;HAUGESUND;HAUGESUND;;68.320 Eiendomsforvaltning på oppdrag;2026-01-16;Eiendomsforvaltning og -utvikling.;eiendom i formål + AS (e-post lovlig)
20;eiendom;TEISBEKK TAKST OG EIENDOM AS;920977480;AS;e-post/telefon;;;;Røråsveien 51;3114;TØNSBERG;TØNSBERG;0;68.320 Eiendomsforvaltning på oppdrag;2018-06-11;Taksering av bygg. Eiendomsutvikling herunder renovering og oppføring.;eiendom i formål + AS (e-post lovlig)
20;eiendom;TEJ TAKST AS;998418968;AS;e-post/telefon;;;;Kirkeveien 46;1664;ROLVSØY;FREDRIKSTAD;0;74.990 All annen faglig, vitenskapelig og teknisk virksomhet ikke nevnt annet sted;2012-05-26;Taksering av bygg og eiendom.;eiendom i formål + AS (e-post lovlig)
20;eiendom;TELEMARK TAKSTFORUM AS;937544944;AS;e-post/telefon;;;;Bedriftsvegen 52;3735;SKIEN;SKIEN;0;71.121 Byggeteknisk konsulentvirksomhet;2026-04-16;Ingeniør- og prosjektledertjenester innen byggeprosjekter.;eiendom i formål + AS (e-post lovlig)
20;eiendom;TERMOGRAFI & TAKSTCONSULT AS;996677605;AS;e-post/telefon;post@ttc-as.no;64 86 32 00;www.ttc-as.no;Hesteskoen 6C;1408;KRÅKSTAD;NORDRE FOLLO;0;71.121 Byggeteknisk konsulentvirksomhet;2011-04-06;Investering i aksjer og andeler i andre selskaper, samt konsulentvirksomhet innen termografi og taksering.;AS (e-post lovlig) + e-post i registeret + hjemmeside
20;eiendom;TG 1 TAKST AS;924952474;AS;e-post/telefon;;;;Lømslands vei 13;4614;KRISTIANSAND S;KRISTIANSAND;0;74.990 All annen faglig, vitenskapelig og teknisk virksomhet ikke nevnt annet sted;2020-04-21;Takseringsvirksomhet - fast eiendom.;eiendom i formål + AS (e-post lovlig)
20;eiendom;TG TAKST AS;925085685;AS;e-post/telefon;;;;Rokkeveien 531;1763;HALDEN;HALDEN;0;74.990 All annen faglig, vitenskapelig og teknisk virksomhet ikke nevnt annet sted;2020-05-28;Taksering av eiendom.;eiendom i formål + AS (e-post lovlig)
20;eiendom;TM TAKSERING AS;920983723;AS;e-post/telefon;;;;Bjørnsons gate 23;5528;HAUGESUND;HAUGESUND;0;68.320 Eiendomsforvaltning på oppdrag;2018-06-11;Verditaksering og utarbeidelse av tilstandsanalyse og boligsalgsrapport.;eiendom i formål + AS (e-post lovlig)
20;eiendom;TN TAKST AS;935787459;AS;e-post/telefon;;;;Øygardsheia 11;4643;SØGNE;KRISTIANSAND;0;68.320 Eiendomsforvaltning på oppdrag;2025-07-01;Taksering av bygg og eiendom, konsulent og byggtjenester.;eiendom i formål + AS (e-post lovlig)
20;eiendom;TORE TAKST AS;920246060;AS;e-post/telefon;;;;Ytterstadveien 12;1626;MANSTAD;FREDRIKSTAD;0;71.121 Byggeteknisk konsulentvirksomhet;2018-01-16;Byggeteknisk konsulentvirksomhet.;eiendom i formål + AS (e-post lovlig)
20;eiendom;TROMS TAKST AS;979286015;AS;e-post/telefon;kontor@tromstakst.no;77 61 28 30;www.tromstakst.no;Kløvervegen 15;9016;TROMSØ;TROMSØ;0;71.121 Byggeteknisk konsulentvirksomhet;1997-10-01;Takstarbeid med beslektet virksomhet.;AS (e-post lovlig) + e-post i registeret + hjemmeside
20;eiendom;TROMSØ TAKST NORD ALLERTSEN.NO AS;916554133;AS;e-post/telefon;;;;Vestregata 33;9008;TROMSØ;TROMSØ;0;71.121 Byggeteknisk konsulentvirksomhet;2016-01-13;Taksering, tilstandsvurdering, prosjektering, byggeledelse, byggeteknisk konsulentvirksomhet og hva hermed står i forbindelse.;eiendom i formål + AS (e-post lovlig)
20;eiendom;TRYSIL TAKST AS;927109999;AS;e-post/telefon;;;;Skårvegen 57;2425;LJØRDALEN;TRYSIL;0;74.990 All annen faglig, vitenskapelig og teknisk virksomhet ikke nevnt annet sted;2021-05-14;Takseringstjenester, tilstandsvurdering, konsulenttjenester og prosjektledelse.;eiendom i formål + AS (e-post lovlig)
20;eiendom;TT TAKST AS;932761009;AS;e-post/telefon;;;;Åsvegen 76;2034;HOLTER;NANNESTAD;0;68.320 Eiendomsforvaltning på oppdrag;2024-01-08;Taksering av eiendom.;eiendom i formål + AS (e-post lovlig)
20;eiendom;TØNSBERG TAKSERING AS;917158258;AS;e-post/telefon;;;;Valleåsen 59;3174;REVETAL;TØNSBERG;;68.320 Eiendomsforvaltning på oppdrag;2016-05-13;Taksering og konsulent tjenester på eiendom.;eiendom i formål + AS (e-post lovlig)
20;eiendom;UNO TAKST AS;930318175;AS;e-post/telefon;;;;Vestkroken 6;4365;NÆRBØ;HÅ;;74.990 All annen faglig, vitenskapelig og teknisk virksomhet ikke nevnt annet sted;2022-11-26;Takstmann, taksering av næring, bolig og løsøre.;eiendom i formål + AS (e-post lovlig)
20;eiendom;VALDRES TAKST & EIENDOM AS;911546485;AS;e-post/telefon;;90625438;;Øvrevegen 58;3528;HEDALEN;SØR-AURDAL;0;41.000 Oppføring av bygninger;2013-02-11;Oppføring av bygninger. Taksering av fast eiendom.;eiendom i formål + AS (e-post lovlig)
20;eiendom;VANGEN TAKST AS;932865238;AS;e-post/telefon;;;;Gamle Narudveg 19;2383;BRUMUNDDAL;RINGSAKER;0;68.320 Eiendomsforvaltning på oppdrag;2024-01-22;Taksering av bolig.;eiendom i formål + AS (e-post lovlig)
20;eiendom;VARDE TAKST AS;938178542;AS;e-post/telefon;;;;Myrdalskogen 269;5117;ULSET;BERGEN;;;2026-07-29;Byggtekniske tjenester innen tilstandsanalyser, taksering og arealmåling av fast eiendom. Byggteknisk rådgivning knyttet til fast eiendom. Uavhengig kontroll av byggtekniske arbeider. Verditaksering og øvrige takstfaglige tjenester.;eiendom i formål + AS (e-post lovlig)
20;eiendom;VARJJAT TAKST AS;931857460;AS;e-post/telefon;;;;Skoleveien 15;9840;VARANGERBOTN;NESSEBY;0;71.129 Annen teknisk konsulentvirksomhet;2023-08-09;Ingeniørtjenester. Ingeniør- og prosjektledertjenester innen byggeprosjekter.;eiendom i formål + AS (e-post lovlig)
20;eiendom;VEDVIK TAKSERING;998429676;ENK;telefon/LinkedIn (ENK — ikke uanmodet e-post);post@vedvik-taksering.no;948 60 545;www.vedvik-taksering.no;Lundenåsen 30;3159;MELSOMVIK;SANDEFJORD;;68.320 Eiendomsforvaltning på oppdrag;2012-05-30;Konsulenttjenester inne bygg- og eiendomsbransjen.;eiendom i formål + e-post i registeret + hjemmeside
20;eiendom;VESTERÅLEN TAKST OG BYGG AS;934289250;AS;e-post/telefon;;;;Heimgard 5;8406;SORTLAND;SORTLAND;;68.320 Eiendomsforvaltning på oppdrag;2024-10-16;Taksering av bygg og fast eiendom. Bygg rådgivning som naturlig ligger under dette.;eiendom i formål + AS (e-post lovlig)
20;eiendom;VESTFOLD TAKST OG BYGGVURDERING Jan Erik Rossavik;990519773;ENK;telefon/LinkedIn (ENK — ikke uanmodet e-post);jan-erik@byggvurdering.no;93009950;byggvurdering.no;Breidablikkveien 26A;3133;DUKEN;FÆRDER;;74.990 All annen faglig, vitenskapelig og teknisk virksomhet ikke nevnt annet sted;2006-11-21;Takstoppdrag, konsulentvirksomhet, bygg, eiendom og næring.;eiendom i formål + e-post i registeret + hjemmeside
20;eiendom;VIKEN BYGG & TAKST AS;922212104;AS;e-post/telefon;;;;Sønstebyveien 32;3370;VIKERSUND;MODUM;0;41.000 Oppføring av bygninger;2019-02-12;Tømrer- og byggrelaterte tjenester. Taksttjenester.;eiendom i formål + AS (e-post lovlig)
20;eiendom;VS TAKST OG EIENDOM AS;937286600;AS;e-post/telefon;;;;Wilses vei 27;1358;JAR;BÆRUM;;71.129 Annen teknisk konsulentvirksomhet;2026-03-03;Ingeniørtjenester.;eiendom i formål + AS (e-post lovlig)
20;eiendom;VÅGEN TAKST AS;829952912;AS;e-post/telefon;;;;Munkelia 17;4154;AUSTRE ÅMØY;STAVANGER;0;68.320 Eiendomsforvaltning på oppdrag;2022-09-28;Tilstandsrapporter for kjøp, salg av bolig. Verditakster for boliger og tomter. Bistand vedrørende byggtekniske utfordringer, spørsmål.;eiendom i formål + AS (e-post lovlig)
20;eiendom;WALBY BYGG & TAKST AS;931457217;AS;e-post/telefon;;;;Kilevoldbuen 38;1617;FREDRIKSTAD;FREDRIKSTAD;;71.121 Byggeteknisk konsulentvirksomhet;2023-05-26;Ingeniør- og prosjektledertjenester innen byggeprosjekter.;eiendom i formål + AS (e-post lovlig)
20;eiendom;WEST TAKST OG RÅDGIVNING AS;820445422;AS;e-post/telefon;;;;Heggelibakken 4;0375;OSLO;OSLO;0;68.320 Eiendomsforvaltning på oppdrag;2018-02-15;Taksering av eiendom, tilstandsanalyse eiendom, rådgivning, tømrerarbeider, kjøp/salg av eiendom, utleie av eiendom.;eiendom i formål + AS (e-post lovlig)
20;eiendom;WILHELMSENS TAKSERING OG KONTROLL;913601599;ENK;telefon/LinkedIn (ENK — ikke uanmodet e-post);richardwilhelmsen@gmail.com;454 42 828;www.takstkontroll.com;Skolegata 15;1792;TISTEDAL;HALDEN;;74.990 All annen faglig, vitenskapelig og teknisk virksomhet ikke nevnt annet sted;2014-05-12;Taksering, uavhengig kontroll, rådgiving og prosjektering innen bygg og anlegg.;eiendom i formål + e-post i registeret + hjemmeside
20;eiendom;WITSØ TAKST AS;915416861;AS;e-post/telefon;;;;Angelltrøvegen 254;7048;TRONDHEIM;TRONDHEIM;;74.990 All annen faglig, vitenskapelig og teknisk virksomhet ikke nevnt annet sted;2015-05-19;Takseringsvirksomhet av fast eiendom. Utarbeidelse av tilstandsrapporter i forbindelse med eiendomsoverdragelser, prosjektering av nybygg, byggeledelse mv.;eiendom i formål + AS (e-post lovlig)
20;eiendom;WP TAKST OG EIENDOM AS;831673362;AS;e-post/telefon;;;;Haneborgveien 52B;1463;FJELLHAMAR;LØRENSKOG;0;68.320 Eiendomsforvaltning på oppdrag;2023-06-30;Taksering og veiledning av eiendom.;eiendom i formål + AS (e-post lovlig)
20;eiendom;ØHMAN BYGG & TAKST AS;931761293;AS;e-post/telefon;;;;Fagertunvegen 7;8660;MOSJØEN;VEFSN;;70.200 Bedriftsrådgivning og annen administrativ rådgivning;2023-07-24;Bedriftsrådgivning, administrativt.;eiendom i formål + AS (e-post lovlig)
20;eiendom;ØST-FINNMARK TAKST OG EIENDOM AS;917812284;AS;e-post/telefon;;936 30 582;;Ekveien 45;9912;HESSENG;SØR-VARANGER;0;68.110 Kjøp og salg av egen fast eiendom;2016-10-06;Kjøp, salg og utleie av eiendommer, takseringstjenester, byggesøknader og investeringer.;eiendom i formål + AS (e-post lovlig)
20;eiendom;ØSTLANDSKE TAKSTFORRETNING AS;983558674;AS;e-post/telefon;;91542966;;Kronborgsæterlinna 55;2848;SKREIA;ØSTRE TOTEN;0;74.990 All annen faglig, vitenskapelig og teknisk virksomhet ikke nevnt annet sted;2001-07-28;Takseringstjenester tilknyttet eiendom. Agenturhandel med tekstiler, klær, pelsskinn, skotøy og lærvarer. Annen teknisk konsulentvirksomhet.;eiendom i formål + AS (e-post lovlig)
20;eiendom;AAM TAKST AS;932062127;AS;e-post/telefon;;;;Rettenveien 37A;1466;STRØMMEN;LILLESTRØM;;68.320 Eiendomsforvaltning på oppdrag;2023-09-29;Verditakst og tilstandsrapport.;eiendom i formål + AS (e-post lovlig)
20;eiendom;AARVIK TAKST OG EIENDOM AS;937297378;AS;e-post/telefon;;;;Lyngåsvegen 30;5545;VORMEDAL;KARMØY;;71.129 Annen teknisk konsulentvirksomhet;2026-03-05;Teknisk konsulentvirksomhet.;eiendom i formål + AS (e-post lovlig)
20;eiendom;AASEBØ TAKST AS;934961951;AS;e-post/telefon;;;;Storebotn 10B;5309;KLEPPESTØ;ASKØY;0;68.320 Eiendomsforvaltning på oppdrag;2025-02-03;Taksering og verdivurdering av bolig/eiendommer.;eiendom i formål + AS (e-post lovlig)
15;eiendom;A. VIGGEN BYGGMESTER & TAKSTMANN;913668553;ENK;telefon/LinkedIn (ENK — ikke uanmodet e-post);aviggen@online.no;67 59 07 82;;Kirkeveien 128;1344;HASLUM;BÆRUM;;71.121 Byggeteknisk konsulentvirksomhet;2014-05-21;Prosjektledelse bygg og anlegg, logistikk, avfalls gjenvinning.;eiendom i formål + e-post i registeret
15;eiendom;AKTIV TAKSERING Raymond Norvald Rolfsnes;891717512;ENK;telefon/LinkedIn (ENK — ikke uanmodet e-post);r-n-r@online.no;55 34 31 30;;Oldernesveien 14D;5163;LAKSEVÅG;BERGEN;;68.320 Eiendomsforvaltning på oppdrag;2007-09-20;Bygg og anlegg: verditaksering av bolig.;eiendom i formål + e-post i registeret
15;eiendom;ANDERSEN TAKST & EIENDOM;936371337;ENK;telefon/LinkedIn (ENK — ikke uanmodet e-post);taa@taksator.no;+4747656595;;Staden 11;2022;GJERDRUM;GJERDRUM;;68.310 Eiendomsmegling og andre formidlingstjenester for eiendom;2025-10-16;Takst og verdivurdering av eiendom.;eiendom i formål + e-post i registeret
15;eiendom;ARCTIC TAKST ROAR GRINDSTEIN;993052922;ENK;telefon/LinkedIn (ENK — ikke uanmodet e-post);roar-gri@online.no;913 66 141;;Baarsrudveien 2;3478;NÆRSNES;ASKER;;71.121 Byggeteknisk konsulentvirksomhet;2008-09-04;Byggeteknisk rådgiving, bygg og vedlikeholdstjenester.;eiendom i formål + e-post i registeret
15;eiendom;AV TAKST & CONSULT Arild Leif Valle;985685983;ENK;telefon/LinkedIn (ENK — ikke uanmodet e-post);av@mimer.no;70 15 41 09;;Haugvegen 38;6015;ÅLESUND;ÅLESUND;;68.320 Eiendomsforvaltning på oppdrag;2003-05-22;Taksering, entreprenørvirksomhet, eiendomshandel.;eiendom i formål + e-post i registeret
15;eiendom;BAKKEHAUG TAKST;926832298;ENK;telefon/LinkedIn (ENK — ikke uanmodet e-post);bakkehaug71@gmail.com;458 60 655;;c/o Torgeir Bakkehaug, Øvergårdveien 232;9040;NORDKJOSBOTN;BALSFJORD;;68.320 Eiendomsforvaltning på oppdrag;2021-03-19;Takst, byggkonsulenttjenester og eiendomsutvikling.;eiendom i formål + e-post i registeret
15;eiendom;BJØRKNES TAKSERING AS;999319483;AS;e-post/telefon;bengt@bjorknestakst.no;919 11 100;;Kjennveien 103;1470;LØRENSKOG;LØRENSKOG;0;68.320 Eiendomsforvaltning på oppdrag;2013-01-03;Takseringsvirksomhet, og alt som naturlig står i forbindelse med dette.;AS (e-post lovlig) + e-post i registeret
15;eiendom;BLOMBERG BYGG OG TAKST;970228578;ENK;telefon/LinkedIn (ENK — ikke uanmodet e-post);ivar@blomberg.no;90846012;;Furumoen 7;2635;TRETTEN;ØYER;;71.121 Byggeteknisk konsulentvirksomhet;1995-02-20;Byggkontrollør(3 partskontroll), byggningssnekker og takstmann.;eiendom i formål + e-post i registeret
15;eiendom;BNT. BOLIG OG NÆRINGS TAKSERING. Hans Petter Olaussen;954953416;ENK;telefon/LinkedIn (ENK — ikke uanmodet e-post);pett-ola@online.no;33 38 78 06;;Rambergveien 43C;3115;TØNSBERG;TØNSBERG;;68.320 Eiendomsforvaltning på oppdrag;1995-02-19;Kjøp, salg, reparasjon av stål/tre produkter. Kjøp, salg, drift av bygg, eiendom. Taksering av bolig/næringsbygg.;eiendom i formål + e-post i registeret
15;eiendom;BS BRATBAK TAKST & CONSULTING;929540824;ENK;telefon/LinkedIn (ENK — ikke uanmodet e-post);bratbakk12@gmail.com;958 26 088;;Tunstadbakken 22;9901;KIRKENES;SØR-VARANGER;;74.990 All annen faglig, vitenskapelig og teknisk virksomhet ikke nevnt annet sted;2022-07-25;Taksering og konsulenttjenester innen bygg.;eiendom i formål + e-post i registeret
15;eiendom;BYGG - TAKSERINGSFIRMA H Langeland;977373573;ENK;telefon/LinkedIn (ENK — ikke uanmodet e-post);hhll@online.no;35 50 03 30;;Løavegen 19;3912;PORSGRUNN;PORSGRUNN;;71.121 Byggeteknisk konsulentvirksomhet;1997-04-09;Taksering og konsulenttjenester av bolig- og næringsbygg. Andre byggrelaterte tjenester.;eiendom i formål + e-post i registeret
15;eiendom;BYGG OG TAKST HASVIK STEEN JOHANNESEN;986135138;ENK;telefon/LinkedIn (ENK — ikke uanmodet e-post);steenj@online.no;78 45 12 06;;Svahellaveien 9;8149;NEVERDAL;MELØY;;68.320 Eiendomsforvaltning på oppdrag;2003-10-14;Taksttjenester. Renovering av bygg. Vaktmestertjenester.;eiendom i formål + e-post i registeret
15;eiendom;BYGGMESTER / TAKSTMANN HANS HOLT;969204398;ENK;telefon/LinkedIn (ENK — ikke uanmodet e-post);hanholt2@online.no;33 39 67 23;;Havørnveien 5A;3124;TØNSBERG;TØNSBERG;;68.320 Eiendomsforvaltning på oppdrag;1995-02-20;Boligtaksering og konsulenttjenester/rådgivning bygg.;eiendom i formål + e-post i registeret
15;eiendom;BYGGMESTER OG TAKSTINGENIØR ROGER NORDTVEDT;917325588;ENK;telefon/LinkedIn (ENK — ikke uanmodet e-post);fam.nordtvedt@outlock.com;957 62 979;;Nordfrøyveien 324A;7260;SISTRANDA;FRØYA;;41.000 Oppføring av bygninger;2016-06-15;Byggearbeide og taksering.;eiendom i formål + e-post i registeret
15;eiendom;BYGGMESTER OG TAKSTMANN BIRGER HEIMDAL;975825485;ENK;telefon/LinkedIn (ENK — ikke uanmodet e-post);birgerheimdal@fjone.no;;;Fjonevegen 1890;3855;TREUNGEN;NISSEDAL;;41.000 Oppføring av bygninger;1995-10-24;Bygningsmessige arbeider og salg byggtjenester.;eiendom i formål + e-post i registeret
15;eiendom;BYGGMESTER OG TAKSTMANN SIKKELAND;898397122;ENK;telefon/LinkedIn (ENK — ikke uanmodet e-post);post@bmtms.no;901 03 072;;Sikkelandsveien 168;1730;ISE;SARPSBORG;;41.000 Oppføring av bygninger;2012-06-04;Snekkervirksomhet, dyrking av korn og planteproduksjon, samt skogsarbeid.;eiendom i formål + e-post i registeret
15;eiendom;BYGGMESTER OG TAKSTMANN STEINAR BRÅSTAD;825236732;ENK;telefon/LinkedIn (ENK — ikke uanmodet e-post);braastad.xo@hotmail.com;994 93 550;;Ålahøgda 27;6983;KVAMMEN;ASKVOLL;;71.121 Byggeteknisk konsulentvirksomhet;2020-06-23;Byggmestertenester. Taksering av eigedommer, tilstand/salgsrapporter, solavskjerming.;eiendom i formål + e-post i registeret
15;eiendom;BYGGMESTER OG TAKSTMANN STIAN EKERN;998752086;ENK;telefon/LinkedIn (ENK — ikke uanmodet e-post);stiantakst@yahoo.no;47814432;;Klundbyvegen 706;2836;BIRI;GJØVIK;;68.320 Eiendomsforvaltning på oppdrag;2012-08-25;Taksering av boliger og fritidseiendommer. Utføring av håndverker oppdrag samt salg av byggevarer. Byggteknisk rådgivning.;eiendom i formål + e-post i registeret
15;eiendom;BYGGMESTER/TAKSTMANN ESBEN MEYER;918397779;ENK;telefon/LinkedIn (ENK — ikke uanmodet e-post);post@byggtaksering.com;;;Ytre Ringvei 47;7100;RISSA;INDRE FOSEN;;41.000 Oppføring av bygninger;2017-01-19;Byggmester- og takseringstjenester.;eiendom i formål + e-post i registeret
15;eiendom;BYGGMESTER/TAKSTMANN THOMAS A. OLSEN;891579942;ENK;telefon/LinkedIn (ENK — ikke uanmodet e-post);thomasadler.olsen@gmail.com;915 63 718;;Odderhei terrasse 64;4639;KRISTIANSAND S;KRISTIANSAND;;68.320 Eiendomsforvaltning på oppdrag;2007-08-15;Taksering av eiendom/bolig.;eiendom i formål + e-post i registeret
15;eiendom;DALLAND TAKST&SØKNAD;925192341;ENK;telefon/LinkedIn (ENK — ikke uanmodet e-post);dallandtakst@gmail.com;47904270;;c/o Johannes Dalland, Håvikvegen 68;5643;STRANDVIK;BJØRNAFJORDEN;;68.320 Eiendomsforvaltning på oppdrag;2020-06-12;Taksering av fast eiendom. Snekkerarbeid, montering av dører, vinduer, kjøkken med mer. Tømrer, oppføring og vedlikehold av bygninger. Vaktmestertjenester.;eiendom i formål + e-post i registeret
15;eiendom;DIN TAKSTMANN MORTEN SOLTVEDT;956736587;ENK;telefon/LinkedIn (ENK — ikke uanmodet e-post);din.fuglehund@email.com;52 13 61 63;;Londalslia 1;5267;ESPELAND;BERGEN;;68.320 Eiendomsforvaltning på oppdrag;1995-02-19;Taksering av eiendom.;eiendom i formål + e-post i registeret
15;eiendom;FOLSTAD TAKST;913876296;ENK;telefon/LinkedIn (ENK — ikke uanmodet e-post);;934 78 700;www.folstadtakst.no;Anders Sandvigs gate 4A;2609;LILLEHAMMER;LILLEHAMMER;;68.320 Eiendomsforvaltning på oppdrag;2014-07-10;Taksering av eiendom og utførelse av eiendomstjenester, samt virksomhet som er knyttet til dette.;eiendom i formål + hjemmeside
15;eiendom;FS TAKST SEEMANN;998424879;ENK;telefon/LinkedIn (ENK — ikke uanmodet e-post);fstakst@getmail.no;975 37 178;;Finstadlia 19;1475;FINSTADJORDET;LØRENSKOG;;68.320 Eiendomsforvaltning på oppdrag;2012-05-29;Taksering og tilstandsrapport av bolig i privat sektor.;eiendom i formål + e-post i registeret
15;eiendom;GM TAKST TAKSTINGENIØR/BYGGMESTER GUNNAR MYRLAND;969995026;ENK;telefon/LinkedIn (ENK — ikke uanmodet e-post);g-myrlan@online.no;71 21 80 77;;Bjørnstjerne Bjørnsons veg 75;6412;MOLDE;MOLDE;;74.990 All annen faglig, vitenskapelig og teknisk virksomhet ikke nevnt annet sted;1995-02-20;Taksering, rådgivning, byggeledelse, bygg.;eiendom i formål + e-post i registeret
15;eiendom;GO TAKST AS;996384950;AS;e-post/telefon;gjermund@gotakst.no;32 78 81 33;;Lilleåsgata 23;3340;ÅMOT;MODUM;0;74.990 All annen faglig, vitenskapelig og teknisk virksomhet ikke nevnt annet sted;2011-01-15;Takseringsvirksomhet, eie aksjer/andeler i andre selskaper, samt alt hva hermed står i forbindelse.;AS (e-post lovlig) + e-post i registeret
15;eiendom;GRAHL-MADSEN TAKST OG EIENDOMSRÅDGIVING;938005850;ENK;telefon/LinkedIn (ENK — ikke uanmodet e-post);knutgrahl@yahoo.no;004790072036;;Øyovegen 88;3580;GEILO;HOL;;71.121 Byggeteknisk konsulentvirksomhet;2026-06-29;Ingeniør- og prosjektledertjenester innen byggeprosjekter.;eiendom i formål + e-post i registeret
15;eiendom;HARALD LAHN TAKST OG EIENDOMSVURDERING;966656182;ENK;telefon/LinkedIn (ENK — ikke uanmodet e-post);halahm@online.no;;;Bekkeliveien 22B;0375;OSLO;OSLO;;68.320 Eiendomsforvaltning på oppdrag;1995-02-20;Konsulentvirksomhet innenfor eiendomsbransjen med hovedvekt på taksering og verdivurdering av eien- dommer. I tillegg taksering av andre objekter som fritidsbåter etc.;eiendom i formål + e-post i registeret
15;eiendom;HELGE JENSEN TØMRERMESTER TAKSTMANN;979968329;ENK;telefon/LinkedIn (ENK — ikke uanmodet e-post);hj@takstsenteret.no;67 11 57 81;;Haugerudbråtan 35;3408;TRANBY;LIER;;68.320 Eiendomsforvaltning på oppdrag;1998-07-08;Taksering av boliger og næringseiendommer.;eiendom i formål + e-post i registeret
15;eiendom;HOLMEN TAKST AS;997791851;AS;e-post/telefon;pgustad@c2i.net;;;Siholmen;7260;SISTRANDA;FRØYA;0;68.320 Eiendomsforvaltning på oppdrag;2012-01-04;Utføring av taksttjenester.;AS (e-post lovlig) + e-post i registeret
15;eiendom;HOLMEN TAKST v/Per Arne Gustad;987160969;ENK;telefon/LinkedIn (ENK — ikke uanmodet e-post);pgustad@c2i.net;922 11 222;;Nordfrøyveien 346;7260;SISTRANDA;FRØYA;;68.200 Utleie av egen eller leid fast eiendom;2004-08-24;Taksering av bygninger. Bygningsrelatert rådgivning. Utleie av eiendom. Eiendomsutvikling  ;eiendom i formål + e-post i registeret
15;eiendom;HUSBY TAKST OG RÅDGIVNING;933116719;ENK;telefon/LinkedIn (ENK — ikke uanmodet e-post);eirik.kreyberg@gmail.com;41414022;;Kongleveien 36;0860;OSLO;OSLO;;81.100 Kombinerte tjenester tilknyttet eiendomsdrift;2024-03-04;Vaktmestertjenester. Ingeniør- og prosjektledertjenester innen byggeprosjekter.;eiendom i formål + e-post i registeret
15;eiendom;HVARNES TAKSERING ERLAND SVAE;913929780;ENK;telefon/LinkedIn (ENK — ikke uanmodet e-post);estaksering@hotmail.com;33 11 31 06;;Hedrumveien 2587;3282;KVELDE;LARVIK;;68.110 Kjøp og salg av egen fast eiendom;2014-07-25;Kjøp og salg av fast eiendom.;eiendom i formål + e-post i registeret
15;eiendom;HAAGENSEN TAKST;917358168;ENK;telefon/LinkedIn (ENK — ikke uanmodet e-post);ehaagensen@live.no;417 55 537;;Markakleiva 11;2760;BRANDBU;GRAN;0;68.320 Eiendomsforvaltning på oppdrag;2016-06-22;Takstmann, bolig.;eiendom i formål + e-post i registeret
15;eiendom;KNUT MOSTERVIK BYGGMESTER, BYGNINGSINGENIØR, TAKSTINGENIØR, TEKNISK TEGNER;935161037;ENK;telefon/LinkedIn (ENK — ikke uanmodet e-post);knut.mostervik747@gmail.com;47260907;;Per Helgesens vei 92A;8013;BODØ;BODØ;;41.000 Oppføring av bygninger;2025-03-05;Tømrer, oppføring og vedlikehold av bygninger. Arkitekttjenester, bygg. Ingeniørtjenester.;eiendom i formål + e-post i registeret
15;eiendom;LARSENS TAKSTFORMIDLING;991400710;ENK;telefon/LinkedIn (ENK — ikke uanmodet e-post);frodel3@frisurf.no;916 27 550;;Hyllavegen 65;7670;INDERØY;INDERØY;;74.990 All annen faglig, vitenskapelig og teknisk virksomhet ikke nevnt annet sted;2007-06-21;Taksering av bolig, verdivurdering , tilstandsanalyse.;eiendom i formål + e-post i registeret
15;eiendom;LISTER TAKST JOHN TERJE KNUTSEN;988319902;ENK;telefon/LinkedIn (ENK — ikke uanmodet e-post);jtknuts@msn.com;94173606;;Bekkeveien 1;4550;FARSUND;FARSUND;;41.000 Oppføring av bygninger;2005-06-11;Konsulent tjenester innen bygg, taksering, tegning og små byggeoppdrag.;eiendom i formål + e-post i registeret
15;eiendom;LORENTZEN TAKSERING;935636795;ENK;telefon/LinkedIn (ENK — ikke uanmodet e-post);lorentzen.ni@gmail.com;+4799484721;;Øvre Eikervei 88D;3048;DRAMMEN;DRAMMEN;;74.990 All annen faglig, vitenskapelig og teknisk virksomhet ikke nevnt annet sted;2025-06-16;Takstmann, bygningssakkyndig, konsulent innen eiendom og bygningsteknisk vurdering.;eiendom i formål + e-post i registeret
15;eiendom;MARKANE TAKSERING OG HYTTER AS;998309956;AS;e-post/telefon;sfbstryn@online.no;900 24 850;;Markane;6783;STRYN;STRYN;;68.200 Utleie av egen eller leid fast eiendom;2012-04-28;Drift av utleigehytter, kjøp og sal av hyttetomter og ferdig oppførte hytter. Naturbasert opplevingsturisme. Taksering av fast eigedom;AS (e-post lovlig) + e-post i registeret
15;eiendom;MATHISEN TAKST & RÅDGIVNING;929975650;ENK;telefon/LinkedIn (ENK — ikke uanmodet e-post);mathisentakst@gmail.com;97029105;;Bakåsveien 40;1900;FETSUND;LILLESTRØM;;71.121 Byggeteknisk konsulentvirksomhet;2022-10-03;Taksering, bygningssakkyndige tjenester, byggteknisk rådgivning, tilstandsanalyser, uavhengig kontroll, prosjektledelse og annen virksomhet som naturlig faller sammen med dette.;eiendom i formål + e-post i registeret
15;eiendom;MELBYE BYGG OG TAKST;913064380;ENK;telefon/LinkedIn (ENK — ikke uanmodet e-post);oskarmelbye@live.no;481 73 839;;Bjørnstadmovegen 49B;2230;SKOTTERUD;EIDSKOG;;68.320 Eiendomsforvaltning på oppdrag;2014-01-13;Taksering av eiendommer, konsulenttjenester og entreprenørvirksomhet.;eiendom i formål + e-post i registeret
15;eiendom;NESSE TAKST OG KONSULENTTJENESTER;995418495;ENK;telefon/LinkedIn (ENK — ikke uanmodet e-post);hallgeir.nesse@if.no;55 93 08 69;;Stiaberget 175;5179;GODVIK;BERGEN;;71.121 Byggeteknisk konsulentvirksomhet;2010-04-20;Byggteknisk konsulenttjenester herunder også taksering. Håndverktjenester. Utvikling og utleie av fast eiendom. Eiendomsforvaltning.;eiendom i formål + e-post i registeret
15;eiendom;NORD NORSK TAKST AS;927248301;AS;e-post/telefon;jan@frediksen-as.no;;;Roald Amundsens gate 24;8300;SVOLVÆR;VÅGAN;0;68.320 Eiendomsforvaltning på oppdrag;2021-06-11;Taksering og rådgivende ingeniørvirksomhet.;AS (e-post lovlig) + e-post i registeret
15;eiendom;NUMEDAL TAKST V/MNTF KNUT DEINBOLL;978619223;ENK;telefon/LinkedIn (ENK — ikke uanmodet e-post);;;numedaltakst.no;Karlsrudvegen 96;3632;UVDAL;NORE OG UVDAL;;68.320 Eiendomsforvaltning på oppdrag;1997-06-10;Taksering av eiendom, prosjektoppfølging, eiendomsforvaltning, utleie av fast eiendom, samt andre tjenester i tilknytning til bygg og anlegg. Jordbruksvirksomhet med salg av foring. Skogbruksvirksomhet fra egen skog.;eiendom i formål + hjemmeside
15;eiendom;OLSEN TAKST & RÅDGIVNING;936737188;ENK;telefon/LinkedIn (ENK — ikke uanmodet e-post);olsentakst@gmail.com;+4790056642;;Kviteseidvegen 548E;3850;KVITESEID;KVITESEID;;71.121 Byggeteknisk konsulentvirksomhet;2025-12-12;Teknisk konsulentvirksomhet, takst og rådgivning. Bygg og anlegg.;eiendom i formål + e-post i registeret
15;eiendom;ON TAKST ANS;935255953;ANS;e-post/telefon;post@jo-ne.no;913 67 577;;Mørfjærveien 22;4815;SALTRØD;ARENDAL;;68.320 Eiendomsforvaltning på oppdrag;2025-03-24;Taksering av bolig.;eiendom i formål + e-post i registeret
15;eiendom;OSLO TAKST OG BYGG FREDRIK SEMCESEN;994935275;ENK;telefon/LinkedIn (ENK — ikke uanmodet e-post);fsemcesen@gmail.com;994 95 747;;Sigurd A. Danielsens vei 1C;1160;OSLO;OSLO;;74.990 All annen faglig, vitenskapelig og teknisk virksomhet ikke nevnt annet sted;2016-11-30;Taksering/oppføring/rehabilitering av bygg, anlegg, næring og det som hører naturlig til.;eiendom i formål + e-post i registeret
15;eiendom;PETTERSEN TAKST & VURDERING;936905382;ENK;telefon/LinkedIn (ENK — ikke uanmodet e-post);aasmundpett@gmail.com;95092690;;Vestre Furmyrveg 11A;6017;ÅLESUND;ÅLESUND;;68.320 Eiendomsforvaltning på oppdrag;2026-01-05;Eiendomsforvaltning på vegne av andre.;eiendom i formål + e-post i registeret
15;eiendom;PJ TAKST OG BYGG. PÅL O JULIUSSEN;912178498;ENK;telefon/LinkedIn (ENK — ikke uanmodet e-post);paal@juliussen.as;469 16 178;;Sigerfjordveien 320;8406;SORTLAND;SORTLAND;;74.990 All annen faglig, vitenskapelig og teknisk virksomhet ikke nevnt annet sted;2013-07-04;Ulike takseringstjenester(eiendom). Bygningsmessig rådgiving og utførelse.;eiendom i formål + e-post i registeret
15;eiendom;RAAHOLDT BYGG OG TAKSERING;934875281;ENK;telefon/LinkedIn (ENK — ikke uanmodet e-post);mraaholdt@gmail.com;+4793023129;;Verkensvegen 5B;2050;JESSHEIM;ULLENSAKER;;41.000 Oppføring av bygninger;2025-01-22;Bygg og vedlikehold. Taksering.;eiendom i formål + e-post i registeret
15;eiendom;SIMONSEN BYGG & TAKST;936436412;ENK;telefon/LinkedIn (ENK — ikke uanmodet e-post);ccs.takst@hotmail.com;+4797984338;;Østmarkveien 4;0687;OSLO;OSLO;;68.320 Eiendomsforvaltning på oppdrag;2025-10-31;Taksering og tilstandsrapporter.;eiendom i formål + e-post i registeret
15;eiendom;SOLHEIM BYGG & TAKSERING;931335278;ENK;telefon/LinkedIn (ENK — ikke uanmodet e-post);kennethsolheim@live.com;920 11 202;;Granerødveien 12;3160;STOKKE;SANDEFJORD;;71.121 Byggeteknisk konsulentvirksomhet;2023-05-04;Byggteknisk konsulentvirksomhet.;eiendom i formål + e-post i registeret
15;eiendom;SOLHEIM TAKSERING-TØMRERMESTER CHRISTIAN SOLHEIM;894679042;ENK;telefon/LinkedIn (ENK — ikke uanmodet e-post);post@solheimtaksering.no;404 06 219;;Storengveien 12;1358;JAR;BÆRUM;;41.000 Oppføring av bygninger;2009-10-24;Taksering og byggevirksomhet.;eiendom i formål + e-post i registeret
15;eiendom;STOA TAKST, WALTER AANONSEN;993575453;ENK;telefon/LinkedIn (ENK — ikke uanmodet e-post);waltera@online.no;900 86 932;;Sogneprest Heffermehls vei 26;4817;HIS;ARENDAL;;68.200 Utleie av egen eller leid fast eiendom;2009-01-26;Utleie av eiendom med tjenester som hører her under.;eiendom i formål + e-post i registeret
15;eiendom;SUNNFJORD TAKST V/ KEN FAGERLI;918724915;ENK;telefon/LinkedIn (ENK — ikke uanmodet e-post);ken@sunnfjordtakst.no;921 19 959;;Dalehogen 9;6847;VASSENDEN;SUNNFJORD;;71.121 Byggeteknisk konsulentvirksomhet;2017-03-20;Rådgivning innen bygg og eiendom;eiendom i formål + e-post i registeret
15;eiendom;SVEN T TALLAKSEN TAKST- OG KONSULENTVIRKSOMHET;950964006;ENK;telefon/LinkedIn (ENK — ikke uanmodet e-post);sven@ts-takst.no;38 26 69 33;;Store Elvegate 71;4517;MANDAL;LINDESNES;;71.121 Byggeteknisk konsulentvirksomhet;1995-02-19;Takst- og konsulentvirksomhet innen sektoren fast eiendom / bygninger.;eiendom i formål + e-post i registeret
15;eiendom;TAKSERING OG BYGGFIRMA JAN PAULSEN;982931746;ENK;telefon/LinkedIn (ENK — ikke uanmodet e-post);j-pa@online.no;93200383;;Torridalsveien 51;4630;KRISTIANSAND S;KRISTIANSAND;;41.000 Oppføring av bygninger;2001-02-03;Nybygg, reparasjoner, vedlikehold og taksering.;eiendom i formål + e-post i registeret
15;eiendom;TAKST & KONSULENTTJENESTE TERJE DAHL;976913647;ENK;telefon/LinkedIn (ENK — ikke uanmodet e-post);takst.konsulent@gmail.com;911 84 645;;Middelthuns gate 23;0368;OSLO;OSLO;;68.320 Eiendomsforvaltning på oppdrag;1996-11-18;Taksering og konsulentbistand innen byggeteknikk.;eiendom i formål + e-post i registeret
15;eiendom;TAKST 24 AS;932542471;AS;e-post/telefon;espen@mkbygg.no;920 30 739;;Hjelldalen 32B;6013;ÅLESUND;ÅLESUND;0;68.320 Eiendomsforvaltning på oppdrag;2023-11-29;Takseringsvirksomhet.;AS (e-post lovlig) + e-post i registeret
15;eiendom;TAKST OG EIENDOM, BYGGMESTER TORALF SKULAND;995567229;ENK;telefon/LinkedIn (ENK — ikke uanmodet e-post);toralfskuland@msn.com;38 25 93 34;;Lille Risdal 22;4520;LINDESNES;LINDESNES;;68.320 Eiendomsforvaltning på oppdrag;2010-05-31;Taksering av eiendom, avvirkning og skogskjøtsel mv. i egen skog.;eiendom i formål + e-post i registeret
15;eiendom;TAKST ØSTLANDET AS;995984865;AS;e-post/telefon;;977 00 024;www.ledlight.as;Lindestien 10;3189;HORTEN;HORTEN;;74.990 All annen faglig, vitenskapelig og teknisk virksomhet ikke nevnt annet sted;2010-09-27;Takstvirksomhet/konsulentbistand, varesalg kan forekomme. Kjøp og salg av bruktbil.;AS (e-post lovlig) + hjemmeside
15;eiendom;TAKST-STIG TRONDHEIM STIG M SELNES;911885441;ENK;telefon/LinkedIn (ENK — ikke uanmodet e-post);takststig@gmail.com;73 52 54 60;;Gudruns gate 8;7030;TRONDHEIM;TRONDHEIM;;68.320 Eiendomsforvaltning på oppdrag;2013-04-30;Taksering og tilstandsanalyser av eiendom, samt andre tjenester som naturlig hører til inn under dette.;eiendom i formål + e-post i registeret
15;bil/marine/maskin;TAKSTGARASJEN KENNETH SOLBAKKEN;998520886;ENK;telefon/LinkedIn (ENK — ikke uanmodet e-post);ken.solb@gmail.com;949 82 805;;Nedre Lekven 20;5209;OS;BJØRNAFJORDEN;;74.990 All annen faglig, vitenskapelig og teknisk virksomhet ikke nevnt annet sted;2012-06-20;Skadetaksering av bil, motorsykkel, båt, tilhengere, campingvogner, bobiler og anleggsmaskiner. Kjøp og salg av bruktbiler.;skade/forsikring i formål + e-post i registeret + feil segment
15;eiendom;TAKSTHUSET TELEMARK - BYGGNINGSTEKNIKKER GEIR SVALBJØRG;935057264;ENK;telefon/LinkedIn (ENK — ikke uanmodet e-post);b.byggteknikk@online.no;90930930;;Kveldrovegen 36;3810;GVARV;MIDT-TELEMARK;;68.320 Eiendomsforvaltning på oppdrag;2025-02-24;Taksering av fast eiendom.;eiendom i formål + e-post i registeret
15;eiendom;TAKSTHUSET VALDRES OG LAND Kjetil Fjeld;994875949;ENK;telefon/LinkedIn (ENK — ikke uanmodet e-post);kjfjeld@online.no;92 40 23 13;;Nordfjellsvegen 206;2890;ETNEDAL;ETNEDAL;0;68.320 Eiendomsforvaltning på oppdrag;2009-12-09;Taksering og rådgivende ingeniør bygg og anlegg. Husdyrhold med sau, jord og skogbruksvirksomhet.;eiendom i formål + e-post i registeret
15;eiendom;TAKSTINGENIØR MIRZA;937147880;ENK;telefon/LinkedIn (ENK — ikke uanmodet e-post);mirza.takst@hotmail.com;40641615;;Gangeren 6;4327;SANDNES;SANDNES;;71.121 Byggeteknisk konsulentvirksomhet;2026-02-19;Byggteknisk konsulentvirksomhet. Taksering av fast eiendom.;eiendom i formål + e-post i registeret
15;eiendom;TAKSTINGENIØR PER ANDERS BAKKE;889527692;ENK;telefon/LinkedIn (ENK — ikke uanmodet e-post);pan-b@online.no;62 95 73 65;;Flobergsjordet 19;2270;FLISA;ÅSNES;;68.320 Eiendomsforvaltning på oppdrag;2006-02-28;Taksering av eiendommer, boliger, og næringseiendommer.  ;eiendom i formål + e-post i registeret
15;eiendom;TAKSTINGENIØR/BYGGM. TORLEIF FJELLESTAD;971236078;ENK;telefon/LinkedIn (ENK — ikke uanmodet e-post);torl-fj@online.no;38 01 18 62;;Rådhusgata 21B;4614;KRISTIANSAND S;KRISTIANSAND;;41.000 Oppføring av bygninger;1995-02-20;Byggmester/Taksering.;eiendom i formål + e-post i registeret
15;eiendom;TAKSTMANDEN Ing Tore Lien MNTF;875443232;ENK;telefon/LinkedIn (ENK — ikke uanmodet e-post);tolien2@frisurf.no;62 81 59 02;;Winsnes gate 47;2212;KONGSVINGER;KONGSVINGER;;68.310 Eiendomsmegling og andre formidlingstjenester for eiendom;1996-03-04;Eiendomsmegling.;eiendom i formål + e-post i registeret
15;eiendom;TAKSTMANN & TØMRERMESTER Heiki Nygård;990888396;ENK;telefon/LinkedIn (ENK — ikke uanmodet e-post);heikiny@online.no;90143848;;Rådyrbakken 13;1444;DRØBAK;FROGN;;41.000 Oppføring av bygninger;2007-02-17;Taksering av fast eiendom og bygging/rehablilitering av bolig/tilbygg/garasjer.;eiendom i formål + e-post i registeret
15;eiendom;TAKSTMANN HARALD POULSEN;981262093;ENK;telefon/LinkedIn (ENK — ikke uanmodet e-post);harald.poulsen@c2i.net;66 84 87 82;;Solveien 22B;1394;NESBRU;ASKER;;68.320 Eiendomsforvaltning på oppdrag;1999-11-19;Takseringsvirksomhet i henhold til lover og regler i Norges Takseringsforbund. Verditaksering av boliger, tilstandsrapport for boliger, verditaksering av næringseiendommer.;eiendom i formål + e-post i registeret
15;eiendom;TAKSTMANN I. ANDERSEN;918341714;ENK;telefon/LinkedIn (ENK — ikke uanmodet e-post);ingvald.andersen@gmail.com;971 59 254;;Skoleveien 15;9840;VARANGERBOTN;NESSEBY;;68.320 Eiendomsforvaltning på oppdrag;2017-01-10;Taksering av boliger og eiendommer;eiendom i formål + e-post i registeret
15;eiendom;TAKSTMANN JAN BERBY MNTF;970276483;ENK;telefon/LinkedIn (ENK — ikke uanmodet e-post);jb@storoslotakst.no;22 23 44 00;;Maridalsveien 300;0872;OSLO;OSLO;;68.320 Eiendomsforvaltning på oppdrag;1995-02-20;Taksering av boliger.;eiendom i formål + e-post i registeret
15;eiendom;TAKSTMANN OVE LYSEBO;989409654;ENK;telefon/LinkedIn (ENK — ikke uanmodet e-post);post@ovelysebo.no;952 36 775;;Brattåsveien 44;3282;KVELDE;LARVIK;;68.320 Eiendomsforvaltning på oppdrag;2006-02-01;Taksering av bygg og eiendommer. Bygningsteknisk konsulentvirksomhet.  ;eiendom i formål + e-post i registeret
15;eiendom;TAKSTMANN ROY A ANDERSEN AS;982156769;AS;e-post/telefon;roy-andersen@c2i.net;;;Østre Strandgate 21A;4610;KRISTIANSAND S;KRISTIANSAND;0;68.320 Eiendomsforvaltning på oppdrag;2000-07-06;Takseringsvirksomhet samt handel med aksjer og verdipapirer, herunder lånefinansierte investeringer med verdipapirer og valuta;AS (e-post lovlig) + e-post i registeret
15;eiendom;TAKSTMANN TORE THUNE BJERKE;988422878;ENK;telefon/LinkedIn (ENK — ikke uanmodet e-post);takstmann@ebnett.no;413 80 012;;Smiebakken 3;3057;SOLBERGELVA;DRAMMEN;;71.121 Byggeteknisk konsulentvirksomhet;2005-07-20;Taksering av fast eiendom. Oppføring av bygninger.;eiendom i formål + e-post i registeret
15;eiendom;TAKSTPARTNERVEST Henning Jørgensen;995613956;ENK;telefon/LinkedIn (ENK — ikke uanmodet e-post);henning@tpv.no;90 98 96 01;;Mødalsvegen 253;5600;NORHEIMSUND;KVAM;;74.990 All annen faglig, vitenskapelig og teknisk virksomhet ikke nevnt annet sted;2010-06-10;Taksering av eiendom, konsulenttjenester innen eiendom, kjøp og salg av eiendom, kjøp og salg av materialer og tjenester til eiendom.;eiendom i formål + e-post i registeret
15;eiendom;TS TAKSERING TOM ASBJØRN SVEEN;970473122;ENK;telefon/LinkedIn (ENK — ikke uanmodet e-post);tstakst@outlook.com;934 80 671;;Norderhaugveien 86;1684;VESTERØY;HVALER;;74.990 All annen faglig, vitenskapelig og teknisk virksomhet ikke nevnt annet sted;1995-03-12;Takseringer av eiendommer.;eiendom i formål + e-post i registeret
15;eiendom;VANG TAKST;926110551;ENK;telefon/LinkedIn (ENK — ikke uanmodet e-post);robert@vangtakst.no;971 82 223;;Fogs gate 17;3257;LARVIK;LARVIK;;74.990 All annen faglig, vitenskapelig og teknisk virksomhet ikke nevnt annet sted;2020-12-05;Byggteknisk taksering og vurdering av eiendom, bygning og våtrom. Konsulenttjenester. Byggmestertjenester.;eiendom i formål + e-post i registeret
15;eiendom;WAGNER - TAKST OG BYGGKOMPETANSE;833200682;ENK;telefon/LinkedIn (ENK — ikke uanmodet e-post);wagnertakst@gmail.com;916 73 621;;Urdalsbråten 8;1730;ISE;SARPSBORG;;71.129 Annen teknisk konsulentvirksomhet;2024-03-20;Ingeniørtjenester. Ingeniør- og prosjektledertjenester innen byggeprosjekter. Interiørarkitekt, interiørdesign og interiørkonsulenttjenester. Eiendomsmegler.;eiendom i formål + e-post i registeret
15;eiendom;WALDEMAR BLUMER SIV ING BYGG TAKSTER OG PROSJEKTER;984393210;ENK;telefon/LinkedIn (ENK — ikke uanmodet e-post);waldemar.blumer@c2i.net;92033333;;Lensmannsjordet 41;1352;KOLSÅS;BÆRUM;;71.121 Byggeteknisk konsulentvirksomhet;2002-04-20;Takstmann. Taksering og tilstandsvurdering av boliger.;eiendom i formål + e-post i registeret
15;eiendom;ØSTFOLD TAKST OG ENERGI ANDERS LYNG LÅCHE;814530752;ENK;telefon/LinkedIn (ENK — ikke uanmodet e-post);anders91ll@hotmail.com;924 60 678;;Spjutnesveien 78;1870;ØRJE;MARKER;;68.320 Eiendomsforvaltning på oppdrag;2014-11-27;Boligtaksering, næringstaksering, trykktesting og termofotografering av boliger og næringsbygg, energimerking av bygg, konsultering innen bygg.;eiendom i formål + e-post i registeret
15;eiendom;ÅLESUND TAKST BAKKEBØ;984030363;ENK;telefon/LinkedIn (ENK — ikke uanmodet e-post);abakkeboe@gmail.com;993 23 212;;Hovdevegen 70;6019;ÅLESUND;ÅLESUND;;74.990 All annen faglig, vitenskapelig og teknisk virksomhet ikke nevnt annet sted;2002-02-09;Verditaksering av bolighus.;eiendom i formål + e-post i registeret
15;eiendom;AANAAS BYGG OG TAKST;995113198;ENK;telefon/LinkedIn (ENK — ikke uanmodet e-post);aanaasbyggoghage@hotmail.com;980 84 289;;Nordagutuvegen 278;3812;AKKERHAUGEN;MIDT-TELEMARK;0;43.320 Snekkerarbeid;2010-02-01;Snekring, maling, diverse vaktmestertjenester og trefelling.;eiendom i formål + e-post i registeret
15;eiendom;AARNES BYGG OG TAKST;971205970;ENK;telefon/LinkedIn (ENK — ikke uanmodet e-post);oddvaarn@c2i.net;90 78 42 47;;Kåsavegen 54;3810;GVARV;MIDT-TELEMARK;;68.200 Utleie av egen eller leid fast eiendom;1995-02-20;Utleie av fast eiendom. Byggtjenester. Taksering. Jordbruk. Produksjon og salg av ved. Turisme konseptutvikling.;eiendom i formål + e-post i registeret
10;eiendom;ABATEC TAKSERING AS;921864639;AS;e-post/telefon;;;;Ytre Morvik 28;5124;MORVIK;BERGEN;0;74.990 All annen faglig, vitenskapelig og teknisk virksomhet ikke nevnt annet sted;2018-12-12;Takseringstjenester.;AS (e-post lovlig)
10;eiendom;ABC TAKSERING ANDRESEN BOLIG CONSULT;964892504;ENK;telefon/LinkedIn (ENK — ikke uanmodet e-post);;64 87 95 10;;Øvreveien 23;1405;LANGHUS;NORDRE FOLLO;;68.320 Eiendomsforvaltning på oppdrag;1995-02-20;Taksering, verdivurdering og rådgivning vedr. fast eiendom.;eiendom i formål
10;eiendom;AGDER BOLIGTAKST, BYGGMESTER TAKSTINGENIØR ROY GRIMESTAD;920210384;ENK;telefon/LinkedIn (ENK — ikke uanmodet e-post);;;;Grimestad, Spillingsveien 783;4534;MARNARDAL;LINDESNES;;41.000 Oppføring av bygninger;2018-01-09;Levering av byggmestertjenester, takseringstjenester, samt tjenester som faller naturlig inn under hovedtjenestene. Investering og eierskap i andre selskaper og eiendommer.;eiendom i formål
10;eiendom;ANDRES HAUGAN TAKST OG EIENDOMSRÅDGIVNING;919307927;ENK;telefon/LinkedIn (ENK — ikke uanmodet e-post);;;;Dølebakkveien 6;3302;HOKKSUND;ØVRE EIKER;;74.990 All annen faglig, vitenskapelig og teknisk virksomhet ikke nevnt annet sted;2017-07-21;Eiendoms taksering Rådgivning ved kjøp/salg av eiendom.;eiendom i formål
10;eiendom;ANNE BORGER MYSEN TAKST AS;925247839;AS;e-post/telefon;;;;Løkenveien 8;1813;ASKIM;INDRE ØSTFOLD;;74.990 All annen faglig, vitenskapelig og teknisk virksomhet ikke nevnt annet sted;2020-06-25;Takseringsvirksomhet.;AS (e-post lovlig)
10;eiendom;ARILD AASE TAKST OG MALING AS;931056603;AS;e-post/telefon;;;;Nybøvegen 26C;5221;NESTTUN;BERGEN;0;43.340 Maler- og glassarbeid;2023-03-20;Hoveddrift er malertjenester på nye og gamle hus/leiligheter. Oppdrag som takstmann utenom malerarbeider.;AS (e-post lovlig)
10;eiendom;ARNE SKYRUD TAKSTFORRETNING AS;918618678;AS;e-post/telefon;;;;Rynnings gate 1;2213;KONGSVINGER;KONGSVINGER;0;68.320 Eiendomsforvaltning på oppdrag;2017-03-09;Taksering av bygninger i privatmarkedet.;AS (e-post lovlig)
10;eiendom;ARV-KUNST-TAKST-FORMIDLING AS;924673443;AS;e-post/telefon;;;;Bergimellomvegen 29;2210;GRANLI;KONGSVINGER;0;74.990 All annen faglig, vitenskapelig og teknisk virksomhet ikke nevnt annet sted;2020-03-27;Taksering av kunst og innbo. Konsulentvirksomhet innen interiørdesign. Butikkvirksomhet innen interiør, nytt og brukt.;AS (e-post lovlig)
10;eiendom;AUDUN MONSEN - BYGGMESTER/BMTF TAKSTMANN;929617673;ENK;telefon/LinkedIn (ENK — ikke uanmodet e-post);;;;Åsveien 219;3370;VIKERSUND;MODUM;;68.320 Eiendomsforvaltning på oppdrag;2022-08-09;Tilstandsrapportering, verdi- og lånetaksering av bolig/leilighet og fritidsbolig.;eiendom i formål
10;bil/marine/maskin;AUTO TAKST ERIK SITJE;916496699;ENK;telefon/LinkedIn (ENK — ikke uanmodet e-post);;;;Østagløttveien 2B;1464;FJELLHAMAR;LØRENSKOG;;74.990 All annen faglig, vitenskapelig og teknisk virksomhet ikke nevnt annet sted;2015-12-31;Skadetaksering av bil, båt, landbruk, mc, lastebil og maskiner.;skade/forsikring i formål + feil segment
10;eiendom;BADIVUKU TAKST OG TILSTAND;933663698;ENK;telefon/LinkedIn (ENK — ikke uanmodet e-post);;;;Kirkeveien 88;0364;OSLO;OSLO;;74.990 All annen faglig, vitenskapelig og teknisk virksomhet ikke nevnt annet sted;2024-06-21;Takseringstjenester.;eiendom i formål
10;eiendom;BAKKEN TAKST;934575644;ENK;telefon/LinkedIn (ENK — ikke uanmodet e-post);;;;Biørnsborgbakken 5;3770;KRAGERØ;KRAGERØ;;68.320 Eiendomsforvaltning på oppdrag;2024-12-02;Taksering av eiendom og bolig/ fritidsbolig.;eiendom i formål
10;eiendom;BANG TAKST AS;937929862;AS;e-post/telefon;;;;Møllendalsveien 65A;5009;BERGEN;BERGEN;;71.129 Annen teknisk konsulentvirksomhet;2026-06-19;Ingeniørtjenester.;AS (e-post lovlig)
10;eiendom;BERGEN TAKST & EIENDOM Tor Erik Rasmussen;989201662;ENK;telefon/LinkedIn (ENK — ikke uanmodet e-post);;932 43 593;;Karlsmarka 86;5252;SØREIDGREND;BERGEN;;68.320 Eiendomsforvaltning på oppdrag;2006-01-16;Taksering av fast eiendom. Kjøp/salg av eiendom. Byggtekniske konsulent tjenester. Byggeoppdrag.  ;eiendom i formål
10;eiendom;BERGSTAD BYGG & TAKST;930240532;ENK;telefon/LinkedIn (ENK — ikke uanmodet e-post);;;;Åsenhagen 78A;2020;SKEDSMOKORSET;LILLESTRØM;;41.000 Oppføring av bygninger;2022-11-16;Tømrerarbeid.;eiendom i formål
10;eiendom;BJØLSETH TAKST;931105337;ENK;telefon/LinkedIn (ENK — ikke uanmodet e-post);;;;Møllervegen 8;2409;ELVERUM;ELVERUM;;68.320 Eiendomsforvaltning på oppdrag;2023-03-27;Taksering av privat eiendom.;eiendom i formål
10;eiendom;BJØRN HELMERSEN TAKST;936459021;ENK;telefon/LinkedIn (ENK — ikke uanmodet e-post);;;;Tord Pedersens gate 83A;3014;DRAMMEN;DRAMMEN;;68.320 Eiendomsforvaltning på oppdrag;2025-10-30;Taksering av næringsbygg.;eiendom i formål
10;eiendom;BJØRN NILSEN TAKST;929397703;ENK;telefon/LinkedIn (ENK — ikke uanmodet e-post);;;;Ringveien 12;9311;BRØSTADBOTN;DYRØY;;74.990 All annen faglig, vitenskapelig og teknisk virksomhet ikke nevnt annet sted;2022-07-12;Verditakst og tilstandsrapport.;eiendom i formål
10;eiendom;BJØRNDAL TAKST;938045682;ENK;telefon/LinkedIn (ENK — ikke uanmodet e-post);;;;Skirvedalsvegen 22;3650;TINN AUSTBYGD;TINN;;;2026-07-06;Taksering ev eiendom. Vaktmester.;eiendom i formål
10;eiendom;BJØRNSTAD TAKSTFORRETNING OG EIENDOM;936630782;ENK;telefon/LinkedIn (ENK — ikke uanmodet e-post);;;;Eplehagen 1;2040;KLØFTA;ULLENSAKER;;68.320 Eiendomsforvaltning på oppdrag;2025-11-27;Eiendomsforvaltning på vegne av andre. Ingeniør- og prosjektledertjenester innen byggeprosjekter.;eiendom i formål
10;eiendom;BJØRNTVEDT TAKST OG EIENDOM;937059051;ENK;telefon/LinkedIn (ENK — ikke uanmodet e-post);;;;c/o Finn H. Bjørntvedt, Kruttverkveien 30B;1168;OSLO;OSLO;;68.320 Eiendomsforvaltning på oppdrag;2026-01-29;Eiendomsforvaltning på vegne av andre.;eiendom i formål
10;eiendom;BOLIG TAKST OG BOLIGTEST Torkjell Nilsen;981855094;ENK;telefon/LinkedIn (ENK — ikke uanmodet e-post);;75 52 57 30;;Dronningens gate 72;8006;BODØ;BODØ;;71.121 Byggeteknisk konsulentvirksomhet;2000-04-12;Boligtaksering.;eiendom i formål
10;eiendom;BRUSVEEN BYGGRÅDGIVNING OG TAKSERING;934325974;ENK;telefon/LinkedIn (ENK — ikke uanmodet e-post);;;;Sagringen 3;2819;GJØVIK;GJØVIK;;71.129 Annen teknisk konsulentvirksomhet;2024-10-23;Ingeniørtjenester.;eiendom i formål
10;eiendom;BRUVOLL TAKST & EIENDOM;919591129;ENK;telefon/LinkedIn (ENK — ikke uanmodet e-post);;;;Lilletveitåsen 5;5228;NESTTUN;BERGEN;;74.990 All annen faglig, vitenskapelig og teknisk virksomhet ikke nevnt annet sted;2017-09-28;Taksering av bolig, eiendomsmegling.;eiendom i formål
10;eiendom;BYGG & TAKSERING JOAKIM SOLBERG;927992094;ENK;telefon/LinkedIn (ENK — ikke uanmodet e-post);;;;Heimdals gate 8;3182;HORTEN;HORTEN;;41.000 Oppføring av bygninger;2021-10-25;Salg av tømrertjenester.;eiendom i formål
10;eiendom;BYGG OG TAKST MAGNE JONASSEN;929988841;ENK;telefon/LinkedIn (ENK — ikke uanmodet e-post);;;;Grøtsundvegen 18;3720;SKIEN;SKIEN;;74.990 All annen faglig, vitenskapelig og teknisk virksomhet ikke nevnt annet sted;2022-10-05;Taksering og byggeoppdrag.;eiendom i formål
10;eiendom;BYGG OG TAKSTCONSULT ARMIN SHIVANIA;923234950;ENK;telefon/LinkedIn (ENK — ikke uanmodet e-post);;917 19 867;;Høgliveien 2A;1920;SØRUMSAND;LILLESTRØM;;68.320 Eiendomsforvaltning på oppdrag;2019-08-21;Taksering og byggesakrådgivning.;eiendom i formål
10;eiendom;BYGG- OG TAKSTINGENIØR CHRISTIAN RYBERG;922750335;ENK;telefon/LinkedIn (ENK — ikke uanmodet e-post);;;;Kronborgvegen 28;2318;HAMAR;HAMAR;;71.121 Byggeteknisk konsulentvirksomhet;2019-05-14;Taksering og konsulentvirksomhet.;eiendom i formål
10;eiendom;BYGGBEFARING-TAKST Olav Andreassen;980353826;ENK;telefon/LinkedIn (ENK — ikke uanmodet e-post);;62 59 57 44;;Øvre 18;2322;RIDABU;HAMAR;;71.121 Byggeteknisk konsulentvirksomhet;1998-12-15;Besiktigelser av boliger/næringsarealer. Takst.;eiendom i formål
10;eiendom;BYGGMESTER OG TAKSTMANN OVE HANNISDAL;831743522;ENK;telefon/LinkedIn (ENK — ikke uanmodet e-post);;;;Hamrenesvegen 78;5281;VALESTRANDSFOSSEN;OSTERØY;;68.320 Eiendomsforvaltning på oppdrag;2023-07-20;Taksering av eiendom. Byggmestertjenester.;eiendom i formål
10;eiendom;BYGGMESTER/TAKSTINGENIØR TOR LUDEFALD ERVIK;870416172;ENK;telefon/LinkedIn (ENK — ikke uanmodet e-post);;;;c/o Tor Ludefald Ervik, Vestre Hallsetvangen 5D;7027;TRONDHEIM;TRONDHEIM;;68.320 Eiendomsforvaltning på oppdrag;1995-02-20;Taksering.;eiendom i formål
10;eiendom;BYGGMESTER/TAKSTMANN K.RØNNINGEN;823831382;ENK;telefon/LinkedIn (ENK — ikke uanmodet e-post);;;;Bekkelundvegen 6;2387;BRUMUNDDAL;RINGSAKER;;74.990 All annen faglig, vitenskapelig og teknisk virksomhet ikke nevnt annet sted;2019-11-16;Taksering av eiendom. Konsulenttjenester innen bygg. Rehabilitering av byggverk. Nybygg. Bygg og anlegg.;eiendom i formål
10;eiendom;BYLUND TAKST OG TJENESTER;935960487;ENK;telefon/LinkedIn (ENK — ikke uanmodet e-post);;;;Akerlia 33;0951;OSLO;OSLO;;68.320 Eiendomsforvaltning på oppdrag;2025-08-21;Takstering av bolig. Snekker oppdrag.;eiendom i formål
10;eiendom;C-TAKST KRISTENSEN;985057605;ENK;telefon/LinkedIn (ENK — ikke uanmodet e-post);;38 18 13 66;;Olstø 11;4516;MANDAL;KRISTIANSAND;;43.990 Annen spesialisert bygge- og anleggsvirksomhet ikke nevnt annet sted;2002-11-16;Muring, flislegging og betongarbeid. Taksering av bolig. Byggesøknad og prosjektering.;eiendom i formål
10;eiendom;CHEMAK TAKST;937189087;ENK;telefon/LinkedIn (ENK — ikke uanmodet e-post);;;;Bauneveien 23;4328;SANDNES;SANDNES;;68.320 Eiendomsforvaltning på oppdrag;2026-02-25;Taksering av eiendommer og utarbeidelse av takstrapporter.;eiendom i formål
10;eiendom;DAGFINN JARP TAKST;822157742;ENK;telefon/LinkedIn (ENK — ikke uanmodet e-post);;;;Bjørnemosen 2;6518;KRISTIANSUND N;KRISTIANSUND;;68.320 Eiendomsforvaltning på oppdrag;2019-02-02;Verdivurdering og taksering av bygg og eiendom samt annen beslektet virksomhet.;eiendom i formål
10;eiendom;DALENE TAKST OG ELEKTRO;932392771;ENK;telefon/LinkedIn (ENK — ikke uanmodet e-post);;;;Wattnegata 30;4515;MANDAL;LINDESNES;;71.121 Byggeteknisk konsulentvirksomhet;2023-11-02;Ingeniør- og prosjektledertjenester innen byggeprosjekter. Ingeniørtjenester. Elektrikertjenester. Rørleggertjenester. Vaktmestertjenester.;eiendom i formål
10;eiendom;DANIELSEN TAKST & BYGGKOMPETANSE;933365344;ENK;telefon/LinkedIn (ENK — ikke uanmodet e-post);;;;Haukåsvegen 135;5131;NYBORG;BERGEN;;68.320 Eiendomsforvaltning på oppdrag;2024-04-25;Taksering av bygg. Ingeniørtjenester innen bygg. Tjenester innen bygg og anlegg.;eiendom i formål
10;eiendom;DAVEN TAKST OG EIENDOM;929461398;ENK;telefon/LinkedIn (ENK — ikke uanmodet e-post);;;;Pershaugvegen 33;2312;OTTESTAD;STANGE;;74.990 All annen faglig, vitenskapelig og teknisk virksomhet ikke nevnt annet sted;2022-07-06;Taksering av boliger med verditaksering og tilstandsanalyse.;eiendom i formål
10;eiendom;EIERSKIFTE OG TAKST FOR LANDBRUKET AS;922643571;AS;e-post/telefon;;;;c/o Ole Gunnar Green, Dagfrid Møystads vei 125;3085;HOLMESTRAND;HOLMESTRAND;0;70.200 Bedriftsrådgivning og annen administrativ rådgivning;2019-04-16;Rådgiving innenfor eierskifte og takst for bedrifter med landbrukstilknytning.;AS (e-post lovlig)
10;eiendom;EKI TAKST AS;824453772;AS;e-post/telefon;;;;c/o Kjell Idar Moen;7298;BUDALEN;MIDTRE GAULDAL;;68.320 Eiendomsforvaltning på oppdrag;2020-01-21;Aksjeeie, kjøp og salg av aksjer.;AS (e-post lovlig)
10;eiendom;EL. TAKSTMANN BOLIG. ROSFJORD;933305090;ENK;telefon/LinkedIn (ENK — ikke uanmodet e-post);;;;Eivindhagen 18B;4360;VARHAUG;HÅ;;43.210 Elektrisk installasjonsarbeid;2024-04-15;Eltakstmann og elektrokonsulent.;eiendom i formål
10;eiendom;ELLINGSEN TAKST AS;825640592;AS;e-post/telefon;;;;Lensmann Jahnsens veg 9;2211;KONGSVINGER;KONGSVINGER;0;68.320 Eiendomsforvaltning på oppdrag;2020-09-16;Taksering. Snekring. Graving.;AS (e-post lovlig)
10;eiendom;ELSTAD TAKST OG TILSTANDSRAPPORT;934076753;ENK;telefon/LinkedIn (ENK — ikke uanmodet e-post);;;;Dørresvingen 34C;2040;KLØFTA;ULLENSAKER;;68.320 Eiendomsforvaltning på oppdrag;2024-09-11;Takst og tilstandsrapportering av bolig.;eiendom i formål
10;eiendom;EN-TAKST AS;932901145;AS;e-post/telefon;;;;Søndre Husebytun 16A;7097;SAUPSTAD;TRONDHEIM;0;68.320 Eiendomsforvaltning på oppdrag;2024-01-26;Hovedsakelig taksering av boenheter.;AS (e-post lovlig)
10;eiendom;ENGESETH BYGG OG TAKST;935240352;ENK;telefon/LinkedIn (ENK — ikke uanmodet e-post);;;;Øvergjøvik 413;2881;AUST-TORPA;NORDRE LAND;;71.129 Annen teknisk konsulentvirksomhet;2025-03-25;Ingeniørtjenester. Kjøttproduksjon på storfe. Tømrer, oppføring og vedlikehold av bygninger.;eiendom i formål
10;eiendom;ESSENTIA TAKST V/ERIK RUI;933212963;ENK;telefon/LinkedIn (ENK — ikke uanmodet e-post);;;;Gjekstadveien 85;3218;SANDEFJORD;SANDEFJORD;;74.990 All annen faglig, vitenskapelig og teknisk virksomhet ikke nevnt annet sted;2024-03-22;Takstoppdrag-reklamasjonsaker. Byggrådgivning. Mindre tømmer-/snekkerarbeider.;eiendom i formål
10;eiendom;FARES RØR OG TAKST;929931696;ENK;telefon/LinkedIn (ENK — ikke uanmodet e-post);;;;Båtsleppa 9;1410;KOLBOTN;NORDRE FOLLO;;43.221 Rørleggerarbeid;2022-09-27;Drive med rørleggertjenester, alt fra nybygg, rehabilitering, service og tilstandsvurdering av våtrom og bad med min bakgrunn som takstmann.;eiendom i formål
10;eiendom;FAST TAKST AS;931840665;AS;e-post/telefon;;;;Einerveien 2;8517;NARVIK;NARVIK;0;74.990 All annen faglig, vitenskapelig og teknisk virksomhet ikke nevnt annet sted;2023-08-07;Takseringsvirksomhet for private og offentlige kunder.;AS (e-post lovlig)
10;eiendom;FØRDE TAKSTKONTOR AS;993510572;AS;e-post/telefon;;;;c/o Bjarte Roska, Klovene 9;6809;FØRDE;SUNNFJORD;0;68.320 Eiendomsforvaltning på oppdrag;2009-01-10;Takseringsvirksomhet.;AS (e-post lovlig)
10;eiendom;GARNES TAKST AS;938057141;AS;e-post/telefon;;;;c/o Jørn Garnes, Bakkestjerneveien 18;8515;NARVIK;NARVIK;;68.320 Eiendomsforvaltning på oppdrag;2026-07-07;Takseringsvirksomhet for private og offentlige kunder.;AS (e-post lovlig)
10;eiendom;GJØVIK TAKST AS;929706277;AS;e-post/telefon;;;;Bondelivegen 20;2816;GJØVIK;GJØVIK;0;74.990 All annen faglig, vitenskapelig og teknisk virksomhet ikke nevnt annet sted;2022-08-25;Takseringstjenester.;AS (e-post lovlig)
10;eiendom;GRETTE TAKST & BYGG;937625472;ENK;telefon/LinkedIn (ENK — ikke uanmodet e-post);;;;Ramnesveien 124;3171;SEM;TØNSBERG;;71.129 Annen teknisk konsulentvirksomhet;2026-04-27;Ingeniørtjenester.;eiendom i formål
10;eiendom;GRØNSETH TAKSERING;930641111;ENK;telefon/LinkedIn (ENK — ikke uanmodet e-post);;901 06 929;;Sagstadvegen 105D;5919;FREKHAUG;ALVER;;68.320 Eiendomsforvaltning på oppdrag;2023-01-12;Verditakst. Tilstandsrapport, eller tilstandsanalyse for eneboliger, leiligheter og fritidsboliger. Bistand ved visning, forhåndsbefaring/ferdigbefaring og overtakelsesforretning av eneboliger, leiligheter og fritidsboliger.;eiendom i formål
10;eiendom;HALBJØRHUS ELEKTRO OG TAKST AS;934310071;AS;e-post/telefon;;;;Skadvinvegen 6;3560;HEMSEDAL;HEMSEDAL;0;71.129 Annen teknisk konsulentvirksomhet;2024-10-21;Ingeniørtjenester.;AS (e-post lovlig)
10;eiendom;HALLINGDAL TAKSTKONTOR Gunnar Skredderberget;946913715;ENK;telefon/LinkedIn (ENK — ikke uanmodet e-post);;;;Sentrumsvegen 41;3550;GOL;GOL;;71.121 Byggeteknisk konsulentvirksomhet;1995-02-19;Bygg-konsulent/Takst forretning.;eiendom i formål
10;eiendom;HAMMER TAKST AS;930741353;AS;e-post/telefon;;;;c/o Eivind Hammer, Riperbakken 8A;3517;HØNEFOSS;RINGERIKE;0;68.320 Eiendomsforvaltning på oppdrag;2023-01-30;Selge tjenester og varer innen taksering - og annet som naturlig sammenfaller med dette - samt deltakelse i andre selskaper, investeringer og nærliggende virksomhet.;AS (e-post lovlig)
10;eiendom;HAUKI TAKST & EIENDOM;936640702;ENK;telefon/LinkedIn (ENK — ikke uanmodet e-post);;;;Vardeveien 15B;1413;TÅRNÅSEN;NORDRE FOLLO;;68.320 Eiendomsforvaltning på oppdrag;2025-12-01;Eiendomsforvaltning på vegne av andre.;eiendom i formål
10;eiendom;HEDMARK TAKST OG BYGGVURDERING Terje Lundgrenn;970335315;ENK;telefon/LinkedIn (ENK — ikke uanmodet e-post);;62 82 63 72;;Brøderudvegen 1;2216;ROVERUD;KONGSVINGER;;68.320 Eiendomsforvaltning på oppdrag;1995-02-20;Eiendomstaksering, tømring.;eiendom i formål
10;eiendom;HEIDER TAKST AS;934294610;AS;e-post/telefon;;;;c/o Andreas Hurum, Magnus Berrføtts gate 7;5523;HAUGESUND;HAUGESUND;0;68.320 Eiendomsforvaltning på oppdrag;2024-10-17;Takst- og konsulentvirksomhet, samt annen virksomhet som står i naturlig tilknytning til dette.;AS (e-post lovlig)
10;eiendom;HJELMELAND TAKST;936905838;ENK;telefon/LinkedIn (ENK — ikke uanmodet e-post);;;;Hjortevegen 17;5236;RÅDAL;BERGEN;;68.320 Eiendomsforvaltning på oppdrag;2026-01-05;Taksering av bolig.;eiendom i formål
10;eiendom;HOBERG TAKST;931102923;ENK;telefon/LinkedIn (ENK — ikke uanmodet e-post);;;;Maihaugen 69;2312;OTTESTAD;STANGE;;68.320 Eiendomsforvaltning på oppdrag;2023-03-24;Taksering av boliger, rådgivning og kalkulasjon.;eiendom i formål
10;eiendom;HÅLOGALAND TAKST IDAR SKOGLUND;922789363;ENK;telefon/LinkedIn (ENK — ikke uanmodet e-post);;;;c/o Idar Skoglund, St Olavs gate 12A;9405;HARSTAD;HARSTAD;;68.320 Eiendomsforvaltning på oppdrag;2019-05-22;Takseringsbransjen, bygg og anlegg.;eiendom i formål
10;eiendom;IVAR MÆLAND TAKSTMANN/BYGNINGSINGENIØR;979137249;ENK;telefon/LinkedIn (ENK — ikke uanmodet e-post);;51 48 72 07;;Granvegen 5;4355;KVERNALAND;TIME;;71.121 Byggeteknisk konsulentvirksomhet;1997-08-14;Taksering av eiendommer. Noe handelsvirksomhet(elektroniske Produkter/artikler).;eiendom i formål
10;eiendom;JOHANNESSEN TAKST OG EIENDOM;927493497;ENK;telefon/LinkedIn (ENK — ikke uanmodet e-post);;;;c/o Christian Klock Johannessen, Løkkebergveien 5C;1640;RÅDE;RÅDE;;71.121 Byggeteknisk konsulentvirksomhet;2021-08-02;Takst, byggetekniske konsulenttjenester og mindre byggeoppdrag.;eiendom i formål
10;eiendom;JSN TAKST OG VVS AS;926432648;AS;e-post/telefon;;;;Bjørnsrudskogen 8F;2072;DAL;EIDSVOLL;0;43.221 Rørleggerarbeid;2021-01-21;VVS-arbeid.;AS (e-post lovlig)
10;eiendom;KARLSEN BYGG & TAKSERING;937199295;ENK;telefon/LinkedIn (ENK — ikke uanmodet e-post);;;;Villa Tindlund 16;1718;GREÅKER;SARPSBORG;;41.000 Oppføring av bygninger;2026-02-19;Tømrer, oppføring og vedlikehold av bygninger.;eiendom i formål
10;eiendom;KJOSÅS TAKST OG EIENDOM;936764754;ENK;telefon/LinkedIn (ENK — ikke uanmodet e-post);;;;Havstadlia 8;4842;ARENDAL;ARENDAL;;41.000 Oppføring av bygninger;2025-12-12;Tømrer, oppføring og vedlikehold av bygninger.;eiendom i formål
10;eiendom;KNUDSEN TAKST;928777278;ENK;telefon/LinkedIn (ENK — ikke uanmodet e-post);;;;Gangdalslia 4;4618;KRISTIANSAND S;KRISTIANSAND;;68.320 Eiendomsforvaltning på oppdrag;2022-02-19;Takstmann for bygg og anlegg.;eiendom i formål
10;eiendom;KRISTOFFERSEN TAKST AS;831325062;AS;e-post/telefon;;;;Skrenten 4;5104;EIDSVÅG I ÅSANE;BERGEN;0;74.990 All annen faglig, vitenskapelig og teknisk virksomhet ikke nevnt annet sted;2023-05-03;Takseringsvirksomhet.;AS (e-post lovlig)
10;eiendom;KÅSIN TAKST OG PROSJEKTKONSULENT;936629857;ENK;telefon/LinkedIn (ENK — ikke uanmodet e-post);;;;Lovisenberggata 15G;0456;OSLO;OSLO;;68.110 Kjøp og salg av egen fast eiendom;2025-11-21;Kjøp og salg av egen fast eiendom.;eiendom i formål
10;eiendom;LANDRO TAKST AS;933011445;AS;e-post/telefon;;;;Øyatangen 2;5353;STRAUME;ØYGARDEN;;74.990 All annen faglig, vitenskapelig og teknisk virksomhet ikke nevnt annet sted;2024-02-14;Takseringsvirksomhet.;AS (e-post lovlig)
10;eiendom;LERHEIM TAKST AS;932956667;AS;e-post/telefon;;;;Øyragrendi 269;6858;FARDAL;SOGNDAL;;68.320 Eiendomsforvaltning på oppdrag;2024-02-06;Taksering.;AS (e-post lovlig)
10;eiendom;LOFOTEN TAKST AS;821696232;AS;e-post/telefon;;;;Ørnveien 71;8300;SVOLVÆR;VÅGAN;0;74.990 All annen faglig, vitenskapelig og teknisk virksomhet ikke nevnt annet sted;2018-11-09;Takseringstjenester, entreprenør-/konsulentvirksomhet, kjøp og salg av teknisk utstyr og andre produkter-/tjenester som naturlig hører sammen med dette, herunder å delta i andre selskap med lignende virksomhet, og kjøp og salg av aksjer eller på annen måte gjøre seg interessert i andre foretak.;AS (e-post lovlig)
10;eiendom;LUNDEN TAKST AS;936930964;AS;e-post/telefon;;;;Lunden 2B;0598;OSLO;OSLO;;71.121 Byggeteknisk konsulentvirksomhet;2026-01-08;All annen faglig, vitenskapelig og teknisk virksomhet ikke nevnt annet sted. Taksering av bygninger og bygningsrådgivning.;AS (e-post lovlig)
10;eiendom;LYNGMO EIENDOM OG TAKST;933298434;ENK;telefon/LinkedIn (ENK — ikke uanmodet e-post);;;;Trimvegen 5;7560;VIKHAMMER;MALVIK;;41.000 Oppføring av bygninger;2024-04-13;Tømrer, oppføring og vedlikehold av bygninger. Bygningssakkyndig, tilstandsanalyse av bolig. Takstmann, verdisetting og vurdering av eiendom.;eiendom i formål
10;eiendom;M-TAKST AS;928801497;AS;e-post/telefon;;;;Bjørnveien 13B;0774;OSLO;OSLO;0;71.121 Byggeteknisk konsulentvirksomhet;2022-02-24;Bygningsteknisk konsulent.;AS (e-post lovlig)
10;eiendom;M2-TAKST ING. JØRN GARNES;974988976;ENK;telefon/LinkedIn (ENK — ikke uanmodet e-post);;;;Bakkestjerneveien 18;8515;NARVIK;NARVIK;;74.990 All annen faglig, vitenskapelig og teknisk virksomhet ikke nevnt annet sted;1995-09-07;Takseringsvirksomhet innenfor bygg og anlegg. Virksomheten vil også drive med konsulentvirksomhet og prosjektbistand innenfor bygg og anlegg.;eiendom i formål
10;eiendom;MB BYGG & TAKST BJERKGÅRD;914504244;ENK;telefon/LinkedIn (ENK — ikke uanmodet e-post);;;;Vålegaten 5A;3112;TØNSBERG;TØNSBERG;;41.000 Oppføring av bygninger;2014-12-03;Oppføring av bygninger, snekring og det som faller naturlig inn under dette.;eiendom i formål
10;eiendom;METRON TAKST & ENERGI AS;937385978;AS;e-post/telefon;;;;Bedriftsvegen 52;3735;SKIEN;SKIEN;0;71.121 Byggeteknisk konsulentvirksomhet;2026-03-19;Ingeniørtjenester.;AS (e-post lovlig)
10;eiendom;MOEN TAKST AS;920243304;AS;e-post/telefon;;;;Fagerliveien 2;1820;SPYDEBERG;INDRE ØSTFOLD;0;68.320 Eiendomsforvaltning på oppdrag;2018-01-16;Taksering og rådgivning.;AS (e-post lovlig)
10;eiendom;MTK & TAKST AS;929286324;AS;e-post/telefon;;;;Radøyvegen 448;5938;SÆBØVÅGEN;ALVER;;43.910 Murerarbeid;2022-06-01;Selge tjenester og varer innen Murerbransjen/håndtverksbransjen - og annet som naturlig sammenfaller med dette - samt deltakelse i andre selskaper, investeringer og nærliggende virksomhet.;AS (e-post lovlig)
10;eiendom;MØLLER TAKST;931338668;ENK;telefon/LinkedIn (ENK — ikke uanmodet e-post);;;;Sagmesterveien 2;1672;KRÅKERØY;FREDRIKSTAD;;68.320 Eiendomsforvaltning på oppdrag;2023-05-04;Taksering av eiendom. Verditaksering, tilstandsrapporter.;eiendom i formål
10;eiendom;NIDAROS TAKST & EIENDOM GELLEIN;937415761;ENK;telefon/LinkedIn (ENK — ikke uanmodet e-post);;;;Saxeborgvegen 8;7562;SAKSVIK;MALVIK;;68.320 Eiendomsforvaltning på oppdrag;2026-03-24;Eiendomsforvaltning på vegne av andre.;eiendom i formål
10;eiendom;NIELSEN TAKST;936370810;ENK;telefon/LinkedIn (ENK — ikke uanmodet e-post);;;;Åsenhagen 49F;2020;SKEDSMOKORSET;LILLESTRØM;;68.320 Eiendomsforvaltning på oppdrag;2025-10-13;Eiendomsforvaltning på vegne av andre.;eiendom i formål
10;eiendom;NORDHEIM TAKST & UAVHENGIG KONTROLL AS;931715097;AS;e-post/telefon;;;;Leira 24;8665;MOSJØEN;VEFSN;0;74.990 All annen faglig, vitenskapelig og teknisk virksomhet ikke nevnt annet sted;2023-07-12;Takseringsvirksomhet og ansvarlig søker. Rørleggervirksomhet.;AS (e-post lovlig)
10;eiendom;NORSK TAKST OG BYGG SEMCESEN;929868943;ENK;telefon/LinkedIn (ENK — ikke uanmodet e-post);;;;Sigurd A. Danielsens vei 1C;1160;OSLO;OSLO;;74.990 All annen faglig, vitenskapelig og teknisk virksomhet ikke nevnt annet sted;2022-09-19;Alt innen takstoppdrag, bygg og anlegg, sjøarbeid og arbeidsdykking.;eiendom i formål
10;eiendom;NYGÅRD TAKST & EIENDOM;936642632;ENK;telefon/LinkedIn (ENK — ikke uanmodet e-post);;;;Gamle Rustadvei 113;1389;HEGGEDAL;ASKER;;71.129 Annen teknisk konsulentvirksomhet;2025-11-24;Ingeniørtjenester.;eiendom i formål
10;eiendom;NYMO TAKST OG BYGGEKONTROLL;999520812;ENK;telefon/LinkedIn (ENK — ikke uanmodet e-post);;75 75 49 55;;Halsosveien 71;8178;HALSA;MELØY;;74.990 All annen faglig, vitenskapelig og teknisk virksomhet ikke nevnt annet sted;2013-01-12;Takseringstjeneste. Uavhengig byggekontroll. Konsulenttjeneste bygg. Bygg håndtverk.;eiendom i formål
10;eiendom;NÆSS BYGG & TAKSERING;937453922;ENK;telefon/LinkedIn (ENK — ikke uanmodet e-post);;;;Horgsletta 4;7055;RANHEIM;TRONDHEIM;;71.121 Byggeteknisk konsulentvirksomhet;2026-03-30;Ingeniør- og prosjektledertjenester innen byggeprosjekter.;eiendom i formål
10;eiendom;OFOTEN TAKST AS;957701752;AS;e-post/telefon;;76 94 66 13;;Tore Hunds gate 7;8514;NARVIK;NARVIK;0;71.121 Byggeteknisk konsulentvirksomhet;1995-02-19;Takstforretning og ingeniørfirma.;AS (e-post lovlig)
10;eiendom;OFOTEN TAKSTFORRETNING HOLDING AS;925334650;AS;e-post/telefon;;;;Tore Hunds gate 7;8514;NARVIK;NARVIK;;71.121 Byggeteknisk konsulentvirksomhet;2020-07-13;Holdingselskap.;AS (e-post lovlig)
10;eiendom;OLSEN TAKST OG BYGG;935334519;ENK;telefon/LinkedIn (ENK — ikke uanmodet e-post);;;;Sildreveien 33;3123;TØNSBERG;TØNSBERG;;71.121 Byggeteknisk konsulentvirksomhet;2025-04-07;Ingeniør- og prosjektledertjenester innen byggeprosjekter.;eiendom i formål
10;eiendom;OMLIE TAKST OG KONSULT AS;921630131;AS;e-post/telefon;;;;Tonstadveien 8;4440;TONSTAD;SIRDAL;;74.990 All annen faglig, vitenskapelig og teknisk virksomhet ikke nevnt annet sted;2018-11-19;Taksering og konsulenttjenester.;AS (e-post lovlig)
10;eiendom;ONSRUD TAKSERING AS;926808303;AS;e-post/telefon;;;;Peer Gynts vei 16;3160;STOKKE;SANDEFJORD;0;74.990 All annen faglig, vitenskapelig og teknisk virksomhet ikke nevnt annet sted;2021-03-17;Taksering, termografering og tetthetskontroll.  ;AS (e-post lovlig)
10;eiendom;ORKLAND TAKST LEIV GARBERG;923999043;ENK;telefon/LinkedIn (ENK — ikke uanmodet e-post);;;;Kari Gravroks gate 8;7300;ORKANGER;ORKLAND;;68.320 Eiendomsforvaltning på oppdrag;2019-12-03;Taksering av eneboliger, leiligheter og rekkehus. Boligsalgsrapporter og tilstandsrapporter. Entreprenør- og byggmestervirksomhet og hva dermed står i forbindelse. Selskapet kan også investere i andre selskap som selskapets styre finner det hensiktsmessig å gå inn i.;eiendom i formål
10;eiendom;OSLO OG AKERSHUS TAKST STRØM;933733963;ENK;telefon/LinkedIn (ENK — ikke uanmodet e-post);;;;Brånåshagen 39;2019;SKEDSMOKORSET;LILLESTRØM;;74.990 All annen faglig, vitenskapelig og teknisk virksomhet ikke nevnt annet sted;2024-07-03;Takst av boliger.;eiendom i formål
10;eiendom;PETTERSEN TAKST & EIENDOM;936756689;ENK;telefon/LinkedIn (ENK — ikke uanmodet e-post);;;;Amtmannsveien 8;1511;MOSS;MOSS;;68.320 Eiendomsforvaltning på oppdrag;2025-12-15;Eiendomsforvaltning på oppdrag.;eiendom i formål
10;eiendom;PRO-TAKST OSLO, FOSBERG;925651044;ENK;telefon/LinkedIn (ENK — ikke uanmodet e-post);;;;Gamleveien 702;1487;HAKADAL;NITTEDAL;;68.320 Eiendomsforvaltning på oppdrag;2020-09-16;Takseringstjenester for boligmarkedet.;eiendom i formål
10;eiendom;PÅL LUTRO - BYGGMESTER & TAKSTMANN;924369388;ENK;telefon/LinkedIn (ENK — ikke uanmodet e-post);;;;Brochs gate 18;1607;FREDRIKSTAD;FREDRIKSTAD;;68.320 Eiendomsforvaltning på oppdrag;2020-01-08;Taksering av boliger. Tømrerarbeider.;eiendom i formål
10;eiendom;RAMSTAD TAKST;920339220;ENK;telefon/LinkedIn (ENK — ikke uanmodet e-post);;;;Bakåslia 11;1900;FETSUND;LILLESTRØM;;68.320 Eiendomsforvaltning på oppdrag;2018-01-30;Taksering av boliger, tømrertjenester, samt konsulenttjenester innenfor samme fagområder.;eiendom i formål
10;eiendom;RANA TAKSERING AS;998454115;AS;e-post/telefon;;;;c/o Rana Noman Tariq, Frydenbergveien 36B;1415;OPPEGÅRD;NORDRE FOLLO;0;68.320 Eiendomsforvaltning på oppdrag;2012-06-05;Takstmann.;AS (e-post lovlig)
10;eiendom;RANNEKLEIV TAKST;929418743;ENK;telefon/LinkedIn (ENK — ikke uanmodet e-post);;;;Sildekroken 26;4083;HUNDVÅG;STAVANGER;;71.121 Byggeteknisk konsulentvirksomhet;2022-06-25;Bygningstjenester, tekniske konsulent tjenester. Takst/verdi av eiendommer.;eiendom i formål
10;eiendom;ROGALAND TAKSTPARTNER AS;935023998;AS;e-post/telefon;;;;Neptunveien 13A;4026;STAVANGER;STAVANGER;0;74.990 All annen faglig, vitenskapelig og teknisk virksomhet ikke nevnt annet sted;2025-02-11;Takseringsvirksomhet.;AS (e-post lovlig)
10;eiendom;ROMERIKE TAKST, KJETIL JAHR;988795917;ENK;telefon/LinkedIn (ENK — ikke uanmodet e-post);;92 05 36 41;;Jahrenveien 22;1900;FETSUND;LILLESTRØM;;71.121 Byggeteknisk konsulentvirksomhet;2005-10-20;Tegne og beregne byggtekniske konstruksjoner.  ;eiendom i formål
10;eiendom;RR TAKSERING AS;932830825;AS;e-post/telefon;;;;Seimsvegen 235;5260;INDRE ARNA;BERGEN;;68.320 Eiendomsforvaltning på oppdrag;2024-01-16;Takst av bygninger.;AS (e-post lovlig)
10;eiendom;RYGG TAKST OG EIENDOM;836633202;ENK;telefon/LinkedIn (ENK — ikke uanmodet e-post);;;;Hallagerbakken 96F;1256;OSLO;OSLO;;71.129 Annen teknisk konsulentvirksomhet;2025-11-21;Ingeniørtjenester.;eiendom i formål
10;eiendom;SB TAKST & PROSJEKT AS;936073085;AS;e-post/telefon;;;;Hammerdalen 7;1597;MOSS;MOSS;0;70.200 Bedriftsrådgivning og annen administrativ rådgivning;2025-09-02;Bedriftsrådgivning, administrativt.;AS (e-post lovlig)
10;eiendom;SENTRUM TAKST HOLDING AS;937180829;AS;e-post/telefon;;;;Vardeveien 15B;1413;TÅRNÅSEN;NORDRE FOLLO;;00.000 Uoppgitt;2026-02-17;Holdingselskap.;AS (e-post lovlig)
10;eiendom;SIGMA TAKST AS;935322103;AS;e-post/telefon;;;;Fredheimvegen 16;4275;SÆVELANDSVIK;KARMØY;0;74.990 All annen faglig, vitenskapelig og teknisk virksomhet ikke nevnt annet sted;2025-04-03;Takseringstjenester.;AS (e-post lovlig)
10;eiendom;SIMONSEN BYGG, INGENIØR OG TAKST TJENESTER;936429203;ENK;telefon/LinkedIn (ENK — ikke uanmodet e-post);;;;Soløyveien 100;9357;TENNEVOLL;LAVANGEN;;71.121 Byggeteknisk konsulentvirksomhet;2025-10-22;Ingeniør- og prosjektledertjenester innen byggeprosjekter. Tømrer, oppføring og vedlikehold av bygninger.;eiendom i formål
10;eiendom;SKEISTRAND TAKST & TEIKNE TENESTER AS;931144170;AS;e-post/telefon;;;;Rognevegen 2;6854;KAUPANGER;SOGNDAL;0;74.990 All annen faglig, vitenskapelig og teknisk virksomhet ikke nevnt annet sted;2023-03-30;Selge varer og tjenester innen taksering og konsulentverksemd.;AS (e-post lovlig)
10;eiendom;SKUI TAKST;933367363;ENK;telefon/LinkedIn (ENK — ikke uanmodet e-post);;471 71 074;;Gydas gate 11;3732;SKIEN;SKIEN;;68.320 Eiendomsforvaltning på oppdrag;2024-04-25;Taksering av eiendommer, konsulenttjenester i forbindelse med eiendom, samt investeringsvirksomhet.;eiendom i formål
10;eiendom;SMAALENENE TAKST AS;924756373;AS;e-post/telefon;;;;Mørkfossveien 133;1860;TRØGSTAD;INDRE ØSTFOLD;0;68.320 Eiendomsforvaltning på oppdrag;2020-03-13;Takseringsvirksomhet.;AS (e-post lovlig)
10;eiendom;STEINAR EDSETH TAKST & BYGGSERVICE INNGÅR I DØDSBO;983047742;ENK;telefon/LinkedIn (ENK — ikke uanmodet e-post);;;;Hellenvegen 10;2040;KLØFTA;ULLENSAKER;;43.320 Snekkerarbeid;2001-03-10;Snekker. Tømrer. Takksering. Konsulent virksomhet innen bygg og anlegg. Formidling av bygg og anlegg virksomhet.;eiendom i formål
10;eiendom;STEINAR JONASSEN TAKST;937784570;ENK;telefon/LinkedIn (ENK — ikke uanmodet e-post);;;;Eventyrveien 13;6511;KRISTIANSUND N;KRISTIANSUND;;68.320 Eiendomsforvaltning på oppdrag;2026-06-08;Eiendomstakst.;eiendom i formål
10;eiendom;STOKKA TAKST;971059206;ENK;telefon/LinkedIn (ENK — ikke uanmodet e-post);;;;Porsholen 69;4314;SANDNES;SANDNES;;68.320 Eiendomsforvaltning på oppdrag;1995-02-20;Taksering og utarbeidelse av tilstandsrapporter, montering av kjøkken, bad og garderobe, oppføring av bygninger.;eiendom i formål
10;eiendom;STOKKE TAKSERING AS;985559317;AS;e-post/telefon;;33 33 63 20;;Stokke Ravei 395;3160;STOKKE;SANDEFJORD;0;68.320 Eiendomsforvaltning på oppdrag;2003-04-07;Takseringsvirksomhet.;AS (e-post lovlig)
10;eiendom;STRAND TAKST & BYGGESAK;924565527;ENK;telefon/LinkedIn (ENK — ikke uanmodet e-post);;;;Bakkan 17;9357;TENNEVOLL;LAVANGEN;;74.990 All annen faglig, vitenskapelig og teknisk virksomhet ikke nevnt annet sted;2020-03-03;Taksering og konsulenttjenester innen bygg og utvikling.;eiendom i formål
10;eiendom;STRAND TAKST & INGENIØRSERVICE;935945364;ENK;telefon/LinkedIn (ENK — ikke uanmodet e-post);;99198695;;Kverntangen 26;3077;SANDE I VESTFOLD;HOLMESTRAND;;68.320 Eiendomsforvaltning på oppdrag;2025-08-14;Taksering av eiendom. Ingeniørtjenester.;eiendom i formål
10;eiendom;SVANE HANSEN TAKST OG EIENDOM;936636020;ENK;telefon/LinkedIn (ENK — ikke uanmodet e-post);;;;Olaf Helsets vei 6;0694;OSLO;OSLO;;71.121 Byggeteknisk konsulentvirksomhet;2025-12-16;Byggeteknisk konsulentvirksomhet. Taksering av eiendom.;eiendom i formål
10;eiendom;SVEIN ARNE NESJE TAKSTMANN MNTF;981220552;ENK;telefon/LinkedIn (ENK — ikke uanmodet e-post);;71 24 06 51;;Sørnesjevegen 8;6456;SKÅLA;MOLDE;;71.121 Byggeteknisk konsulentvirksomhet;1999-11-06;Verditaksering av landbrukseiendommer.;eiendom i formål
10;eiendom;SØKNADSPROSEDYRER-TAKSTMANN OLAV ØYEN;933522350;ENK;telefon/LinkedIn (ENK — ikke uanmodet e-post);;;;Heddalsvegen 41;3674;NOTODDEN;NOTODDEN;;71.121 Byggeteknisk konsulentvirksomhet;2024-05-29;Byggekontroll, søknadsprossedyrer, takst, skjønn, tjenester innenfor byggmesterfaget. Aksjehandel.;eiendom i formål
10;eiendom;TAKSERIA AS;934898591;AS;e-post/telefon;;;;Nybovegen 6;2870;DOKKA;NORDRE LAND;0;71.121 Byggeteknisk konsulentvirksomhet;2025-01-22;Ingeniørtjenester.;AS (e-post lovlig)
10;eiendom;TAKSERING PRIVATE HOLDING AS;928110478;AS;e-post/telefon;;;;Bjerkelundsveien 86A;1357;BEKKESTUA;BÆRUM;;00.000 Uoppgitt;2021-11-11;Holdingselskap.;AS (e-post lovlig)
10;eiendom;TAKSERINGSKONTORET OTTA AS;911704080;AS;e-post/telefon;;900 13 519;;Johan Nygårds gate 3;2670;OTTA;SEL;0;74.990 All annen faglig, vitenskapelig og teknisk virksomhet ikke nevnt annet sted;2013-03-14;Taksering og tjenster innen mur- og flisearbeid.;AS (e-post lovlig)
10;eiendom;TAKST & TILSTAND ASBJØRN HAUGDAL;920834310;ENK;telefon/LinkedIn (ENK — ikke uanmodet e-post);;;;Gjerstadveien 1556;4980;GJERSTAD;GJERSTAD;;74.990 All annen faglig, vitenskapelig og teknisk virksomhet ikke nevnt annet sted;2018-05-08;Taksering og bygningstjenester.;eiendom i formål
10;eiendom;TAKST & VINDU SPESIALISTEN AS;933240991;AS;e-post/telefon;;;;Smalvollveien 6;0667;OSLO;OSLO;15;41.000 Oppføring av bygninger;2024-04-04;Tømrer, oppføring og vedlikehold av bygninger.;AS (e-post lovlig)
10;eiendom;TAKST 1 AS;991140786;AS;e-post/telefon;;90131806;;Tonstadgrenda 106;7091;TILLER;TRONDHEIM;0;68.320 Eiendomsforvaltning på oppdrag;2007-05-02;Salg av taksteringstjenester og andre tjenester og varer som naturlig faller sammen med dette, herunder delta i andre selskaper med lignende virksomhet.;AS (e-post lovlig)
10;eiendom;TAKST G 15 TØMRERMESTER THORVALD C WAHL;981263375;ENK;telefon/LinkedIn (ENK — ikke uanmodet e-post);;22 49 68 05;;Heyerdahls vei 9C;0777;OSLO;OSLO;;71.121 Byggeteknisk konsulentvirksomhet;1999-11-20;Takseringsvirksomhet i henhold til lover og regler i Norges Takseringsforbund. Tømrermester. Byggkonsulent, byggadministrasjon, prosjektansvarlig.;eiendom i formål
10;eiendom;TAKST INGENIORER DA;982047110;DA;e-post/telefon;firmapost@navn.no;95 06 59 09;navn.no;Skogveien 61B;1368;STABEKK;BÆRUM;;73.110 Reklamebyråvirksomhet;2000-06-20;Å lage internettsider med informasjon om taksering av domenenavn og selge annonseplass på sine internett sider til kommersielle aktører i markedet.;e-post i registeret + hjemmeside
10;eiendom;TAKST MÅLENG AS;995654539;AS;e-post/telefon;;;;Folkestadhøgda 12;1592;VÅLER I ØSTFOLD;VÅLER;0;74.990 All annen faglig, vitenskapelig og teknisk virksomhet ikke nevnt annet sted;2010-06-22;Takseringsvirksomhet.;AS (e-post lovlig)
10;eiendom;TAKST NOR AS;932165627;AS;e-post/telefon;;;;Øvre Skalstadvei 17;3340;ÅMOT;MODUM;0;70.200 Bedriftsrådgivning og annen administrativ rådgivning;2023-10-02;Salgskonsulent for bedrifter.;AS (e-post lovlig)
10;eiendom;TAKST OG BYGGETJENESTER - T. JOHANSEN;929159403;ENK;telefon/LinkedIn (ENK — ikke uanmodet e-post);;;;Hafslundveien 6A;0373;OSLO;OSLO;;71.121 Byggeteknisk konsulentvirksomhet;2022-05-13;Tjenester knyttet opp til takst og vedlikeholdsplanlegging. Salg og utleie av utstyr, varer og tjenester. Catering og andre servicetjenester.;eiendom i formål
10;eiendom;TAKST SKAL DU HA AS;830090622;AS;e-post/telefon;;466 71 083;;Blåbærstien 2C;1456;NESODDTANGEN;NESODDEN;;85.510 Undervisning innenfor idrett og rekreasjon;2022-10-25;Arrangere undervisning i discgolf/frisbeegolf, i form av treningsleire, sommerskoler, turneringer og andre relevante aktiviteter i inn- og utland.;AS (e-post lovlig)
10;eiendom;TAKST TEAM AS;911571757;AS;e-post/telefon;;;;Auglendsmyrå 11;4016;STAVANGER;STAVANGER;15;68.320 Eiendomsforvaltning på oppdrag;2013-02-16;Takseringsvirksomhet.;AS (e-post lovlig)
10;eiendom;TAKST TEAM HOLDING AS;934757254;AS;e-post/telefon;;;;Auglendsmyrå 11;4016;STAVANGER;STAVANGER;;68.320 Eiendomsforvaltning på oppdrag;2024-12-24;Holdingselskap.;AS (e-post lovlig)
10;eiendom;TAKST VEST LANDBRUK AS;912623882;AS;e-post/telefon;;;;Haugen 28;6879;SOLVORN;LUSTER;0;74.990 All annen faglig, vitenskapelig og teknisk virksomhet ikke nevnt annet sted;2013-10-23;Taksering av fast eigedom.;AS (e-post lovlig)
10;eiendom;TAKST ØST AS;912156435;AS;e-post/telefon;;;;Nygardsvegen 8B;2008;FJERDINGBY;RÆLINGEN;0;68.320 Eiendomsforvaltning på oppdrag;2013-06-29;Takseringsvirksomhet.;AS (e-post lovlig)
10;eiendom;TAKST-TEAM BODØ AS;976298896;AS;e-post/telefon;;75 53 06 70;;Trålveien 56;8013;BODØ;BODØ;0;71.121 Byggeteknisk konsulentvirksomhet;1996-04-24;Tilby taksttjenester ut fra kontorfellesskap samt hva hermed står i forbindelse, herunder oppkjøp og utvikling av annen forretningsvirksomhet.;AS (e-post lovlig)
10;eiendom;TAKST&TØMRERPARTNER AS;937343906;AS;e-post/telefon;;;;Hamangskogen 96;1338;SANDVIKA;BÆRUM;;71.121 Byggeteknisk konsulentvirksomhet;2026-03-12;Ingeniørtjenester.;AS (e-post lovlig)
10;eiendom;TAKSTCO AS;971203595;AS;e-post/telefon;;;;Bratliveien 12;1605;FREDRIKSTAD;FREDRIKSTAD;0;68.320 Eiendomsforvaltning på oppdrag;1995-03-12;Verdivurdering, taksering.;AS (e-post lovlig)
10;eiendom;TAKSTCON AS;913190572;AS;e-post/telefon;;;;Ringvegen 7;2816;GJØVIK;GJØVIK;0;74.990 All annen faglig, vitenskapelig og teknisk virksomhet ikke nevnt annet sted;2014-02-08;Salg av taksteringstjenester og andre tjenester som naturlig faller sammen med dette. Deltakelse i andre selskaper.;AS (e-post lovlig)
10;eiendom;TAKSTER AS;829311232;AS;e-post/telefon;;991 55 679;;Hidlesneset 30;5437;FINNÅS;BØMLO;0;74.990 All annen faglig, vitenskapelig og teknisk virksomhet ikke nevnt annet sted;2022-06-08;Uavhengig kontroll for tiltaksklasse 1.;AS (e-post lovlig)
10;eiendom;TAKSTER OG SKJØNN AS;986618929;AS;e-post/telefon;;76 94 04 67;;Einerveien 3;8517;NARVIK;NARVIK;;74.990 All annen faglig, vitenskapelig og teknisk virksomhet ikke nevnt annet sted;2004-03-08;Taksering og ingeniørtjenester, samt det som naturlig hører sammen med dette.;AS (e-post lovlig)
10;eiendom;TAKSTHUSET HAUGESUND AS;918532803;AS;e-post/telefon;;;;Tuhauggata 12;5525;HAUGESUND;HAUGESUND;0;74.990 All annen faglig, vitenskapelig og teknisk virksomhet ikke nevnt annet sted;2017-02-08;Takseringsvirksomhet.;AS (e-post lovlig)
10;eiendom;TAKSTHUSET TRØNDELAG AS;934946383;AS;e-post/telefon;;;;Dronning Åsas vei 6B;7040;TRONDHEIM;TRONDHEIM;;00.000 Uoppgitt;2025-01-30;Hylleselskap, opprettet for videresalg.;AS (e-post lovlig)
10;eiendom;TAKSTINGENIØR MATHIAS K. BJØRKE;930955957;ENK;telefon/LinkedIn (ENK — ikke uanmodet e-post);;;;Vesleslåttvegen 13;3580;GEILO;HOL;;68.320 Eiendomsforvaltning på oppdrag;2023-03-06;Takseringsvirksomhet - taksering av fast eiendom. Rådgivning.;eiendom i formål
10;eiendom;TAKSTINGENIØR MESEL AS;992305444;AS;e-post/telefon;;;;Spirekleiv 25;4957;RISØR;RISØR;0;41.000 Oppføring av bygninger;2008-03-03;Oppføring av bygninger, taksering og konsulenttjenester.;AS (e-post lovlig)
10;eiendom;TAKSTINGENIØR PÅL HAUG;933855406;ENK;telefon/LinkedIn (ENK — ikke uanmodet e-post);;;;Kjerulfs gate 35C;2000;LILLESTRØM;LILLESTRØM;;74.990 All annen faglig, vitenskapelig og teknisk virksomhet ikke nevnt annet sted;2024-07-31;Lovpålagte Tilstandsrapporter i forbindelse med boligsalg.;eiendom i formål
10;eiendom;TAKSTINGENIØR ROBERT DYB AS;937827911;AS;e-post/telefon;;;;Oksneset 3;6050;VALDERØYA;GISKE;;71.129 Annen teknisk konsulentvirksomhet;2026-06-04;Ingeniørtjenester.;AS (e-post lovlig)
10;eiendom;TAKSTKJEDEN HOLDING AS;921583397;AS;e-post/telefon;;;;Storgaten 81B;3060;SVELVIK;DRAMMEN;;74.990 All annen faglig, vitenskapelig og teknisk virksomhet ikke nevnt annet sted;2018-10-20;Investering i aksjer og verdipapirer.;AS (e-post lovlig)
10;eiendom;TAKSTKONTROLL AS;913702743;AS;e-post/telefon;;;;Bangdalsvegen 223;7820;SPILLUM;NAMSOS;;68.320 Eiendomsforvaltning på oppdrag;2014-06-02;Takseringsvirksomhet.;AS (e-post lovlig)
10;eiendom;TAKSTMANN - BYGGKONSULENT INGEBRIGTSEN;993345113;ENK;telefon/LinkedIn (ENK — ikke uanmodet e-post);;907 57 244;;Stølsmyrvegen 3;5542;KARMSUND;KARMØY;;68.320 Eiendomsforvaltning på oppdrag;2008-11-22;Takstering av eiendommer og konsulenttjenester innenfor eiendomsmarkedet.;eiendom i formål
10;eiendom;TAKSTMANN ARILD GRUNDETJERN AS;913377613;AS;e-post/telefon;;;;Auglandsveien 16D;4620;KRISTIANSAND S;KRISTIANSAND;0;41.000 Oppføring av bygninger;2014-03-17;Tømrer, takstmann.;AS (e-post lovlig)
10;eiendom;TAKSTMANN BERNT IVAR THORSEN;981439732;ENK;telefon/LinkedIn (ENK — ikke uanmodet e-post);;22 50 37 60;;Lindebergveien 36B;1358;JAR;BÆRUM;;71.121 Byggeteknisk konsulentvirksomhet;2000-01-20;Taksering av eiendom (FAST). Tilstandsanalyse av eiendom (FAST).;eiendom i formål
10;eiendom;TAKSTMANN BJARNE MEEL;981262077;ENK;telefon/LinkedIn (ENK — ikke uanmodet e-post);;67 54 73 74;;Tanumveien 126;1341;SLEPENDEN;BÆRUM;;68.320 Eiendomsforvaltning på oppdrag;1999-11-19;Takseringsvirksomhet i henhold til lover og regler i Norges Takseringsforbund. Tomte og eiendomsutvikling.;eiendom i formål
10;eiendom;TAKSTMANN BJØRN CHR. PEDERSEN;936781195;ENK;telefon/LinkedIn (ENK — ikke uanmodet e-post);;;;Ødegårdsveien 15;3231;SANDEFJORD;SANDEFJORD;;71.110 Arkitektvirksomhet;2025-12-15;Arkitekttjenester, bygg.;eiendom i formål
10;eiendom;TAKSTMANN EIRIK SETRAN;827429872;ENK;telefon/LinkedIn (ENK — ikke uanmodet e-post);;;;Sivert Thonstads vei 12A;7072;HEIMDAL;TRONDHEIM;;74.990 All annen faglig, vitenskapelig og teknisk virksomhet ikke nevnt annet sted;2021-07-16;Taksering, tilstandsvurdering, prosjektering, byggeledelse og alt som står i forbindelse med dette.;eiendom i formål
10;eiendom;TAKSTMANN ERLAND KOLSRUD-BAKKELUND;934159950;ENK;telefon/LinkedIn (ENK — ikke uanmodet e-post);;;;Nedre Presthågån 4;2862;FLUBERG;SØNDRE LAND;;68.320 Eiendomsforvaltning på oppdrag;2024-09-25;Taksering av fast eiendom.;eiendom i formål
10;eiendom;TAKSTMANN ESPEN MARTINSEN;985804257;ENK;telefon/LinkedIn (ENK — ikke uanmodet e-post);;97591411;;Holmesundveien 117;4920;STAUBØ;ARENDAL;0;68.320 Eiendomsforvaltning på oppdrag;2003-06-26;Takstmann samt noe byggevirksomhet.;eiendom i formål
10;eiendom;TAKSTMANN HANS PETTER BIØRNSTAD;946216402;ENK;telefon/LinkedIn (ENK — ikke uanmodet e-post);;;;c/o Takstsenteret A/S, Ringsveien 3;1368;STABEKK;BÆRUM;;74.990 All annen faglig, vitenskapelig og teknisk virksomhet ikke nevnt annet sted;1995-02-19;Takstmann. Konsulentbistand i forbindelse med fast eiendom.;eiendom i formål
10;eiendom;TAKSTMANN JACK MIKKELSEN;921981317;ENK;telefon/LinkedIn (ENK — ikke uanmodet e-post);;;;Sennagressbakken 14;9700;LAKSELV;PORSANGER;;68.320 Eiendomsforvaltning på oppdrag;2018-12-28;Verditaksering av boliger.;eiendom i formål
10;eiendom;TAKSTMANN OG KONSULENTSERVICE AS;930811424;AS;e-post/telefon;;;;Oalsgata 64;4319;SANDNES;SANDNES;0;43.221 Rørleggerarbeid;2023-02-10;Rørleggertjenester.;AS (e-post lovlig)
10;eiendom;TAKSTMANN OG TØMRER JARLE DALEN MYRENGEN;933085678;ENK;telefon/LinkedIn (ENK — ikke uanmodet e-post);;;;Hesteløkka 4;3282;KVELDE;LARVIK;;68.320 Eiendomsforvaltning på oppdrag;2024-02-27;Levere tilstandsrapporter for boligsalg. Diverse mindre tømrerarbeider samt kjøkkenmontering.;eiendom i formål
10;eiendom;TAKSTMANN OG TØMRERMESTER JARLE TORP AS;936893139;AS;e-post/telefon;;;;Åsveien 1;1543;VESTBY;VESTBY;;68.320 Eiendomsforvaltning på oppdrag;2026-01-26;Takstmann og bygningsmessig rådgivning.;AS (e-post lovlig)
10;eiendom;TAKSTMANN REINAR KARLSEN;970561889;ENK;telefon/LinkedIn (ENK — ikke uanmodet e-post);reinar@arnulfolsen.no;953 07 170;arnulfolsen.no;Gårdsalléen 2;8400;SORTLAND;SORTLAND;;74.990 All annen faglig, vitenskapelig og teknisk virksomhet ikke nevnt annet sted;1995-02-20;Taksering og konsulentvirksomhet samt annen virksomhet som naturlig faller inn under dette, herunder å delta i andre selskaper. Utleie av driftsmidler. Fotpleie og annen virksomhet som naturlig faller inn under dette.;e-post i registeret + hjemmeside
10;eiendom;TAKSTMANN ROBERT SOLBERG AS;930995282;AS;e-post/telefon;;;;Endevegen 12;2074;EIDSVOLL VERK;EIDSVOLL;;68.320 Eiendomsforvaltning på oppdrag;2023-03-09;Takseringsvirksomhet og andre tjenester som naturlig hører sammen med dette.;AS (e-post lovlig)
10;eiendom;TAKSTMANN SILIHAGEN-THON;931505998;ENK;telefon/LinkedIn (ENK — ikke uanmodet e-post);;;;Bjørnemyrsveien 9;1344;HASLUM;BÆRUM;;68.320 Eiendomsforvaltning på oppdrag;2023-06-02;Taksering av bolig.;eiendom i formål
10;eiendom;TAKSTMANN THORSEN;934026233;ENK;telefon/LinkedIn (ENK — ikke uanmodet e-post);;;;Luksefjellvegen 236B;3721;SKIEN;SKIEN;;68.320 Eiendomsforvaltning på oppdrag;2024-09-04;Taksering av boliger.;eiendom i formål
10;eiendom;TAKSTMANN ØYSTEIN EIDE;925114405;ENK;telefon/LinkedIn (ENK — ikke uanmodet e-post);;;;Bjørnavegen 129;5208;OS;BJØRNAFJORDEN;;68.320 Eiendomsforvaltning på oppdrag;2020-05-26;Verditakst, tilstandsrapport, verditakst bolig og fritidseiendom.;eiendom i formål
10;eiendom;TAKSTNETT AS;920898645;AS;e-post/telefon;;;;Libøvegen 64;3690;HJARTDAL;HJARTDAL;0;74.990 All annen faglig, vitenskapelig og teknisk virksomhet ikke nevnt annet sted;2018-06-20;Takseringstjenester.;AS (e-post lovlig)
10;eiendom;TAKSTPARTNER  DA;982591848;DA;e-post/telefon;;75 05 41 55;;;8813;LØKTA;DØNNA;;68.320 Eiendomsforvaltning på oppdrag;2000-12-06;Taksering av eiendommer. Utleie av fast eiendom og løsøre. Investeringer i finansielle anleggsmidler.;eiendom i formål
10;eiendom;TANDBERG TAKST OG EIENDOM;936343384;ENK;telefon/LinkedIn (ENK — ikke uanmodet e-post);;;;Stålverkskroken 36;0661;OSLO;OSLO;;68.320 Eiendomsforvaltning på oppdrag;2025-10-13;Taksering og utarbeidelse av tilstandsrapporter på fast eiendom.;eiendom i formål
10;eiendom;TANGEN TAKST;822889522;ENK;telefon/LinkedIn (ENK — ikke uanmodet e-post);;;;Tyrihansveien 14;8800;SANDNESSJØEN;ALSTAHAUG;;71.121 Byggeteknisk konsulentvirksomhet;2019-06-13;Taksering av eiendom Prosjektledelse og byggeledelse av byggeprosjekter. Konsulenttjenester innen bygg og anlegg. Håndverkstjenester innen tømrerfaget.;eiendom i formål
10;eiendom;TK TAKST AS;935778468;AS;e-post/telefon;;;;Tvetenveien 32;0666;OSLO;OSLO;;00.000 Uoppgitt;2025-06-30;Investering i aksjer og verdipapirer.;AS (e-post lovlig)
10;eiendom;TRENGEREID TAKST;933688712;ENK;telefon/LinkedIn (ENK — ikke uanmodet e-post);;915 54 560;;Kråkenesdalen 175;5153;BØNES;BERGEN;;68.320 Eiendomsforvaltning på oppdrag;2024-06-25;Taksering av bygg.;eiendom i formål
10;eiendom;TVEIT TAKST V/ PEDER TVEIT;994285564;ENK;telefon/LinkedIn (ENK — ikke uanmodet e-post);kontakt@tveit-takst.no;91513629;tveit-takst.no;Morkavegen 177;6982;HOLMEDAL;ASKVOLL;0;74.990 All annen faglig, vitenskapelig og teknisk virksomhet ikke nevnt annet sted;2009-07-14;Taksering av fast eigedom med tilhøyrande konsulenttenester, jordbruksverksemd med sauehald.;e-post i registeret + hjemmeside
10;eiendom;UNIVERSAL RØRCONSULT & TAKST AS;835467422;AS;e-post/telefon;;;;Rødtvetkroken 2A;0956;OSLO;OSLO;0;43.221 Rørleggerarbeid;2025-05-13;Rørleggertjenester.;AS (e-post lovlig)
10;eiendom;VALOR BYGG OG TAKSERINGSTJENESTER ESPEN EINAR SYVERSEN;821358442;ENK;telefon/LinkedIn (ENK — ikke uanmodet e-post);;;;Vestenga 20B;1413;TÅRNÅSEN;NORDRE FOLLO;;74.990 All annen faglig, vitenskapelig og teknisk virksomhet ikke nevnt annet sted;2018-09-07;Taksering og byggadministrasjon.;eiendom i formål
10;eiendom;VESTLANDSKE TAKST & TILSTANDS RAPPORT Gunnar Westrheim;976809335;ENK;telefon/LinkedIn (ENK — ikke uanmodet e-post);;;;Øvre Holen 40;5163;LAKSEVÅG;BERGEN;0;68.320 Eiendomsforvaltning på oppdrag;1996-10-16;Takst- og tilstandsrapporter av eiendommer.;eiendom i formål
10;eiendom;VESTRUM TAKSERING AS;931076388;AS;e-post/telefon;;;;Tiurkroken 16;2069;JESSHEIM;ULLENSAKER;0;68.320 Eiendomsforvaltning på oppdrag;2023-03-21;Taksering og rådgivning.;AS (e-post lovlig)
10;eiendom;VIKEN TAKST OG BEFARING JOSTEIN SILKEBÆKKEN;920196209;ENK;telefon/LinkedIn (ENK — ikke uanmodet e-post);;;;Dampsaga allé 22;2053;JESSHEIM;ULLENSAKER;;68.320 Eiendomsforvaltning på oppdrag;2018-01-05;Konsulenttjenester innen takst og befaring av eiendommer.;eiendom i formål
10;eiendom;VILHELMSEN TAKST & EIENDOM;934790812;ENK;telefon/LinkedIn (ENK — ikke uanmodet e-post);;;;Stemhaugvegen 8;5542;KARMSUND;KARMØY;;68.110 Kjøp og salg av egen fast eiendom;2025-01-05;Kjøp og salg av egen fast eiendom. Ingeniør- og prosjektledertjenester innen byggeprosjekter.;eiendom i formål
10;eiendom;VINESHAUGEN BYGG OG TAKST;932991322;ENK;telefon/LinkedIn (ENK — ikke uanmodet e-post);;;;Svindalsgutua 26;2162;BRÅRUD;NES;;71.121 Byggeteknisk konsulentvirksomhet;2024-02-12;Takst, byggesøknad, konsulentvirksomhet og enklere byggetjenester.;eiendom i formål
10;eiendom;WESTHEIM TAKST;836630122;ENK;telefon/LinkedIn (ENK — ikke uanmodet e-post);;;;Hellenvegen 6A;2040;KLØFTA;ULLENSAKER;;68.320 Eiendomsforvaltning på oppdrag;2025-11-27;Eiendomsforvaltning på vegne av andre.;eiendom i formål
10;eiendom;AA-TAKST OG RÅDGIVING AS;997883756;AS;e-post/telefon;;976 70 520;;c/o Arve Moltubakk;6070;TJØRVÅG;HERØY;;68.320 Eiendomsforvaltning på oppdrag;2012-01-25;Takstvirksomhet og økonomisk rådgivning.;AS (e-post lovlig)
10;eiendom;AAB TAKSERING/ FLISELEGGING Kjetil Hugsted;981539915;ENK;telefon/LinkedIn (ENK — ikke uanmodet e-post);;38 06 32 98;;Brattvoll platå 66;4658;TVEIT;KRISTIANSAND;;68.320 Eiendomsforvaltning på oppdrag;2000-02-14;Taksering av boliger.  Mur og flisarbeid.;eiendom i formål
10;eiendom;AABY TAKST AS;937067801;AS;e-post/telefon;;;;Vabråten 41;1392;VETTRE;ASKER;0;68.320 Eiendomsforvaltning på oppdrag;2026-01-30;Takstmann.;AS (e-post lovlig)
5;eiendom;AGRO TAKST V/ A TJELLESVIK;971342811;ENK;telefon/LinkedIn (ENK — ikke uanmodet e-post);atjelles@online.no;51 40 29 29;;Stasjonsveien 7;4460;MOI;LUND;;74.990 All annen faglig, vitenskapelig og teknisk virksomhet ikke nevnt annet sted;1995-02-20;Takst og eierskifte, forretningsmessig tjenesteyting, herunder rådgivning, finansiering, lån og investering.;e-post i registeret
5;eiendom;ARILD SØRBØ TAKSERING;981262360;ENK;telefon/LinkedIn (ENK — ikke uanmodet e-post);arsoerboe@online.no;35 94 76 39;;Folkestadvegen 17B;3800;BØ I TELEMARK;MIDT-TELEMARK;;71.121 Byggeteknisk konsulentvirksomhet;1999-11-20;Takseringsvirksomhet i henhold til lover og regler i Norges Takseringsforbund.;e-post i registeret
5;eiendom;FORDAL TAKSERING OG BYGNINGSRÅDGIVNING;930694010;ENK;telefon/LinkedIn (ENK — ikke uanmodet e-post);leif.fordal@outlook.com;915 10 808;;Storhaugveien 19;7240;HITRA;HITRA;;68.320 Eiendomsforvaltning på oppdrag;2023-01-23;Taksering og bygningsrådgivning.;e-post i registeret
5;eiendom;G1 TAKST SVEIN GADDERUD;971122862;ENK;telefon/LinkedIn (ENK — ikke uanmodet e-post);sg@takstsenteret.no;913 47 130;;Ringsveien 3;1368;STABEKK;BÆRUM;;68.320 Eiendomsforvaltning på oppdrag;1995-02-20;Taksering;e-post i registeret
5;eiendom;KJÆRSTAD TAKST OG TØMRERTJENESTER;994305093;ENK;telefon/LinkedIn (ENK — ikke uanmodet e-post);ktogt@live.no;402 31 876;;Kjærstadsletta 84;2022;GJERDRUM;GJERDRUM;;43.320 Snekkerarbeid;2009-07-08;Snekker. Tømrertjenester.;e-post i registeret
5;eiendom;MURMESTER & TAKSTMANN KJETIL BØRDALEN-ELSTAD;917741328;ENK;telefon/LinkedIn (ENK — ikke uanmodet e-post);takstmann.kjetil@outlook.com;938 42 661;;Brekketoppen 44;3077;SANDE I VESTFOLD;HOLMESTRAND;;43.990 Annen spesialisert bygge- og anleggsvirksomhet ikke nevnt annet sted;2016-09-20;Mur-, flis- og betongarbeider. Alt innen mureryrket. Takstmann.;e-post i registeret
5;eiendom;RAMBERG TAKST;995081768;ENK;telefon/LinkedIn (ENK — ikke uanmodet e-post);knut@bjerketangen.no;95249009;;Bjerketangen 34;3790;HELLE;KRAGERØ;0;68.320 Eiendomsforvaltning på oppdrag;2010-02-04;Taksttjenester og diverse konsulent virksomhet.;e-post i registeret
5;eiendom;RF TAKST Ingeniør Reidar Frydenbø;981775589;ENK;telefon/LinkedIn (ENK — ikke uanmodet e-post);rfrydenb@online.no;55 27 36 62;;Nylundsveien 33;5162;LAKSEVÅG;BERGEN;;68.320 Eiendomsforvaltning på oppdrag;2000-04-12;Taksering.;e-post i registeret
5;eiendom;SKJERVEN BRANN OG TAKSERING;926522981;ENK;telefon/LinkedIn (ENK — ikke uanmodet e-post);kes@sogn.no;907 25 678;;c/o Kåre Egil Skjerven, Sinklesteinsviki 19;6894;VANGSNES;VIK;;71.129 Annen teknisk konsulentvirksomhet;2021-02-04;Brannvern- og takseringstenester m/m.;e-post i registeret
5;eiendom;TAKST & BEFARINGSENTERET PÅL FOLKE SCHRØDE;997830865;ENK;telefon/LinkedIn (ENK — ikke uanmodet e-post);paal.schroder@mac.com;415 29 421;;Morells vei 25H;0487;OSLO;OSLO;;82.990 Annen forretningsmessig tjenesteyting ikke nevnt annet sted;2012-02-04;Management av audiovisuelle tjenester.;e-post i registeret
5;eiendom;TAKSTMANN KÅRE PRØITZ;929474295;ENK;telefon/LinkedIn (ENK — ikke uanmodet e-post);kaareproitz@gmail.com;913 50 112;;Skjebergveien 82B;1739;BORGENHAUGEN;SARPSBORG;;74.990 All annen faglig, vitenskapelig og teknisk virksomhet ikke nevnt annet sted;2022-07-09;Taksering og vedlikehold av bygninger.;e-post i registeret
5;eiendom;TAKSTPARTNER HOSLE;917380600;ENK;telefon/LinkedIn (ENK — ikke uanmodet e-post);haakon@takstpartner.no;984 83 118;;Ingiers vei 1A;1167;OSLO;OSLO;;74.990 All annen faglig, vitenskapelig og teknisk virksomhet ikke nevnt annet sted;2016-06-27;Takseringsvirksomhet.;e-post i registeret
5;eiendom;TØMMERMESTER INGENIØR TAKSTMANN MNTF JAN JENSEN;956157900;ENK;telefon/LinkedIn (ENK — ikke uanmodet e-post);j.willy@online.no;37 02 59 87;;Hauene 10;4844;ARENDAL;ARENDAL;;74.990 All annen faglig, vitenskapelig og teknisk virksomhet ikke nevnt annet sted;1995-02-19;Arkitekt, ingeniør/taktsmann MNTF.;e-post i registeret
0;eiendom;A-TAKST CATO ALEXANDER HOLMSEN;923955186;ENK;telefon/LinkedIn (ENK — ikke uanmodet e-post);;;;Storgaten 77;3060;SVELVIK;DRAMMEN;;74.990 All annen faglig, vitenskapelig og teknisk virksomhet ikke nevnt annet sted;2019-11-27;Takseringsvirksomhet.;
0;eiendom;ARKITEKT/DIPL.INGENIØR/TAKSTMANN EINAR CHRISTIAN HUNSTAD;981261844;ENK;telefon/LinkedIn (ENK — ikke uanmodet e-post);;22 49 04 60;;Sørkedalsveien 106;0378;OSLO;OSLO;;71.121 Byggeteknisk konsulentvirksomhet;1999-11-19;Takseringsvirksomhet i henhold til lover og regler i Norges Takseringsforbund.;
0;eiendom;ASLAM SOLID TAKST;936030858;ENK;telefon/LinkedIn (ENK — ikke uanmodet e-post);;;;Høybråtenveien 117;1088;OSLO;OSLO;;68.320 Eiendomsforvaltning på oppdrag;2025-08-25;Taksering og konsulentvirksomhet, samt det som naturlig hører sammen med dette, herunder også deltakelse i andre selskaper.;
0;eiendom;BERGENS GULLSMEDLAUG'S TAKSTNEVND ANS;980435806;ANS;e-post/telefon;;55 54 90 75;;Øvregaten 14;5003;BERGEN;BERGEN;;74.990 All annen faglig, vitenskapelig og teknisk virksomhet ikke nevnt annet sted;1999-02-12;Taksering av gull- og sølvvarer, og hva hermed er forbundet.;
0;eiendom;BERGMANN TAKST;935872235;ENK;telefon/LinkedIn (ENK — ikke uanmodet e-post);;;;Kranveien 20;0684;OSLO;OSLO;;71.129 Annen teknisk konsulentvirksomhet;2025-07-22;Ingeniørtjenester.;
0;eiendom;DØVRE MESTER-TAKST Magne J Døvre;981261992;ENK;telefon/LinkedIn (ENK — ikke uanmodet e-post);;67 13 32 24;;Glitterudveien 6;1352;KOLSÅS;BÆRUM;;71.121 Byggeteknisk konsulentvirksomhet;1999-11-19;Takseringsvirksomhet i henhold til lover og regler i Norges Takseringsforbund.;
0;eiendom;EDLER AGENTUR OG TAKSERING Dag Edler INNGÅR I DØDSBO;969977370;ENK;telefon/LinkedIn (ENK — ikke uanmodet e-post);;61175531;;Plassvingen 16;2819;GJØVIK;GJØVIK;;47.551 Detaljhandel med møbler, gjelder også madrasser;1995-02-20;Butikkhandel med møbler;
0;eiendom;EL-TAKST O KUFAAS / ISÅSEN;983862179;ENK;telefon/LinkedIn (ENK — ikke uanmodet e-post);;72 88 60 67;;Olastubakken 19;7224;MELHUS;MELHUS;;43.210 Elektrisk installasjonsarbeid;2001-11-14;El-takstering, elektroinstallatørvirksomhet og lignende.;
0;eiendom;GODVIK TAKSERING V/ROY GLOPPEN;930746967;ENK;telefon/LinkedIn (ENK — ikke uanmodet e-post);;;;Olsvikveien 170;5184;OLSVIK;BERGEN;;68.320 Eiendomsforvaltning på oppdrag;2023-01-31;Taksering av bygninger.;
0;eiendom;HANS GUNNAR HOLAND TAKST OG LANDBRUK;976075803;ENK;telefon/LinkedIn (ENK — ikke uanmodet e-post);;;;Holandsveien 7A;8920;SØMNA;SØMNA;0;01.420 Oppdrett av annet storfe til kjøttproduksjon og sædproduksjon;1996-06-03;Storfekjøttproduksjon. Landbrukstakst.;
0;eiendom;HERSTAD TAKSERING V/KENNETH VEDVIK;935245605;ENK;telefon/LinkedIn (ENK — ikke uanmodet e-post);;;;Røsselgata 42;3140;NØTTERØY;FÆRDER;;71.129 Annen teknisk konsulentvirksomhet;2025-05-28;Ingeniørtjenester.;
0;eiendom;HVALER MOTOR - TAKST & SERVICETJENESTER BJØRGE;934574842;ENK;telefon/LinkedIn (ENK — ikke uanmodet e-post);;;;Utgårdsveien 8;1684;VESTERØY;HVALER;;95.310 Reparasjon og vedlikehold av motorvogner;2024-12-02;Reparasjon og vedlikehold av motor og fremkomstmiddel. Takst & Servicetjenester.;
0;eiendom;HAARR TAKST;928577937;ENK;telefon/LinkedIn (ENK — ikke uanmodet e-post);;;;Haugtussavegen 21;4344;BRYNE;TIME;;74.990 All annen faglig, vitenskapelig og teknisk virksomhet ikke nevnt annet sted;2022-01-20;Takst.;
0;bil/marine/maskin;INNLANDET BYGG OG TAKST AS;918449205;AS;e-post/telefon;kamil@ibtakst.no;930 19 932;innlandetbyggogtakst.no;Vest-Torprunden 1167;2870;DOKKA;NORDRE LAND;0;68.320 Eiendomsforvaltning på oppdrag;2017-01-26;Taksering og rådgivning innen bygg og annet som står i forbindelse med dette. Oppføring av bygninger og utleie av maskiner og utstyr.;eiendom i formål + AS (e-post lovlig) + e-post i registeret + hjemmeside + feil segment
0;eiendom;KARLSEN TAKSTIGER OG TILBEHØR;934798252;ENK;telefon/LinkedIn (ENK — ikke uanmodet e-post);;;;Grovavegen 22;7300;ORKANGER;ORKLAND;;41.000 Oppføring av bygninger;2025-01-06;Tømrer, oppføring og vedlikehold av bygninger.;
0;eiendom;KARRESTAD TAKST;934125614;ENK;telefon/LinkedIn (ENK — ikke uanmodet e-post);;;;Gneisveien 7;1784;HALDEN;HALDEN;;68.320 Eiendomsforvaltning på oppdrag;2024-09-19;Taksering.;
0;eiendom;KNUT T GEERTSEN TAKSERING;932849941;ENK;telefon/LinkedIn (ENK — ikke uanmodet e-post);;;;Eikelund 75;3083;HOLMESTRAND;HOLMESTRAND;;74.990 All annen faglig, vitenskapelig og teknisk virksomhet ikke nevnt annet sted;2024-01-18;Takseringsvirksomhet.;
0;eiendom;NARVIK EL TAKST OG INSTALLASJON Brynjulf Kjelland;970924159;ENK;telefon/LinkedIn (ENK — ikke uanmodet e-post);;;;Lyngveien 2;8514;NARVIK;NARVIK;;43.210 Elektrisk installasjonsarbeid;1995-02-20;El.takst og el.installasjon.;
0;eiendom;OSLO TAKST-KONTOR SINSENVEIEN DA;980348032;DA;e-post/telefon;;23 23 08 23;;Sinsenveien 6;0572;OSLO;OSLO;;71.121 Byggeteknisk konsulentvirksomhet;1999-01-06;Takstsering og konsulentvirksomhet.;
0;eiendom;SIVILINGENIØR TAKSTMANN ERIK ALHAUG;981262131;ENK;telefon/LinkedIn (ENK — ikke uanmodet e-post);;62 52 78 02;;Gunnars gate 12;2315;HAMAR;HAMAR;;71.121 Byggeteknisk konsulentvirksomhet;1999-12-01;Takseringsvirksomhet i henhold til lover og regler i Norges Takseringsforbund.;
0;eiendom;SLÅTTA TAKST;920796982;ENK;telefon/LinkedIn (ENK — ikke uanmodet e-post);;;;Ørvellavegen 1;3692;SAULAND;HJARTDAL;;81.230 Annen rengjøringsvirksomhet og snømåking;2018-04-27;Tjenester til anleggsbransjen. Blandt annet vedlikehold, renhold og skilting. Veivedlikehold, trafikkdirigering og følgebil. Konsulentvirksomhet vedrørende private dødsbo/skifte. Taksering, råd og veiledning angående private og offentlige auksjoner.;
0;eiendom;STRAND TAKST OG CONSULTING;933357066;ENK;telefon/LinkedIn (ENK — ikke uanmodet e-post);;;;Kastanjeveien 12;1816;SKIPTVET;SKIPTVET;;71.129 Annen teknisk konsulentvirksomhet;2024-04-24;Rådgivning innen industri.;
0;eiendom;STRØM TAKST & ANALYSE;936877001;ENK;telefon/LinkedIn (ENK — ikke uanmodet e-post);;;;Gregorius Dagssons gate 230;3712;SKIEN;SKIEN;;71.129 Annen teknisk konsulentvirksomhet;2025-12-23;Ingeniørtjenester.;
0;eiendom;TAKSTINGENIØR LEIF VONKA;979878494;ENK;telefon/LinkedIn (ENK — ikke uanmodet e-post);;78 99 68 95;;Karpdalsveien 294;9911;JARFJORD;SØR-VARANGER;0;01.410 Melkeproduksjon på storfe og oppdrett av melkekyr;1998-05-20;Gårdsbruk, kjøtt- og melkeprodusent. Salg av tremateriale og trevirke, samt andre treprodukter. Import, deklerasjon og kjøp.;
0;eiendom;TAKSTINGENIØR OLAF LUNDGREN;936612423;ENK;telefon/LinkedIn (ENK — ikke uanmodet e-post);;;;Kvernevikstemma 4;5114;TERTNES;BERGEN;;71.129 Annen teknisk konsulentvirksomhet;2025-11-19;Ingeniørtjenester.;
0;eiendom;TAKSTMANN ANDERS TANDBERG;917315655;ENK;telefon/LinkedIn (ENK — ikke uanmodet e-post);;;;Logredammen 17;1626;MANSTAD;FREDRIKSTAD;;68.320 Eiendomsforvaltning på oppdrag;2016-06-15;Takstmann.;
0;eiendom;TAKSTMANN ANNFINN HELLEBERG;970273468;ENK;telefon/LinkedIn (ENK — ikke uanmodet e-post);;35 09 43 00;;Sam Eydes gate 217;3660;RJUKAN;TINN;;66.210 Risiko- og skadevurdering;1995-02-20;Takstmannsvirksomhet.;
0;eiendom;TAKSTMANN ARNFINN SKÅLEVIK;981263510;ENK;telefon/LinkedIn (ENK — ikke uanmodet e-post);;55 53 06 00;;Indre Arna-vegen 90;5261;INDRE ARNA;BERGEN;;71.121 Byggeteknisk konsulentvirksomhet;1999-11-22;Takseringsvirksomhet i henhold til lover og regler i Norges Takseringsforbund.;
0;eiendom;TAKSTMANN B GJESSVÅG;972406155;ENK;telefon/LinkedIn (ENK — ikke uanmodet e-post);;;;Storgata 53;3182;HORTEN;HORTEN;;74.990 All annen faglig, vitenskapelig og teknisk virksomhet ikke nevnt annet sted;1995-02-20;Taksering av innbo og løsøre.;
0;eiendom;TAKSTMANN CHRISTIAN F. KLAVENESS;916906390;ENK;telefon/LinkedIn (ENK — ikke uanmodet e-post);;;;Nordraaks gate 1A;0266;OSLO;OSLO;;74.990 All annen faglig, vitenskapelig og teknisk virksomhet ikke nevnt annet sted;2016-03-17;Selvstendig takstmann.;
0;eiendom;TAKSTMANN JON STENSRUD;924330635;ENK;telefon/LinkedIn (ENK — ikke uanmodet e-post);;;;Årkvislaveien 4A;3402;LIER;LIER;;74.990 All annen faglig, vitenskapelig og teknisk virksomhet ikke nevnt annet sted;2020-01-02;Taksering og tømrerarbeid.;
0;eiendom;TAKSTMANN MATS HANSEN;920641849;ENK;telefon/LinkedIn (ENK — ikke uanmodet e-post);;;;Lyngfaret 72B;5172;LODDEFJORD;BERGEN;;68.320 Eiendomsforvaltning på oppdrag;2018-03-21;Takseringsvirksomhet.;
0;eiendom;TAKSTMANN NORDBY;933439119;ENK;telefon/LinkedIn (ENK — ikke uanmodet e-post);;;;Skullerudveien 77;1188;OSLO;OSLO;;68.320 Eiendomsforvaltning på oppdrag;2024-05-13;Taksering. Befaring.;
0;eiendom;TAKSTMANN O. HAGEN;929145461;ENK;telefon/LinkedIn (ENK — ikke uanmodet e-post);;;;Åsmosvingen 26;2052;JESSHEIM;ULLENSAKER;;68.320 Eiendomsforvaltning på oppdrag;2022-05-04;Takstmann. Skriving av tistandsrapport. Konsulentvirksomhet i forhold til overflatebehandling.;
0;eiendom;TEIGLAND TAKST;921967276;ENK;telefon/LinkedIn (ENK — ikke uanmodet e-post);;;;Vardeveien 107C;5141;FYLLINGSDALEN;BERGEN;;74.990 All annen faglig, vitenskapelig og teknisk virksomhet ikke nevnt annet sted;2018-12-20;Takseringsvirksomhet.;
0;eiendom;TOMAS FJELLET TAKSTEIN REHAB;931144413;ENK;telefon/LinkedIn (ENK — ikke uanmodet e-post);;;;Skjelbekkåsen 65;3720;SKIEN;SKIEN;;81.220 Utvendig rengjøring av bygninger og industriell rengjøring;2023-03-30;Rengjøring, vekstbehandling og fornying av takstein.;
0;eiendom;WINDUM TAKST;833701592;ENK;telefon/LinkedIn (ENK — ikke uanmodet e-post);;;;Sydoverveien 9B;1900;FETSUND;LILLESTRØM;;74.990 All annen faglig, vitenskapelig og teknisk virksomhet ikke nevnt annet sted;2024-06-27;Taksttjenester.;
-5;bil/marine/maskin;BILBEN TAKSERING AS;914079616;AS;e-post/telefon;bebilben@me.com;917 08 067;;Høybyveien 61;3517;HØNEFOSS;RINGERIKE;0;74.990 All annen faglig, vitenskapelig og teknisk virksomhet ikke nevnt annet sted;2014-08-29;Eiendomstaksering.;eiendom i formål + AS (e-post lovlig) + e-post i registeret + feil segment
-5;bil/marine/maskin;FARSTAD TAKSERING AS;941857248;AS;e-post/telefon;id-fa@online.no;911 63 965;;Hatlebakken 40;6440;ELNESVÅGEN;HUSTADVIKA;0;74.990 All annen faglig, vitenskapelig og teknisk virksomhet ikke nevnt annet sted;1995-03-12;Bygg- og anleggstjenester herunder takst av eiendom, utleie, kjøp og salg av fast eiendom, eiendomsforvaltning, utleie av bobil, kjøp og salg av verdipapirer, samt alt som står i forbindelse med dette.;eiendom i formål + AS (e-post lovlig) + e-post i registeret + feil segment
-5;bil/marine/maskin;LIE BYGG & TAKST AS;994233351;AS;e-post/telefon;morten@liebygg.no;412 91 275;;Storgata 50;2870;DOKKA;NORDRE LAND;0;71.121 Byggeteknisk konsulentvirksomhet;2009-06-30;Taksering av eiendommer, utleie av maskiner og utstyr.;eiendom i formål + AS (e-post lovlig) + e-post i registeret + feil segment
-5;bil/marine/maskin;LOM TAKST AS;922202907;AS;e-post/telefon;thorstein@sgsbygg.no;917 18 032;;Ottadalsvegen 5046;2685;GARMO;LOM;0;68.320 Eiendomsforvaltning på oppdrag;2019-02-14;Utarbeidelse av tilstandsrapport og verditakst av fast eiendom, og andre tjenester som naturlig hører sammen med dette. Utleie av maskiner og utstyr.;eiendom i formål + AS (e-post lovlig) + e-post i registeret + feil segment
-5;bil/marine/maskin;MESTER1 TAKST AS;993831352;AS;e-post/telefon;thomstoraunet@outlook.com;911 37 964;;Lauvhammersvingen 2;7820;SPILLUM;NAMSOS;0;74.990 All annen faglig, vitenskapelig og teknisk virksomhet ikke nevnt annet sted;2009-03-07;Konsulent, taksering og andre tjenester innen bygg og anlegg. Kjøp og salg av kjøretøy og maskiner, samt utleie av disse.;eiendom i formål + AS (e-post lovlig) + e-post i registeret + feil segment
-10;bil/marine/maskin;HELVIG TAKST AS;936974554;AS;e-post/telefon;;;;c/o Tore Helvig, Skudeviga 31;4625;FLEKKERØY;KRISTIANSAND;0;68.320 Eiendomsforvaltning på oppdrag;2026-01-15;Taksering av bolig. Håndverkertjenester. Sveisearbeid. Service på båt og motor.;eiendom i formål + AS (e-post lovlig) + feil segment
-10;bil/marine/maskin;M2 TAKST AS;913060881;AS;e-post/telefon;;;;c/o Andreas Natvig, Sleipners vei 9;4631;KRISTIANSAND S;KRISTIANSAND;0;74.990 All annen faglig, vitenskapelig og teknisk virksomhet ikke nevnt annet sted;2014-01-13;Taksering av boliger, tilstandsrapporter og alt det som står i forbindelse med dette. I tillegg drive med import, kjøp, salg av biler samt konsulenttjenester.;eiendom i formål + AS (e-post lovlig) + feil segment
-10;bil/marine/maskin;MYRVANG TAKST AS;926504479;AS;e-post/telefon;;;;Snemyrveien 1;9154;STORSLETT;NORDREISA;0;68.320 Eiendomsforvaltning på oppdrag;2021-02-02;Taksttjenester innen faste eiendom, maskiner, løsøre og konsulenttjenester.;eiendom i formål + AS (e-post lovlig) + feil segment
-10;bil/marine/maskin;STOKKE TAKST- OG BYGGSERVICE AS;920983308;AS;e-post/telefon;;;;c/o Trude & Jan Arve Stokke, Stortrehaugveien 7;7113;HUSBYSJØEN;INDRE FOSEN;0;41.000 Oppføring av bygninger;2018-06-12;Tømrervirksomhet. Transport med og utleie av båt.;eiendom i formål + AS (e-post lovlig) + feil segment
-10;bil/marine/maskin;TAKST I NORD AS;921011598;AS;e-post/telefon;;;;Steienveien 238;9360;BARDU;BARDU;;68.320 Eiendomsforvaltning på oppdrag;2018-06-15;Taksttjenester innen faste eiendom, maskiner, løsøre og konsulenttjenester.;eiendom i formål + AS (e-post lovlig) + feil segment
-10;bil/marine/maskin;TELEMARK BYGG & TAKSERING AS;997212185;AS;e-post/telefon;;;;Drangedalsveien 1116;3760;NESLANDSVATN;DRANGEDAL;;68.320 Eiendomsforvaltning på oppdrag;2011-08-11;Takseringstjenester, snekker og maskinarbeid, utleie av maskiner og utstyr. Deltakelse i andre selskaper.;eiendom i formål + AS (e-post lovlig) + feil segment
-10;bil/marine/maskin;TRØNDELAG TAKST AS;923005870;AS;e-post/telefon;;;;Sjøbygdvegen 174;7655;VERDAL;VERDAL;0;68.320 Eiendomsforvaltning på oppdrag;2019-07-02;Taksering av fast eiendom, inventar og utstyr og rådgivende konsulentbistand. Utleie av maskiner og utstyr.;eiendom i formål + AS (e-post lovlig) + feil segment
-15;bil/marine/maskin;ØDDA TAKST DA;984082932;DA;e-post/telefon;post@oddatakst.no;32 07 76 24;;Osloveien 6;1534;MOSS;MOSS;;68.320 Eiendomsforvaltning på oppdrag;2002-01-31;Eiendomsmekling. Taksering av fast eiendom, maskiner og utstyr. Kjøp, salg, utleie og drift av fast eiendom. Investering og deltakelse i andre selskaper.;eiendom i formål + e-post i registeret + feil segment
-20;bil/marine/maskin;ARE WIIG, BÅT OG TAKST;993222712;ENK;telefon/LinkedIn (ENK — ikke uanmodet e-post);are@batogtakst.no;32 79 01 33;batogtakst.no;Myhres gate 4;3060;SVELVIK;DRAMMEN;;74.990 All annen faglig, vitenskapelig og teknisk virksomhet ikke nevnt annet sted;2008-10-20;Taksering av båter, rådgivning vedrørende fritidsbåter, frakt av båter på egen kjøl, montering av utstyr.;e-post i registeret + hjemmeside + feil segment
-20;bil/marine/maskin;BJØRGULFSEN BÅT OG TAKST;994545906;ENK;telefon/LinkedIn (ENK — ikke uanmodet e-post);wetlebjo@online.no;971 61 796;www.battakst.com;Vauerveien 22;1684;VESTERØY;HVALER;;74.990 All annen faglig, vitenskapelig og teknisk virksomhet ikke nevnt annet sted;2009-09-21;Taksering av båt og annen båtrelatert virksomhet, samt servicetjenester i forbindelse med dette.;e-post i registeret + hjemmeside + feil segment
-20;bil/marine/maskin;NORSK BÅT-TAKSERING AS;936304311;AS;e-post/telefon;;;;Marinabakken 51;1538;MOSS;MOSS;;74.990 All annen faglig, vitenskapelig og teknisk virksomhet ikke nevnt annet sted;2025-10-03;Verdivurdering av båter - takstmann.;AS (e-post lovlig) + feil segment
-20;bil/marine/maskin;TAKST OG KONTROLLSERVICE AS;936645283;AS;e-post/telefon;;;;Bekkegata 8A;3513;HØNEFOSS;RINGERIKE;0;71.200 Teknisk prøving og analyse;2025-11-27;Taksering og kontroller av kjøretøy og caravan.;AS (e-post lovlig) + feil segment
-20;bil/marine/maskin;TAKSTINGENIØR OTTO SKEVIK;991936807;ENK;telefon/LinkedIn (ENK — ikke uanmodet e-post);o-skevik@online.no;35 01 32 35;www.nito//takst;Sagdalen 2;3675;NOTODDEN;NOTODDEN;;74.990 All annen faglig, vitenskapelig og teknisk virksomhet ikke nevnt annet sted;2007-11-13;Taksering av maskiner i industri og landbruk til produksjon og drift.;e-post i registeret + hjemmeside + feil segment
-30;bil/marine/maskin;BENJAMINSEN TAKST;934935187;ENK;telefon/LinkedIn (ENK — ikke uanmodet e-post);;;;Kapellveien 6;1850;MYSEN;INDRE ØSTFOLD;;74.990 All annen faglig, vitenskapelig og teknisk virksomhet ikke nevnt annet sted;2025-02-04;Taksering av personbil, motorsykkel, busser, båter og campingvogner mm. Salg av hifi utstyr. Produksjon.;feil segment
-30;bil/marine/maskin;BILSAKKYNDIG TAKSERING - BORGHOLT;921962703;ENK;telefon/LinkedIn (ENK — ikke uanmodet e-post);;;;c/o Birger Emil Borgholt, Olav Nygards veg 122;0688;OSLO;OSLO;;74.990 All annen faglig, vitenskapelig og teknisk virksomhet ikke nevnt annet sted;2018-12-19;Taksere inntauede kjøretøyer for Bymiljøetaten, Oslo kommune.;feil segment
-30;bil/marine/maskin;BRUÅS BÅT OG TAKST;928500268;ENK;telefon/LinkedIn (ENK — ikke uanmodet e-post);;;;Camilla Colletts gate 8;5052;BERGEN;BERGEN;;74.990 All annen faglig, vitenskapelig og teknisk virksomhet ikke nevnt annet sted;2022-01-06;Bruktbåtvurdering/konsulettjenester.;feil segment
-30;bil/marine/maskin;HEDLUND TAKST OG RÅDGIVNING;938158037;ENK;telefon/LinkedIn (ENK — ikke uanmodet e-post);;;;Holeveien 92;3275;SVARSTAD;LARVIK;;;2026-07-25;Reparasjon og vedlikehold av biler.;feil segment
-30;bil/marine/maskin;TAKSTMANN BJARTE BJØRSVIK;919262230;ENK;telefon/LinkedIn (ENK — ikke uanmodet e-post);;;;Lokketovegen 12;5136;MJØLKERÅEN;BERGEN;;74.990 All annen faglig, vitenskapelig og teknisk virksomhet ikke nevnt annet sted;2017-07-06;Takseringsvirksomhet og utleie av biler.;feil segment
-30;bil/marine/maskin;TAKSTMANN KRISTOFFERSEN;919662298;ENK;telefon/LinkedIn (ENK — ikke uanmodet e-post);;;;Birthes vei 2;3320;VESTFOSSEN;ØVRE EIKER;;74.990 All annen faglig, vitenskapelig og teknisk virksomhet ikke nevnt annet sted;2017-10-03;Taksering av kjøretøy og konsulenttjenester.;feil segment